version 1
nodes
0 "Hands biped" -1
1 "Bip01 Pelvis" 0
2 "Bip01 Spine" 1
3 "Bip01 Spine1" 2
4 "Bip01 Spine2" 3
5 "Bip01 Spine3" 4
6 "Bip01 Neck" 5
7 "Bip01 L Arm" 6
8 "Bip01 L Arm1" 7
9 "Bip01 L Arm2" 8
10 "Bip01 L Hand" 9
11 "Bip01 L Finger0" 10
12 "Bip01 L Finger01" 11
13 "Bip01 L Finger02" 12
14 "Bip01 L Finger1" 10
15 "Bip01 L Finger11" 14
16 "Bip01 L Finger12" 15
17 "Bip01 L Finger2" 10
18 "Bip01 L Finger21" 17
19 "Bip01 L Finger22" 18
20 "Bip01 L Finger3" 10
21 "Bip01 L Finger31" 20
22 "Bip01 L Finger32" 21
23 "Bip01 L Finger4" 10
24 "Bip01 L Finger41" 23
25 "Bip01 L Finger42" 24
26 "Bip01 R Arm" 6
27 "Bip01 R Arm1" 26
28 "Bip01 R Arm2" 27
29 "Bip01 R Hand" 28
30 "Bip01 R Finger0" 29
31 "Bip01 R Finger01" 30
32 "Bip01 R Finger02" 31
33 "Bip01 R Finger1" 29
34 "Bip01 R Finger11" 33
35 "Bip01 R Finger12" 34
36 "Bip01 R Finger2" 29
37 "Bip01 R Finger21" 36
38 "Bip01 R Finger22" 37
39 "Bip01 R Finger3" 29
40 "Bip01 R Finger31" 39
41 "Bip01 R Finger32" 40
42 "Bip01 R Finger4" 29
43 "Bip01 R Finger41" 42
44 "Bip01 R Finger42" 43
45 "Bone01" 29
46 "Bone02" 45
47 "Box02" -1
end
skeleton
time 0
0  -1.881380 7.691641 -22.602280  0.000000 -0.000000 -1.553390
1  0.000000 0.000000 0.000002  -1.570795 -1.570796 0.000000
2  1.326318 -0.003921 0.000002  -0.000004 -0.000001 0.000796
3  4.926312 -0.003923 0.000000  0.000000 -0.000000 -0.000000
4  4.926314 -0.003923 -0.000000  0.000000 0.000000 -0.000000
5  4.926315 -0.003923 0.000001  0.000000 -0.000000 0.000000
6  4.926318 -0.001510 -0.000000  0.000000 -0.000000 0.000000
7  -0.000001 0.001503 1.894737  0.625521 -0.725277 2.694015
8  4.926316 0.000004 0.000003  -0.752745 0.392315 -1.059245
9  11.368426 0.000006 0.000000  -0.000001 -0.000000 -0.705995
10  11.368418 0.000001 0.000000  -2.596353 -0.095002 0.238693
11  1.126230 0.104071 -1.358370  2.320138 0.490178 0.709856
12  2.373628 -0.000008 0.000000  0.000001 -0.000001 0.392485
13  1.071900 0.000003 -0.000000  0.000000 0.000000 0.017445
14  3.789473 -0.000956 -1.136841  0.063529 0.143680 0.423160
15  1.136842 -0.000003 -0.000001  -0.000000 0.000000 0.505884
16  1.136839 -0.000003 0.000001  -0.000000 -0.000000 0.680333
17  3.789471 -0.000353 -0.378949  0.022872 0.075107 0.306088
18  1.326316 -0.000000 -0.000001  -0.000000 0.000000 0.610547
19  1.326319 0.000003 0.000000  0.000000 -0.000000 1.003026
20  3.789471 0.000248 0.378947  -0.000684 0.000409 0.540749
21  1.136845 0.000001 -0.000000  -0.000000 0.000000 0.540775
22  1.136843 -0.000002 -0.000000  -0.000000 -0.000000 0.846016
23  3.789469 0.000849 1.136841  -0.057805 -0.136622 0.396498
24  0.947373 0.000004 -0.000002  0.000000 -0.000000 0.976870
25  0.947370 -0.000000 0.000001  0.000000 0.000000 0.732629
26  -0.000001 0.001512 -1.894737  -0.000010 1.370797 3.140787
27  4.926314 -0.000004 -0.000000  1.197015 -0.642467 -1.509105
28  11.368423 -0.000005 -0.000000  -0.000000 0.000000 -0.732050
29  11.368422 -0.000010 -0.000001  1.610009 0.223271 0.178928
30  1.126227 0.104093 1.358371  -2.504355 -0.141488 0.818509
31  2.373625 -0.000003 -0.000000  -0.000002 0.000001 0.505855
32  1.071903 0.000006 -0.000001  0.000000 -0.000000 0.785000
33  3.789472 -0.000880 1.136844  -0.033447 -0.153436 0.220569
34  1.136845 0.000000 -0.000002  -0.000000 0.000000 0.322721
35  1.136843 -0.000002 -0.000001  0.000000 -0.000000 0.627981
36  3.789469 -0.000277 0.378950  -0.029966 -0.072567 0.402282
37  1.326315 0.000001 -0.000000  0.000001 -0.000001 0.584389
38  1.326317 -0.000001 0.000000  -0.000000 0.000000 1.343180
39  3.789472 0.000329 -0.378944  0.000745 -0.000290 0.383779
40  1.136845 -0.000001 -0.000000  0.000000 -0.000000 0.680332
41  1.136846 -0.000002 -0.000001  0.000000 0.000000 1.151298
42  3.789471 0.000929 -1.136840  0.042728 0.028628 0.286082
43  0.947369 -0.000001 -0.000000  0.000000 -0.000000 0.758811
44  0.947369 -0.000001 0.000000  0.000000 -0.000000 0.854752
45  0.628263 1.045220 0.151089  1.674810 -1.370795 -0.003926
46  2.477388 -0.246917 -0.042970  -0.000000 0.000000 0.000000
47  -5.049473 -8.214188 -21.911999  1.623130 -0.261804 1.588307
time 1
0  -1.881380 7.691641 -22.602280  0.000000 -0.000000 -1.553390
1  0.000000 0.000000 0.000002  -1.570795 -1.570796 0.000000
2  1.326318 -0.003921 0.000002  -0.000004 -0.000001 0.000796
3  4.926312 -0.003923 0.000000  0.000000 -0.000000 -0.000000
4  4.926314 -0.003923 -0.000000  0.000000 0.000000 -0.000000
5  4.926315 -0.003923 0.000001  0.000000 -0.000000 0.000000
6  4.926318 -0.001510 -0.000000  0.000000 -0.000000 0.000000
7  -0.000001 0.001503 1.894737  0.625521 -0.725277 2.694015
8  4.926316 0.000004 0.000003  -0.743189 0.407962 -1.032156
9  11.368427 0.000006 -0.000000  -0.000001 -0.000001 -0.729499
10  11.368418 0.000000 0.000001  -2.534086 -0.095002 0.238693
11  1.126230 0.104069 -1.358370  2.320138 0.490178 0.709856
12  2.373627 -0.000006 -0.000000  0.000002 -0.000001 0.392485
13  1.071901 0.000003 0.000000  0.000000 0.000000 0.017445
14  3.789474 -0.000956 -1.136842  0.063529 0.143680 0.423160
15  1.136842 -0.000001 -0.000001  -0.000000 0.000000 0.505884
16  1.136842 -0.000003 -0.000000  -0.000000 -0.000000 0.680333
17  3.789472 -0.000352 -0.378951  0.022872 0.075108 0.306088
18  1.326314 0.000001 -0.000000  -0.000000 0.000000 0.610547
19  1.326318 0.000000 -0.000001  -0.000000 -0.000000 1.003026
20  3.789468 0.000249 0.378945  -0.000684 0.000409 0.540749
21  1.136843 0.000001 -0.000000  -0.000000 0.000000 0.540775
22  1.136842 -0.000000 0.000000  -0.000000 -0.000000 0.846016
23  3.789469 0.000849 1.136839  -0.057805 -0.136622 0.396498
24  0.947373 0.000003 0.000000  0.000000 -0.000000 0.976870
25  0.947369 -0.000000 0.000001  0.000000 0.000000 0.732629
26  -0.000001 0.001512 -1.894737  -0.000010 1.370797 3.140787
27  4.926314 -0.000004 -0.000000  1.191487 -0.651850 -1.493681
28  11.368423 -0.000005 -0.000001  -0.000000 0.000000 -0.754705
29  11.368423 -0.000010 -0.000001  1.650259 0.201500 0.166949
30  1.126227 0.104093 1.358369  -2.477717 -0.147912 0.824665
31  2.373625 -0.000004 0.000000  -0.000002 0.000001 0.493327
32  1.071903 0.000007 -0.000001  0.000000 -0.000000 0.746302
33  3.789474 -0.000880 1.136842  -0.033447 -0.153436 0.220569
34  1.136843 -0.000000 -0.000000  -0.000000 0.000000 0.322721
35  1.136841 0.000001 -0.000001  0.000000 -0.000000 0.627981
36  3.789470 -0.000277 0.378949  -0.029966 -0.072567 0.402282
37  1.326317 0.000001 -0.000003  0.000001 -0.000001 0.584389
38  1.326316 0.000000 0.000000  -0.000000 0.000000 1.343180
39  3.789473 0.000329 -0.378946  0.000745 -0.000290 0.383779
40  1.136845 0.000000 0.000002  0.000000 -0.000000 0.680332
41  1.136847 -0.000000 0.000001  0.000000 0.000000 1.151298
42  3.789473 0.000930 -1.136842  0.042728 0.028628 0.286082
43  0.947368 -0.000001 0.000001  0.000000 -0.000000 0.758811
44  0.947371 -0.000002 -0.000000  0.000000 -0.000000 0.854752
45  0.628263 1.045220 0.151088  1.674810 -1.370795 -0.003926
46  2.477387 -0.246917 -0.042971  -0.000000 0.000000 0.000000
47  -5.049473 -8.214188 -21.911999  1.623130 -0.261804 1.588307
time 2
0  -1.881380 7.691641 -22.602280  0.000000 -0.000000 -1.553390
1  0.000000 0.000000 0.000002  -1.570795 -1.570796 0.000000
2  1.326318 -0.003921 0.000002  -0.000004 -0.000001 0.000796
3  4.926312 -0.003923 0.000000  0.000000 -0.000000 -0.000000
4  4.926314 -0.003923 -0.000000  0.000000 0.000000 -0.000000
5  4.926315 -0.003923 0.000001  0.000000 -0.000000 0.000000
6  4.926318 -0.001510 -0.000000  0.000000 -0.000000 0.000000
7  -0.000001 0.001503 1.894737  0.625521 -0.725277 2.694015
8  4.926316 0.000004 0.000003  -0.730646 0.426979 -0.998214
9  11.368428 0.000006 -0.000001  -0.000001 -0.000000 -0.758472
10  11.368418 0.000001 0.000000  -2.457237 -0.095002 0.238693
11  1.126231 0.104070 -1.358369  2.320138 0.490178 0.709856
12  2.373626 -0.000008 0.000000  0.000001 -0.000001 0.392485
13  1.071902 0.000004 -0.000000  0.000000 0.000000 0.017445
14  3.789473 -0.000955 -1.136841  0.063529 0.143680 0.423160
15  1.136843 -0.000002 -0.000001  -0.000000 0.000000 0.505884
16  1.136842 -0.000000 0.000001  -0.000000 -0.000000 0.680333
17  3.789471 -0.000353 -0.378950  0.022872 0.075108 0.306088
18  1.326316 0.000002 0.000000  -0.000000 0.000000 0.610547
19  1.326318 0.000002 -0.000001  0.000000 -0.000000 1.003026
20  3.789473 0.000249 0.378946  -0.000684 0.000409 0.540749
21  1.136844 -0.000000 0.000001  -0.000000 0.000000 0.540775
22  1.136843 0.000000 -0.000001  -0.000000 -0.000000 0.846016
23  3.789470 0.000850 1.136840  -0.057805 -0.136622 0.396498
24  0.947374 0.000003 -0.000001  0.000000 -0.000000 0.976870
25  0.947370 0.000002 -0.000000  0.000000 0.000000 0.732629
26  -0.000001 0.001512 -1.894737  -0.000010 1.370797 3.140787
27  4.926314 -0.000004 -0.000000  1.184117 -0.663724 -1.473774
28  11.368424 -0.000005 -0.000001  -0.000000 0.000000 -0.783670
29  11.368423 -0.000010 -0.000001  1.701623 0.174754 0.150037
30  1.126227 0.104092 1.358370  -2.441921 -0.156901 0.832788
31  2.373624 -0.000005 0.000001  -0.000002 0.000001 0.476525
32  1.071902 0.000005 -0.000000  0.000000 -0.000000 0.694323
33  3.789473 -0.000880 1.136844  -0.033447 -0.153436 0.220569
34  1.136842 0.000002 -0.000001  -0.000000 0.000000 0.322721
35  1.136841 -0.000000 -0.000001  0.000000 -0.000000 0.627981
36  3.789469 -0.000277 0.378949  -0.029966 -0.072567 0.402282
37  1.326318 0.000001 -0.000002  0.000001 -0.000001 0.584389
38  1.326316 -0.000000 -0.000001  -0.000000 0.000000 1.343180
39  3.789473 0.000328 -0.378945  0.000745 -0.000290 0.383779
40  1.136843 0.000002 0.000000  0.000000 -0.000000 0.680332
41  1.136847 -0.000002 0.000000  0.000000 0.000000 1.151298
42  3.789469 0.000929 -1.136840  0.042728 0.028628 0.286082
43  0.947368 0.000000 0.000001  0.000000 -0.000000 0.758811
44  0.947371 -0.000001 -0.000000  0.000000 -0.000000 0.854752
45  0.628263 1.045220 0.151089  1.674810 -1.370795 -0.003926
46  2.477388 -0.246917 -0.042971  -0.000000 0.000000 0.000000
47  -5.049473 -8.214188 -21.911999  1.623130 -0.261804 1.588307
time 3
0  -1.881380 7.691641 -22.602280  0.000000 -0.000000 -1.553390
1  0.000000 0.000000 0.000002  -1.570795 -1.570796 0.000000
2  1.326318 -0.003921 0.000002  -0.000004 -0.000001 0.000796
3  4.926312 -0.003923 0.000000  0.000000 -0.000000 -0.000000
4  4.926314 -0.003923 -0.000000  0.000000 0.000000 -0.000000
5  4.926315 -0.003923 0.000001  0.000000 -0.000000 0.000000
6  4.926318 -0.001510 -0.000000  0.000000 -0.000000 0.000000
7  -0.000001 0.001503 1.894737  0.625521 -0.725277 2.694015
8  4.926316 0.000004 0.000003  -0.715393 0.448096 -0.958906
9  11.368427 0.000006 -0.000000  -0.000001 -0.000000 -0.791517
10  11.368417 0.000001 -0.000000  -2.369681 -0.095002 0.238693
11  1.126230 0.104071 -1.358370  2.320138 0.490178 0.709856
12  2.373626 -0.000008 0.000001  0.000002 -0.000001 0.392485
13  1.071899 0.000002 -0.000000  0.000000 0.000000 0.017445
14  3.789471 -0.000955 -1.136841  0.063529 0.143680 0.423160
15  1.136843 -0.000003 -0.000001  -0.000000 0.000000 0.505884
16  1.136841 -0.000000 0.000000  -0.000000 -0.000000 0.680333
17  3.789471 -0.000352 -0.378951  0.022872 0.075108 0.306088
18  1.326319 -0.000001 -0.000002  -0.000000 0.000000 0.610547
19  1.326318 0.000003 -0.000001  0.000000 -0.000000 1.003026
20  3.789469 0.000250 0.378945  -0.000684 0.000409 0.540749
21  1.136845 -0.000001 0.000000  -0.000000 0.000000 0.540775
22  1.136842 -0.000001 0.000000  -0.000000 -0.000000 0.846016
23  3.789470 0.000851 1.136839  -0.057805 -0.136622 0.396498
24  0.947372 0.000003 0.000000  0.000000 -0.000000 0.976870
25  0.947370 -0.000002 0.000002  0.000000 0.000000 0.732629
26  -0.000001 0.001512 -1.894737  -0.000010 1.370797 3.140787
27  4.926314 -0.000004 -0.000000  1.175195 -0.677206 -1.450589
28  11.368423 -0.000005 -0.000001  -0.000000 0.000000 -0.817004
29  11.368423 -0.000011 0.000000  1.760908 0.145169 0.128871
30  1.126227 0.104091 1.358369  -2.400254 -0.167771 0.841897
31  2.373625 -0.000005 -0.000001  -0.000002 0.000001 0.456929
32  1.071903 0.000005 -0.000000  0.000000 -0.000000 0.633724
33  3.789473 -0.000881 1.136842  -0.033447 -0.153436 0.220569
34  1.136844 0.000001 -0.000000  -0.000000 0.000000 0.322721
35  1.136842 -0.000000 -0.000001  0.000000 -0.000000 0.627981
36  3.789470 -0.000277 0.378948  -0.029966 -0.072567 0.402282
37  1.326318 -0.000000 -0.000001  0.000001 -0.000001 0.584389
38  1.326317 -0.000004 0.000000  -0.000000 0.000000 1.343180
39  3.789472 0.000327 -0.378946  0.000745 -0.000290 0.383779
40  1.136844 -0.000001 -0.000000  0.000000 -0.000000 0.680332
41  1.136844 0.000002 0.000001  0.000000 0.000000 1.151298
42  3.789471 0.000929 -1.136841  0.042728 0.028628 0.286082
43  0.947368 -0.000001 0.000001  0.000000 -0.000000 0.758811
44  0.947369 -0.000001 -0.000001  0.000000 -0.000000 0.854752
45  0.628264 1.045220 0.151088  1.674810 -1.370795 -0.003926
46  2.477386 -0.246917 -0.042970  -0.000000 0.000000 0.000000
47  -5.049473 -8.214188 -21.911999  1.623130 -0.261804 1.588307
time 4
0  -1.881380 7.691641 -22.602280  0.000000 -0.000000 -1.553390
1  0.000000 0.000000 0.000002  -1.570795 -1.570796 0.000000
2  1.326318 -0.003921 0.000002  -0.000004 -0.000001 0.000796
3  4.926312 -0.003923 0.000000  0.000000 -0.000000 -0.000000
4  4.926314 -0.003923 -0.000000  0.000000 0.000000 -0.000000
5  4.926315 -0.003923 0.000001  0.000000 -0.000000 0.000000
6  4.926318 -0.001510 -0.000000  0.000000 -0.000000 0.000000
7  -0.000001 0.001503 1.894737  0.625521 -0.725277 2.694015
8  4.926316 0.000004 0.000003  -0.697429 0.470626 -0.914944
9  11.368428 0.000007 -0.000000  -0.000001 -0.000001 -0.827703
10  11.368419 0.000001 0.000000  -2.273758 -0.095002 0.238693
11  1.126232 0.104071 -1.358369  2.320138 0.490178 0.709856
12  2.373627 -0.000008 0.000000  0.000002 -0.000001 0.392485
13  1.071900 0.000003 -0.000001  0.000000 0.000000 0.017445
14  3.789474 -0.000954 -1.136842  0.063529 0.143680 0.423160
15  1.136843 -0.000002 -0.000002  -0.000000 0.000000 0.505884
16  1.136841 0.000000 -0.000001  -0.000000 -0.000000 0.680333
17  3.789472 -0.000352 -0.378948  0.022872 0.075107 0.306088
18  1.326319 -0.000000 -0.000002  -0.000000 -0.000000 0.610547
19  1.326319 0.000004 -0.000001  0.000000 -0.000000 1.003026
20  3.789470 0.000249 0.378947  -0.000684 0.000409 0.540749
21  1.136844 -0.000000 -0.000001  -0.000000 0.000000 0.540775
22  1.136842 -0.000001 0.000001  -0.000000 -0.000000 0.846016
23  3.789471 0.000850 1.136841  -0.057805 -0.136622 0.396498
24  0.947372 0.000004 -0.000001  0.000000 -0.000000 0.976870
25  0.947370 0.000000 0.000001  0.000000 0.000000 0.732629
26  -0.000001 0.001512 -1.894737  -0.000010 1.370797 3.140787
27  4.926314 -0.000004 -0.000000  1.164770 -0.691913 -1.424513
28  11.368423 -0.000006 -0.000001  -0.000000 0.000000 -0.853817
29  11.368423 -0.000010 0.000000  1.826739 0.114048 0.103646
30  1.126227 0.104093 1.358369  -2.354338 -0.180175 0.851416
31  2.373625 -0.000005 0.000001  -0.000002 0.000001 0.435301
32  1.071904 0.000008 0.000000  0.000000 -0.000000 0.566916
33  3.789471 -0.000880 1.136842  -0.033447 -0.153436 0.220569
34  1.136843 0.000001 -0.000001  -0.000000 0.000000 0.322721
35  1.136841 -0.000003 -0.000000  0.000000 -0.000000 0.627981
36  3.789469 -0.000276 0.378948  -0.029966 -0.072567 0.402282
37  1.326319 0.000001 -0.000002  0.000001 -0.000001 0.584389
38  1.326316 0.000000 -0.000000  -0.000000 0.000000 1.343180
39  3.789471 0.000328 -0.378946  0.000745 -0.000290 0.383779
40  1.136842 0.000001 -0.000001  0.000000 -0.000000 0.680332
41  1.136845 0.000001 0.000001  0.000000 0.000000 1.151298
42  3.789470 0.000929 -1.136842  0.042728 0.028628 0.286082
43  0.947369 0.000000 0.000000  0.000000 -0.000000 0.758811
44  0.947368 -0.000001 0.000003  0.000000 -0.000000 0.854752
45  0.628264 1.045220 0.151087  1.674810 -1.370795 -0.003926
46  2.477387 -0.246918 -0.042971  -0.000000 0.000000 0.000000
47  -5.049473 -8.214188 -21.911999  1.623130 -0.261804 1.588307
time 5
0  -1.881380 7.691641 -22.602280  0.000000 -0.000000 -1.553390
1  0.000000 0.000000 0.000002  -1.570795 -1.570796 0.000000
2  1.326318 -0.003921 0.000002  -0.000004 -0.000001 0.000796
3  4.926312 -0.003923 0.000000  0.000000 -0.000000 -0.000000
4  4.926314 -0.003923 -0.000000  0.000000 0.000000 -0.000000
5  4.926315 -0.003923 0.000001  0.000000 -0.000000 0.000000
6  4.926318 -0.001510 -0.000000  0.000000 -0.000000 0.000000
7  -0.000001 0.001503 1.894737  0.625521 -0.725277 2.694015
8  4.926316 0.000004 0.000003  -0.676616 0.494061 -0.866552
9  11.368428 0.000006 -0.000000  -0.000001 -0.000001 -0.866645
10  11.368418 0.000002 -0.000000  -2.170543 -0.095002 0.238693
11  1.126231 0.104071 -1.358370  2.320138 0.490178 0.709856
12  2.373627 -0.000009 0.000000  0.000002 -0.000001 0.392485
13  1.071899 0.000002 -0.000001  0.000000 0.000000 0.017445
14  3.789473 -0.000955 -1.136843  0.063529 0.143680 0.423160
15  1.136842 -0.000002 0.000000  -0.000000 0.000000 0.505884
16  1.136841 0.000000 0.000000  -0.000000 -0.000000 0.680333
17  3.789471 -0.000352 -0.378951  0.022872 0.075108 0.306088
18  1.326319 -0.000002 0.000000  -0.000000 0.000000 0.610547
19  1.326316 0.000003 0.000000  0.000000 -0.000000 1.003026
20  3.789470 0.000249 0.378945  -0.000684 0.000409 0.540749
21  1.136844 0.000001 0.000000  -0.000000 0.000000 0.540775
22  1.136841 -0.000000 0.000001  -0.000000 -0.000000 0.846016
23  3.789469 0.000850 1.136839  -0.057805 -0.136622 0.396498
24  0.947372 0.000002 -0.000002  0.000000 -0.000000 0.976870
25  0.947370 0.000002 0.000001  0.000000 0.000000 0.732629
26  -0.000001 0.001512 -1.894737  -0.000010 1.370797 3.140787
27  4.926314 -0.000004 -0.000000  1.152696 -0.707578 -1.395593
28  11.368425 -0.000006 -0.000001  -0.000000 0.000000 -0.893664
29  11.368423 -0.000011 -0.000001  1.898833 0.082146 0.074232
30  1.126225 0.104092 1.358369  -2.305179 -0.193885 0.860977
31  2.373625 -0.000006 0.000000  -0.000002 0.000001 0.412150
32  1.071905 0.000006 -0.000000  0.000000 -0.000000 0.495331
33  3.789470 -0.000880 1.136843  -0.033447 -0.153436 0.220569
34  1.136844 0.000000 -0.000001  -0.000000 0.000000 0.322721
35  1.136842 -0.000002 0.000000  0.000000 -0.000000 0.627981
36  3.789468 -0.000277 0.378948  -0.029966 -0.072567 0.402282
37  1.326318 -0.000001 -0.000003  0.000001 -0.000001 0.584389
38  1.326316 -0.000001 0.000001  -0.000000 0.000000 1.343180
39  3.789470 0.000328 -0.378947  0.000745 -0.000290 0.383779
40  1.136842 0.000002 -0.000001  0.000000 -0.000000 0.680332
41  1.136846 -0.000003 0.000000  0.000000 0.000000 1.151298
42  3.789470 0.000929 -1.136841  0.042728 0.028628 0.286082
43  0.947366 -0.000001 0.000002  0.000000 -0.000000 0.758811
44  0.947370 -0.000002 0.000001  0.000000 -0.000000 0.854752
45  0.628262 1.045220 0.151088  1.674811 -1.370795 -0.003926
46  2.477389 -0.246918 -0.042971  -0.000000 0.000000 0.000000
47  -5.049473 -8.214188 -21.911999  1.623130 -0.261804 1.588307
time 6
0  -1.881380 7.691641 -22.602280  0.000000 -0.000000 -1.553390
1  0.000000 0.000000 0.000002  -1.570795 -1.570796 0.000000
2  1.326318 -0.003921 0.000002  -0.000004 -0.000001 0.000796
3  4.926312 -0.003923 0.000000  0.000000 -0.000000 -0.000000
4  4.926314 -0.003923 -0.000000  0.000000 0.000000 -0.000000
5  4.926315 -0.003923 0.000001  0.000000 -0.000000 0.000000
6  4.926318 -0.001510 -0.000000  0.000000 -0.000000 0.000000
7  -0.000001 0.001503 1.894737  0.625521 -0.725277 2.694015
8  4.926316 0.000004 0.000003  -0.652702 0.518003 -0.813635
9  11.368429 0.000007 -0.000000  -0.000001 -0.000001 -0.908223
10  11.368420 0.000000 0.000001  -2.060363 -0.095002 0.238693
11  1.126232 0.104071 -1.358370  2.320138 0.490178 0.709856
12  2.373627 -0.000006 0.000000  0.000002 -0.000001 0.392485
13  1.071900 0.000002 -0.000001  -0.000000 0.000000 0.017445
14  3.789475 -0.000954 -1.136842  0.063529 0.143680 0.423160
15  1.136842 -0.000001 -0.000001  -0.000000 0.000000 0.505884
16  1.136841 -0.000001 -0.000001  -0.000000 -0.000000 0.680333
17  3.789473 -0.000352 -0.378950  0.022872 0.075108 0.306088
18  1.326319 -0.000002 0.000001  -0.000000 0.000000 0.610547
19  1.326319 0.000001 -0.000002  0.000000 -0.000000 1.003026
20  3.789472 0.000250 0.378945  -0.000684 0.000409 0.540749
21  1.136845 0.000003 0.000001  -0.000000 0.000000 0.540775
22  1.136842 0.000001 0.000002  -0.000000 -0.000000 0.846016
23  3.789471 0.000851 1.136839  -0.057805 -0.136622 0.396498
24  0.947372 0.000002 -0.000002  0.000000 -0.000000 0.976870
25  0.947370 -0.000001 0.000001  0.000000 0.000000 0.732629
26  -0.000001 0.001512 -1.894737  -0.000010 1.370797 3.140787
27  4.926314 -0.000004 -0.000000  1.138973 -0.724125 -1.363877
28  11.368424 -0.000005 -0.000001  -0.000000 0.000000 -0.936343
29  11.368423 -0.000011 -0.000001  1.977031 0.050191 0.040585
30  1.126227 0.104092 1.358369  -2.253656 -0.208650 0.870167
31  2.373624 -0.000004 0.000001  -0.000002 0.000001 0.387898
32  1.071904 0.000005 -0.000002  0.000000 -0.000000 0.420419
33  3.789473 -0.000880 1.136843  -0.033447 -0.153436 0.220569
34  1.136845 0.000000 -0.000000  -0.000000 0.000000 0.322721
35  1.136844 -0.000002 -0.000001  0.000000 -0.000000 0.627981
36  3.789470 -0.000277 0.378948  -0.029966 -0.072567 0.402282
37  1.326317 0.000000 -0.000001  0.000001 -0.000001 0.584389
38  1.326317 0.000001 0.000000  -0.000000 0.000000 1.343180
39  3.789472 0.000328 -0.378946  0.000745 -0.000290 0.383779
40  1.136842 0.000002 -0.000001  0.000000 -0.000000 0.680332
41  1.136845 -0.000001 -0.000001  0.000000 0.000000 1.151298
42  3.789471 0.000929 -1.136841  0.042728 0.028628 0.286082
43  0.947368 -0.000001 -0.000001  0.000000 -0.000000 0.758811
44  0.947369 0.000000 -0.000000  0.000000 -0.000000 0.854752
45  0.628264 1.045220 0.151087  1.674811 -1.370795 -0.003926
46  2.477388 -0.246916 -0.042971  -0.000000 0.000000 0.000000
47  -5.049473 -8.214188 -21.911999  1.623130 -0.261804 1.588307
time 7
0  -1.881380 7.691641 -22.602280  0.000000 -0.000000 -1.553390
1  0.000000 0.000000 0.000002  -1.570795 -1.570796 0.000000
2  1.326318 -0.003921 0.000002  -0.000004 -0.000001 0.000796
3  4.926312 -0.003923 0.000000  0.000000 -0.000000 -0.000000
4  4.926314 -0.003923 -0.000000  0.000000 0.000000 -0.000000
5  4.926315 -0.003923 0.000001  0.000000 -0.000000 0.000000
6  4.926318 -0.001510 -0.000000  0.000000 -0.000000 0.000000
7  -0.000001 0.001503 1.894737  0.625521 -0.725277 2.694015
8  4.926316 0.000004 0.000003  -0.625411 0.542163 -0.755966
9  11.368428 0.000006 -0.000000  -0.000001 -0.000001 -0.952322
10  11.368419 0.000001 0.000000  -1.943451 -0.095002 0.238693
11  1.126230 0.104070 -1.358368  2.320138 0.490178 0.709856
12  2.373625 -0.000006 0.000000  0.000002 -0.000001 0.392485
13  1.071899 0.000001 -0.000001  -0.000000 0.000000 0.017445
14  3.789472 -0.000955 -1.136841  0.063529 0.143680 0.423160
15  1.136844 -0.000004 0.000001  -0.000000 0.000000 0.505884
16  1.136842 -0.000002 -0.000000  -0.000000 -0.000000 0.680333
17  3.789471 -0.000352 -0.378950  0.022872 0.075108 0.306088
18  1.326318 -0.000000 -0.000002  -0.000000 -0.000000 0.610547
19  1.326318 0.000002 -0.000002  -0.000000 -0.000000 1.003026
20  3.789469 0.000249 0.378947  -0.000684 0.000409 0.540749
21  1.136846 0.000002 -0.000001  -0.000000 0.000000 0.540775
22  1.136842 0.000001 0.000000  -0.000000 -0.000000 0.846016
23  3.789469 0.000849 1.136840  -0.057805 -0.136622 0.396498
24  0.947374 0.000003 -0.000002  0.000000 -0.000000 0.976870
25  0.947370 -0.000003 0.000001  0.000000 0.000000 0.732629
26  -0.000001 0.001512 -1.894737  -0.000010 1.370797 3.140787
27  4.926314 -0.000004 -0.000000  1.123456 -0.741168 -1.329607
28  11.368424 -0.000006 0.000000  -0.000000 0.000000 -0.981125
29  11.368423 -0.000010 -0.000001  2.060522 0.019070 0.003032
30  1.126227 0.104092 1.358369  -2.201561 -0.223894 0.878538
31  2.373626 -0.000004 -0.000000  -0.000002 0.000001 0.363435
32  1.071903 0.000005 -0.000000  0.000000 -0.000000 0.344710
33  3.789472 -0.000881 1.136843  -0.033447 -0.153436 0.220569
34  1.136843 0.000001 -0.000001  -0.000000 0.000000 0.322721
35  1.136844 -0.000003 -0.000001  0.000000 -0.000000 0.627981
36  3.789469 -0.000277 0.378949  -0.029978 -0.072567 0.402282
37  1.326316 0.000000 -0.000003  0.000001 -0.000001 0.584389
38  1.326317 -0.000002 -0.000000  -0.000000 0.000000 1.343180
39  3.789471 0.000328 -0.378946  0.000745 -0.000290 0.383779
40  1.136846 0.000000 0.000000  0.000000 -0.000000 0.680332
41  1.136844 -0.000001 -0.000000  0.000000 -0.000000 1.151298
42  3.789471 0.000929 -1.136841  0.042728 0.028628 0.286082
43  0.947370 -0.000001 -0.000000  0.000000 -0.000000 0.758811
44  0.947369 0.000001 -0.000000  0.000000 -0.000000 0.854752
45  0.628262 1.045219 0.151088  1.674810 -1.370795 -0.003926
46  2.477387 -0.246916 -0.042970  -0.000000 0.000000 0.000000
47  -5.049473 -8.214188 -21.911999  1.623130 -0.261804 1.588307
time 8
0  -1.881380 7.691641 -22.602280  0.000000 -0.000000 -1.553390
1  0.000000 0.000000 0.000002  -1.570795 -1.570796 0.000000
2  1.326318 -0.003921 0.000002  -0.000004 -0.000001 0.000796
3  4.926312 -0.003923 0.000000  0.000000 -0.000000 -0.000000
4  4.926314 -0.003923 -0.000000  0.000000 0.000000 -0.000000
5  4.926315 -0.003923 0.000001  0.000000 -0.000000 0.000000
6  4.926318 -0.001510 -0.000000  0.000000 -0.000000 0.000000
7  -0.000001 0.001503 1.894737  0.625521 -0.725277 2.694015
8  4.926316 0.000004 0.000003  -0.594445 0.566069 -0.693416
9  11.368429 0.000006 -0.000000  -0.000001 -0.000001 -0.998826
10  11.368420 0.000001 0.000000  -1.820182 -0.095002 0.238693
11  1.126230 0.104071 -1.358369  2.320138 0.490178 0.709856
12  2.373627 -0.000007 0.000000  0.000001 -0.000001 0.392485
13  1.071902 0.000004 -0.000001  0.000000 0.000000 0.017445
14  3.789472 -0.000955 -1.136842  0.063529 0.143680 0.423160
15  1.136842 -0.000002 0.000000  -0.000000 0.000000 0.505884
16  1.136840 -0.000002 0.000001  -0.000000 -0.000000 0.680333
17  3.789471 -0.000352 -0.378949  0.022872 0.075107 0.306088
18  1.326318 0.000000 0.000000  -0.000000 0.000000 0.610547
19  1.326318 -0.000000 -0.000001  0.000000 -0.000000 1.003026
20  3.789470 0.000250 0.378947  -0.000684 0.000409 0.540749
21  1.136846 -0.000000 -0.000002  -0.000000 0.000000 0.540775
22  1.136843 0.000002 0.000002  -0.000000 -0.000000 0.846016
23  3.789470 0.000850 1.136841  -0.057805 -0.136622 0.396498
24  0.947375 0.000002 0.000001  0.000000 -0.000000 0.976870
25  0.947370 0.000002 0.000004  0.000000 0.000000 0.732629
26  -0.000001 0.001512 -1.894737  -0.000010 1.370797 3.140787
27  4.926314 -0.000004 -0.000000  1.106631 -0.758098 -1.293794
28  11.368424 -0.000005 0.000000  -0.000000 0.000000 -1.026393
29  11.368423 -0.000011 -0.000001  2.146559 -0.009837 -0.036834
30  1.126226 0.104092 1.358370  -2.152446 -0.238360 0.885431
31  2.373625 -0.000004 -0.000001  -0.000002 0.000000 0.340368
32  1.071903 0.000006 0.000000  0.000000 -0.000000 0.273452
33  3.789472 -0.000880 1.136842  -0.033447 -0.153436 0.220569
34  1.136843 0.000001 -0.000001  -0.000000 0.000000 0.322721
35  1.136843 0.000001 -0.000000  0.000000 -0.000000 0.627981
36  3.789470 -0.000277 0.378949  -0.029978 -0.072566 0.402282
37  1.326319 0.000000 -0.000002  0.000001 -0.000001 0.584389
38  1.326316 -0.000002 0.000000  -0.000000 0.000000 1.343180
39  3.789471 0.000328 -0.378946  0.000745 -0.000290 0.383779
40  1.136844 0.000003 -0.000000  0.000000 -0.000000 0.680332
41  1.136845 -0.000002 -0.000001  0.000000 -0.000000 1.151298
42  3.789470 0.000929 -1.136841  0.042728 0.028628 0.286082
43  0.947369 -0.000002 0.000000  0.000000 -0.000000 0.758811
44  0.947370 -0.000002 0.000000  0.000000 0.000000 0.854752
45  0.628263 1.045219 0.151088  1.674811 -1.370795 -0.003926
46  2.477387 -0.246917 -0.042969  -0.000000 0.000000 0.000000
47  -5.049473 -8.214188 -21.911999  1.623130 -0.261804 1.588307
time 9
0  -1.881380 7.691641 -22.602280  0.000000 -0.000000 -1.553390
1  0.000000 0.000000 0.000002  -1.570795 -1.570796 0.000000
2  1.326318 -0.003921 0.000002  -0.000004 -0.000001 0.000796
3  4.926312 -0.003923 0.000000  0.000000 -0.000000 -0.000000
4  4.926314 -0.003923 -0.000000  0.000000 0.000000 -0.000000
5  4.926315 -0.003923 0.000001  0.000000 -0.000000 0.000000
6  4.926318 -0.001510 -0.000000  0.000000 -0.000000 0.000000
7  -0.000001 0.001503 1.894737  0.625521 -0.725277 2.694015
8  4.926316 0.000004 0.000003  -0.559850 0.589215 -0.626308
9  11.368430 0.000007 -0.000000  -0.000000 -0.000001 -1.047269
10  11.368419 0.000002 0.000001  -1.691724 -0.095002 0.238693
11  1.126231 0.104070 -1.358371  2.320138 0.490178 0.709856
12  2.373628 -0.000006 0.000001  0.000002 -0.000001 0.392485
13  1.071900 0.000003 -0.000001  -0.000000 0.000000 0.017445
14  3.789472 -0.000955 -1.136843  0.063529 0.143680 0.423160
15  1.136842 -0.000002 -0.000001  -0.000000 0.000000 0.505884
16  1.136840 0.000000 0.000000  -0.000000 -0.000000 0.680333
17  3.789472 -0.000353 -0.378951  0.022872 0.075108 0.306088
18  1.326318 -0.000001 -0.000001  -0.000000 0.000000 0.610547
19  1.326317 -0.000000 0.000001  0.000000 -0.000000 1.003026
20  3.789470 0.000249 0.378944  -0.000684 0.000409 0.540749
21  1.136846 0.000000 0.000000  -0.000000 0.000000 0.540775
22  1.136843 0.000001 0.000001  -0.000000 -0.000000 0.846016
23  3.789471 0.000849 1.136838  -0.057805 -0.136622 0.396498
24  0.947371 0.000002 -0.000001  0.000000 -0.000000 0.976870
25  0.947370 0.000002 -0.000000  0.000000 0.000000 0.732629
26  -0.000001 0.001512 -1.894737  -0.000010 1.370797 3.140787
27  4.926314 -0.000004 -0.000000  1.089708 -0.773686 -1.259041
28  11.368423 -0.000006 0.000000  -0.000000 0.000000 -1.068506
29  11.368423 -0.000010 -0.000000  2.228797 -0.035099 -0.075260
30  1.126227 0.104091 1.358370  -2.113058 -0.249673 0.890027
31  2.373625 -0.000003 -0.000001  -0.000002 0.000000 0.321957
32  1.071904 0.000004 -0.000001  0.000000 0.000000 0.216601
33  3.789471 -0.000881 1.136843  -0.033447 -0.153436 0.220569
34  1.136844 0.000002 -0.000001  -0.000000 0.000000 0.322721
35  1.136842 0.000001 -0.000001  0.000000 -0.000000 0.627981
36  3.789470 -0.000277 0.378948  -0.029966 -0.072567 0.402282
37  1.326318 0.000002 -0.000001  0.000001 -0.000000 0.584389
38  1.326317 -0.000004 -0.000000  -0.000000 0.000000 1.343180
39  3.789472 0.000328 -0.378946  0.000745 -0.000290 0.383779
40  1.136843 0.000000 0.000000  0.000000 -0.000000 0.680332
41  1.136845 -0.000000 0.000000  0.000000 -0.000000 1.151298
42  3.789470 0.000928 -1.136842  0.042728 0.028628 0.286082
43  0.947367 0.000001 0.000000  0.000000 -0.000000 0.758811
44  0.947369 -0.000002 0.000000  0.000000 -0.000000 0.854752
45  0.628263 1.045220 0.151088  1.674811 -1.370795 -0.003926
46  2.477387 -0.246917 -0.042971  -0.000000 0.000000 0.000000
47  -5.049473 -8.214188 -21.911999  1.623130 -0.261804 1.588307
time 10
0  -1.881380 7.691641 -22.602280  0.000000 -0.000000 -1.553390
1  0.000000 0.000000 0.000002  -1.570795 -1.570796 0.000000
2  1.326318 -0.003921 0.000002  -0.000004 -0.000001 0.000796
3  4.926312 -0.003923 0.000000  0.000000 -0.000000 -0.000000
4  4.926314 -0.003923 -0.000000  0.000000 0.000000 -0.000000
5  4.926315 -0.003923 0.000001  0.000000 -0.000000 0.000000
6  4.926318 -0.001510 -0.000000  0.000000 -0.000000 0.000000
7  -0.000001 0.001503 1.894737  0.625521 -0.725277 2.694015
8  4.926316 0.000004 0.000003  -0.522084 0.610694 -0.555742
9  11.368427 0.000006 -0.000000  -0.000000 -0.000001 -1.096759
10  11.368417 0.000001 0.000000  -1.560602 -0.095002 0.238693
11  1.126231 0.104070 -1.358368  2.320138 0.490178 0.709856
12  2.373627 -0.000007 0.000001  0.000001 -0.000001 0.392485
13  1.071900 0.000002 -0.000000  0.000000 0.000000 0.017445
14  3.789471 -0.000955 -1.136840  0.063529 0.143680 0.423160
15  1.136841 -0.000002 -0.000000  -0.000000 0.000000 0.505884
16  1.136841 -0.000001 0.000000  -0.000000 -0.000000 0.680333
17  3.789472 -0.000353 -0.378949  0.022872 0.075108 0.306088
18  1.326318 -0.000001 -0.000002  -0.000000 0.000000 0.610547
19  1.326319 0.000002 -0.000003  0.000000 -0.000000 1.003026
20  3.789470 0.000249 0.378946  -0.000684 0.000409 0.540748
21  1.136845 0.000000 -0.000000  -0.000000 0.000000 0.540775
22  1.136843 -0.000001 0.000002  -0.000000 -0.000000 0.846016
23  3.789470 0.000850 1.136841  -0.057805 -0.136622 0.396498
24  0.947370 0.000003 0.000001  0.000000 -0.000000 0.976870
25  0.947370 0.000003 -0.000000  0.000000 0.000000 0.732629
26  -0.000001 0.001512 -1.894737  -0.000010 1.370797 3.140787
27  4.926314 -0.000004 -0.000000  1.075549 -0.785713 -1.230892
28  11.368423 -0.000005 -0.000000  -0.000000 0.000000 -1.100748
29  11.368423 -0.000012 -0.000002  2.294547 -0.055204 -0.104478
30  1.126227 0.104092 1.358369  -2.095664 -0.253556 0.890847
31  2.373624 -0.000003 0.000001  -0.000002 0.000000 0.313958
32  1.071903 0.000005 0.000000  0.000000 -0.000000 0.191887
33  3.789472 -0.000881 1.136843  -0.033447 -0.153436 0.220569
34  1.136843 0.000002 0.000000  -0.000000 0.000000 0.322721
35  1.136844 -0.000001 0.000000  0.000000 -0.000000 0.627981
36  3.789469 -0.000278 0.378949  -0.029966 -0.072567 0.402282
37  1.326318 0.000002 -0.000002  0.000001 -0.000001 0.584389
38  1.326317 -0.000002 0.000000  -0.000000 0.000000 1.343180
39  3.789473 0.000327 -0.378946  0.000745 -0.000290 0.383779
40  1.136844 0.000001 -0.000001  0.000000 -0.000000 0.680332
41  1.136844 0.000001 -0.000000  0.000000 -0.000000 1.151298
42  3.789472 0.000928 -1.136842  0.042728 0.028628 0.286082
43  0.947368 -0.000001 0.000001  0.000000 -0.000000 0.758811
44  0.947369 -0.000001 0.000000  0.000000 0.000000 0.854752
45  0.628263 1.045218 0.151088  1.674810 -1.370795 -0.003926
46  2.477387 -0.246917 -0.042969  -0.000000 0.000000 0.000000
47  -5.049473 -8.214188 -21.911999  1.623130 -0.261804 1.588307
time 11
0  -1.881380 7.691641 -22.602280  0.000000 -0.000000 -1.553390
1  0.000000 0.000000 0.000002  -1.570795 -1.570796 0.000000
2  1.326318 -0.003921 0.000002  -0.000004 -0.000001 0.000796
3  4.926312 -0.003923 0.000000  0.000000 -0.000000 -0.000000
4  4.926314 -0.003923 -0.000000  0.000000 0.000000 -0.000000
5  4.926315 -0.003923 0.000001  0.000000 -0.000000 0.000000
6  4.926318 -0.001510 -0.000000  0.000000 -0.000000 0.000000
7  -0.000001 0.001503 1.894737  0.625521 -0.725277 2.694015
8  4.926316 0.000004 0.000003  -0.482664 0.629638 -0.484431
9  11.368427 0.000006 -0.000000  -0.000000 -0.000001 -1.145474
10  11.368420 0.000002 0.000001  -1.431538 -0.095002 0.238693
11  1.126230 0.104071 -1.358368  2.320138 0.490178 0.709856
12  2.373626 -0.000006 0.000001  0.000002 -0.000001 0.392485
13  1.071899 0.000002 0.000000  0.000000 0.000000 0.017445
14  3.789472 -0.000954 -1.136840  0.063529 0.143680 0.423160
15  1.136843 -0.000001 0.000001  -0.000000 0.000000 0.505884
16  1.136839 -0.000000 0.000001  -0.000000 -0.000000 0.680333
17  3.789471 -0.000352 -0.378949  0.022872 0.075108 0.306088
18  1.326318 0.000000 -0.000001  -0.000000 -0.000000 0.610547
19  1.326319 0.000002 -0.000000  0.000000 -0.000000 1.003026
20  3.789469 0.000250 0.378948  -0.000684 0.000409 0.540749
21  1.136846 -0.000000 -0.000000  -0.000000 0.000000 0.540775
22  1.136842 0.000001 -0.000000  -0.000000 -0.000000 0.846016
23  3.789470 0.000850 1.136842  -0.057805 -0.136622 0.396498
24  0.947373 0.000003 0.000002  0.000000 -0.000000 0.976870
25  0.947370 0.000001 -0.000001  0.000000 0.000000 0.732629
26  -0.000001 0.001512 -1.894737  -0.000010 1.370797 3.140787
27  4.926314 -0.000004 -0.000000  1.075549 -0.785713 -1.230892
28  11.368423 -0.000005 -0.000000  -0.000000 0.000000 -1.118992
29  11.368423 -0.000012 0.000000  2.335081 -0.078356 -0.114449
30  1.126227 0.104092 1.358370  -2.130583 -0.239067 0.882600
31  2.373625 -0.000004 0.000000  -0.000002 0.000000 0.330718
32  1.071904 0.000006 -0.000001  0.000000 -0.000000 0.243633
33  3.789472 -0.000880 1.136842  -0.033447 -0.153436 0.220569
34  1.136841 0.000003 -0.000001  -0.000000 0.000000 0.322721
35  1.136842 -0.000001 -0.000001  0.000000 -0.000000 0.627981
36  3.789469 -0.000277 0.378948  -0.029966 -0.072567 0.402282
37  1.326319 0.000003 -0.000001  0.000001 -0.000001 0.584389
38  1.326318 -0.000003 0.000001  -0.000000 0.000000 1.343180
39  3.789472 0.000328 -0.378946  0.000745 -0.000290 0.383779
40  1.136843 0.000002 -0.000000  0.000000 -0.000000 0.680332
41  1.136845 0.000000 -0.000001  -0.000000 -0.000000 1.151298
42  3.789471 0.000929 -1.136841  0.042728 0.028628 0.286082
43  0.947369 -0.000000 0.000001  0.000000 -0.000000 0.758811
44  0.947370 -0.000001 0.000000  0.000000 -0.000000 0.854752
45  0.628264 1.045219 0.151088  1.674810 -1.370795 -0.003926
46  2.477387 -0.246915 -0.042971  -0.000000 0.000000 0.000000
47  -5.049473 -8.214188 -21.911999  1.623130 -0.261804 1.588307
time 12
0  -1.881380 7.691641 -22.602280  0.000000 -0.000000 -1.553390
1  0.000000 0.000000 0.000002  -1.570795 -1.570796 0.000000
2  1.326318 -0.003921 0.000002  -0.000004 -0.000001 0.000796
3  4.926312 -0.003923 0.000000  0.000000 -0.000000 -0.000000
4  4.926314 -0.003923 -0.000000  0.000000 0.000000 -0.000000
5  4.926315 -0.003923 0.000001  0.000000 -0.000000 0.000000
6  4.926318 -0.001510 -0.000000  0.000000 -0.000000 0.000000
7  -0.000001 0.001503 1.894737  0.625521 -0.725277 2.694015
8  4.926316 0.000004 0.000003  -0.444599 0.644960 -0.417259
9  11.368426 0.000006 -0.000000  -0.000000 -0.000001 -1.190194
10  11.368419 0.000003 0.000001  -1.312943 -0.095002 0.238693
11  1.126229 0.104071 -1.358369  2.320138 0.490178 0.709856
12  2.373626 -0.000008 0.000001  0.000001 -0.000001 0.392485
13  1.071900 0.000003 0.000001  0.000000 0.000000 0.017445
14  3.789471 -0.000954 -1.136841  0.063529 0.143680 0.423160
15  1.136842 -0.000001 -0.000002  -0.000000 0.000000 0.505884
16  1.136840 -0.000001 -0.000000  -0.000000 -0.000000 0.680333
17  3.789471 -0.000352 -0.378949  0.022872 0.075107 0.306088
18  1.326318 0.000001 -0.000000  -0.000000 0.000000 0.610547
19  1.326319 0.000003 -0.000001  0.000000 -0.000000 1.003026
20  3.789469 0.000249 0.378946  -0.000684 0.000409 0.540749
21  1.136845 0.000001 -0.000000  -0.000000 0.000000 0.540775
22  1.136843 0.000001 0.000001  -0.000000 -0.000000 0.846016
23  3.789468 0.000849 1.136838  -0.057805 -0.136622 0.396498
24  0.947374 0.000002 0.000002  0.000000 -0.000000 0.976870
25  0.947370 -0.000003 -0.000000  0.000000 0.000000 0.732629
26  -0.000001 0.001512 -1.894737  -0.000010 1.370797 3.140787
27  4.926314 -0.000004 -0.000000  1.075549 -0.785713 -1.230892
28  11.368423 -0.000005 -0.000000  -0.000000 0.000000 -1.108838
29  11.368423 -0.000012 -0.000000  2.321341 -0.106404 -0.085035
30  1.126227 0.104091 1.358369  -2.256241 -0.195131 0.855273
31  2.373625 -0.000006 0.000001  -0.000002 0.000001 0.390437
32  1.071904 0.000008 -0.000001  0.000000 0.000000 0.428196
33  3.789471 -0.000881 1.136842  -0.033447 -0.153436 0.220569
34  1.136844 0.000003 -0.000001  -0.000000 0.000000 0.322721
35  1.136844 0.000000 -0.000001  0.000000 -0.000000 0.627981
36  3.789470 -0.000278 0.378949  -0.029966 -0.072567 0.402282
37  1.326317 0.000001 -0.000001  0.000001 -0.000001 0.584389
38  1.326316 -0.000001 0.000001  -0.000000 0.000000 1.343180
39  3.789471 0.000327 -0.378946  0.000745 -0.000290 0.383779
40  1.136845 0.000002 0.000001  0.000000 0.000000 0.680332
41  1.136845 -0.000001 -0.000001  0.000000 -0.000000 1.151298
42  3.789471 0.000928 -1.136842  0.042728 0.028628 0.286082
43  0.947367 -0.000001 0.000000  0.000000 -0.000000 0.758811
44  0.947370 -0.000001 0.000001  0.000000 0.000000 0.854752
45  0.628262 1.045219 0.151089  1.674810 -1.370795 -0.003926
46  2.477387 -0.246917 -0.042970  -0.000000 0.000000 0.000000
47  -5.049473 -8.214188 -21.911999  1.623130 -0.261804 1.588307
time 13
0  -1.881380 7.691641 -22.602280  0.000000 -0.000000 -1.553390
1  0.000000 0.000000 0.000002  -1.570795 -1.570796 0.000000
2  1.326318 -0.003921 0.000002  -0.000004 -0.000001 0.000796
3  4.926312 -0.003923 0.000000  0.000000 -0.000000 -0.000000
4  4.926314 -0.003923 -0.000000  0.000000 0.000000 -0.000000
5  4.926315 -0.003923 0.000001  0.000000 -0.000000 0.000000
6  4.926318 -0.001510 -0.000000  0.000000 -0.000000 0.000000
7  -0.000001 0.001503 1.894737  0.625521 -0.725277 2.694015
8  4.926316 0.000004 0.000003  -0.413013 0.655682 -0.362596
9  11.368426 0.000005 -0.000000  -0.000000 -0.000001 -1.225915
10  11.368419 -0.000001 0.000000  -1.218282 -0.095002 0.238693
11  1.126230 0.104070 -1.358369  2.320138 0.490178 0.709856
12  2.373628 -0.000008 0.000001  0.000002 -0.000001 0.392485
13  1.071901 0.000005 -0.000002  -0.000000 0.000000 0.017445
14  3.789471 -0.000956 -1.136843  0.063529 0.143680 0.423159
15  1.136843 -0.000002 -0.000003  -0.000000 0.000000 0.505884
16  1.136840 -0.000001 -0.000001  -0.000000 -0.000000 0.680333
17  3.789470 -0.000353 -0.378951  0.022872 0.075107 0.306088
18  1.326315 0.000001 -0.000002  -0.000000 0.000000 0.610547
19  1.326318 0.000002 -0.000002  0.000000 -0.000000 1.003026
20  3.789469 0.000248 0.378946  -0.000684 0.000409 0.540749
21  1.136844 -0.000001 0.000002  -0.000000 0.000000 0.540775
22  1.136841 0.000000 0.000000  -0.000000 -0.000000 0.846016
23  3.789469 0.000850 1.136842  -0.057805 -0.136622 0.396498
24  0.947371 0.000003 -0.000004  0.000000 -0.000000 0.976870
25  0.947371 -0.000001 -0.000000  0.000000 0.000000 0.732629
26  -0.000001 0.001512 -1.894737  -0.000010 1.370797 3.140787
27  4.926314 -0.000004 -0.000000  1.075549 -0.785713 -1.230892
28  11.368423 -0.000005 -0.000000  -0.000000 0.000000 -1.080844
29  11.368423 -0.000011 -0.000001  2.283273 -0.123409 -0.039583
30  1.126229 0.104092 1.358369  -2.412215 -0.146414 0.815719
31  2.373624 -0.000005 0.000000  -0.000002 0.000001 0.464251
32  1.071905 0.000005 -0.000002  0.000000 -0.000000 0.656375
33  3.789473 -0.000881 1.136841  -0.033447 -0.153436 0.220569
34  1.136844 0.000001 -0.000002  -0.000000 0.000000 0.322721
35  1.136842 0.000000 -0.000001  0.000000 -0.000000 0.627981
36  3.789470 -0.000277 0.378948  -0.029966 -0.072567 0.402282
37  1.326317 -0.000001 -0.000002  0.000001 -0.000001 0.584389
38  1.326317 -0.000001 0.000000  -0.000000 0.000000 1.343180
39  3.789473 0.000328 -0.378946  0.000745 -0.000290 0.383779
40  1.136844 0.000001 -0.000001  0.000000 -0.000000 0.680332
41  1.136843 0.000000 0.000000  0.000000 0.000000 1.151298
42  3.789471 0.000930 -1.136842  0.042728 0.028628 0.286082
43  0.947368 0.000001 0.000001  0.000000 -0.000000 0.758811
44  0.947369 -0.000000 0.000001  0.000000 -0.000000 0.854752
45  0.628265 1.045219 0.151086  1.674811 -1.370795 -0.003926
46  2.477387 -0.246917 -0.042970  -0.000000 0.000000 0.000000
47  -5.971376 -13.722170 -7.798285  -2.218855 0.151651 1.856918
time 14
0  -1.881380 7.691641 -22.602280  0.000000 -0.000000 -1.553390
1  0.000000 0.000000 0.000002  -1.570795 -1.570796 0.000000
2  1.326318 -0.003921 0.000002  -0.000004 -0.000001 0.000796
3  4.926312 -0.003923 0.000000  0.000000 -0.000000 -0.000000
4  4.926314 -0.003923 -0.000000  0.000000 0.000000 -0.000000
5  4.926315 -0.003923 0.000001  0.000000 -0.000000 0.000000
6  4.926318 -0.001510 -0.000000  0.000000 -0.000000 0.000000
7  -0.000001 0.001503 1.894737  0.625521 -0.725277 2.694015
8  4.926316 0.000004 0.000003  -0.413013 0.655682 -0.362596
9  11.368426 0.000005 -0.000000  -0.000000 -0.000001 -1.225915
10  11.368419 -0.000001 0.000000  -1.218282 -0.095002 0.238693
11  1.126230 0.104070 -1.358369  2.320138 0.490178 0.709856
12  2.373628 -0.000008 0.000001  0.000002 -0.000001 0.392485
13  1.071901 0.000005 -0.000002  -0.000000 0.000000 0.017445
14  3.789471 -0.000956 -1.136843  0.063529 0.143680 0.423159
15  1.136843 -0.000002 -0.000003  -0.000000 0.000000 0.505884
16  1.136840 -0.000001 -0.000001  -0.000000 -0.000000 0.680333
17  3.789470 -0.000353 -0.378951  0.022872 0.075107 0.306088
18  1.326315 0.000001 -0.000002  -0.000000 0.000000 0.610547
19  1.326318 0.000002 -0.000002  0.000000 -0.000000 1.003026
20  3.789469 0.000248 0.378946  -0.000684 0.000409 0.540749
21  1.136844 -0.000001 0.000002  -0.000000 0.000000 0.540775
22  1.136841 0.000000 0.000000  -0.000000 -0.000000 0.846016
23  3.789469 0.000850 1.136842  -0.057805 -0.136622 0.396498
24  0.947371 0.000003 -0.000004  0.000000 -0.000000 0.976870
25  0.947371 -0.000001 -0.000000  0.000000 0.000000 0.732629
26  -0.000001 0.001512 -1.894737  -0.000010 1.370797 3.140787
27  4.926314 -0.000004 -0.000000  1.075549 -0.785713 -1.230892
28  11.368423 -0.000005 -0.000000  -0.000000 0.000000 -1.065836
29  11.368423 -0.000011 -0.000001  2.287476 -0.124321 -0.025553
30  1.126227 0.104092 1.358369  -2.500675 -0.120671 0.790239
31  2.373625 -0.000005 0.000000  -0.000002 0.000001 0.505855
32  1.071903 0.000005 -0.000000  0.000000 -0.000000 0.785000
33  3.789472 -0.000881 1.136843  -0.033447 -0.153436 0.220569
34  1.136844 0.000001 -0.000000  -0.000000 0.000000 0.322721
35  1.136842 0.000000 -0.000000  0.000000 -0.000000 0.627981
36  3.789469 -0.000277 0.378949  -0.029966 -0.072567 0.402282
37  1.326319 0.000001 -0.000002  0.000001 -0.000001 0.584389
38  1.326318 -0.000000 0.000000  -0.000000 0.000000 1.343180
39  3.789472 0.000328 -0.378946  0.000745 -0.000290 0.383779
40  1.136842 0.000001 -0.000000  0.000000 -0.000000 0.680332
41  1.136844 0.000001 0.000000  0.000000 0.000000 1.151298
42  3.789470 0.000929 -1.136842  0.042728 0.028628 0.286082
43  0.947368 0.000000 0.000001  0.000000 -0.000000 0.758811
44  0.947369 -0.000001 -0.000001  0.000000 -0.000000 0.854752
45  0.628264 1.045219 0.151088  1.674810 -1.370795 -0.003926
46  2.477387 -0.246916 -0.042969  -0.000000 0.000000 0.000000
47  -4.537739 -13.503412 -10.040542  -2.704852 0.016807 1.824026
time 15
0  -1.881380 7.691641 -22.602280  0.000000 -0.000000 -1.553390
1  0.000000 0.000000 0.000002  -1.570795 -1.570796 0.000000
2  1.326318 -0.003921 0.000002  -0.000004 -0.000001 0.000796
3  4.926312 -0.003923 0.000000  0.000000 -0.000000 -0.000000
4  4.926314 -0.003923 -0.000000  0.000000 0.000000 -0.000000
5  4.926315 -0.003923 0.000001  0.000000 -0.000000 0.000000
6  4.926318 -0.001510 -0.000000  0.000000 -0.000000 0.000000
7  -0.000001 0.001503 1.894737  0.625521 -0.725277 2.694015
8  4.926316 0.000004 0.000003  -0.413013 0.655682 -0.362596
9  11.368426 0.000005 -0.000000  -0.000000 -0.000001 -1.225915
10  11.368419 -0.000001 0.000000  -1.218282 -0.095002 0.238693
11  1.126230 0.104070 -1.358369  2.320138 0.490178 0.709856
12  2.373628 -0.000008 0.000001  0.000002 -0.000001 0.392485
13  1.071901 0.000005 -0.000002  -0.000000 0.000000 0.017445
14  3.789471 -0.000956 -1.136843  0.063529 0.143680 0.423159
15  1.136843 -0.000002 -0.000003  -0.000000 0.000000 0.505884
16  1.136840 -0.000001 -0.000001  -0.000000 -0.000000 0.680333
17  3.789470 -0.000353 -0.378951  0.022872 0.075107 0.306088
18  1.326315 0.000001 -0.000002  -0.000000 0.000000 0.610547
19  1.326318 0.000002 -0.000002  0.000000 -0.000000 1.003026
20  3.789469 0.000248 0.378946  -0.000684 0.000409 0.540749
21  1.136844 -0.000001 0.000002  -0.000000 0.000000 0.540775
22  1.136841 0.000000 0.000000  -0.000000 -0.000000 0.846016
23  3.789469 0.000850 1.136842  -0.057805 -0.136622 0.396498
24  0.947371 0.000003 -0.000004  0.000000 -0.000000 0.976870
25  0.947371 -0.000001 -0.000000  0.000000 0.000000 0.732629
26  -0.000001 0.001512 -1.894737  -0.000010 1.370797 3.140787
27  4.926314 -0.000004 -0.000000  1.075549 -0.785713 -1.230892
28  11.368423 -0.000005 -0.000000  -0.000000 0.000000 -1.062802
29  11.368422 -0.000011 -0.000001  2.327323 -0.111899 -0.040522
30  1.126228 0.104092 1.358369  -2.526219 -0.111863 0.782361
31  2.373625 -0.000004 0.000001  -0.000002 0.000001 0.505855
32  1.071904 0.000007 -0.000000  0.000000 -0.000000 0.785000
33  3.789471 -0.000881 1.136843  -0.033447 -0.153436 0.220569
34  1.136842 0.000002 -0.000000  -0.000000 0.000000 0.322721
35  1.136842 -0.000001 -0.000001  0.000000 -0.000000 0.627981
36  3.789470 -0.000276 0.378948  -0.029966 -0.072567 0.402282
37  1.326318 -0.000000 -0.000003  0.000001 -0.000001 0.584389
38  1.326319 -0.000004 0.000000  -0.000000 0.000000 1.343180
39  3.789473 0.000329 -0.378947  0.000745 -0.000290 0.383779
40  1.136844 0.000000 0.000001  0.000000 -0.000000 0.680332
41  1.136844 0.000002 0.000000  0.000000 0.000000 1.151298
42  3.789470 0.000929 -1.136841  0.042728 0.028628 0.286082
43  0.947367 -0.000001 -0.000000  0.000000 -0.000000 0.758811
44  0.947369 -0.000001 0.000000  -0.000000 -0.000000 0.854752
45  0.628265 1.045220 0.151088  1.674810 -1.370795 -0.003927
46  2.477387 -0.246917 -0.042969  -0.000000 0.000000 0.000000
47  -4.654931 -13.960458 -12.681248  -0.184071 -3.030700 -1.331857
time 16
0  -1.881380 7.691641 -22.602280  0.000000 -0.000000 -1.553390
1  0.000000 0.000000 0.000002  -1.570795 -1.570796 0.000000
2  1.326318 -0.003921 0.000002  -0.000004 -0.000001 0.000796
3  4.926312 -0.003923 0.000000  0.000000 -0.000000 -0.000000
4  4.926314 -0.003923 -0.000000  0.000000 0.000000 -0.000000
5  4.926315 -0.003923 0.000001  0.000000 -0.000000 0.000000
6  4.926318 -0.001510 -0.000000  0.000000 -0.000000 0.000000
7  -0.000001 0.001503 1.894737  0.625521 -0.725277 2.694015
8  4.926316 0.000004 0.000003  -0.413013 0.655682 -0.362596
9  11.368426 0.000005 -0.000000  -0.000000 -0.000001 -1.225915
10  11.368419 -0.000001 0.000000  -1.218282 -0.095002 0.238693
11  1.126230 0.104070 -1.358369  2.320138 0.490178 0.709856
12  2.373628 -0.000008 0.000001  0.000002 -0.000001 0.392485
13  1.071901 0.000005 -0.000002  -0.000000 0.000000 0.017445
14  3.789471 -0.000956 -1.136843  0.063529 0.143680 0.423159
15  1.136843 -0.000002 -0.000003  -0.000000 0.000000 0.505884
16  1.136840 -0.000001 -0.000001  -0.000000 -0.000000 0.680333
17  3.789470 -0.000353 -0.378951  0.022872 0.075107 0.306088
18  1.326315 0.000001 -0.000002  -0.000000 0.000000 0.610547
19  1.326318 0.000002 -0.000002  0.000000 -0.000000 1.003026
20  3.789469 0.000248 0.378946  -0.000684 0.000409 0.540749
21  1.136844 -0.000001 0.000002  -0.000000 0.000000 0.540775
22  1.136841 0.000000 0.000000  -0.000000 -0.000000 0.846016
23  3.789469 0.000850 1.136842  -0.057805 -0.136622 0.396498
24  0.947371 0.000003 -0.000004  0.000000 -0.000000 0.976870
25  0.947371 -0.000001 -0.000000  0.000000 0.000000 0.732629
26  -0.000001 0.001512 -1.894737  -0.000010 1.370797 3.140787
27  4.926314 -0.000004 -0.000000  1.075549 -0.785713 -1.230892
28  11.368423 -0.000005 -0.000000  -0.000000 0.000000 -1.060820
29  11.368423 -0.000011 -0.000000  2.377230 -0.089684 -0.064437
30  1.126227 0.104093 1.358370  -2.531476 -0.107920 0.780761
31  2.373625 -0.000005 -0.000000  -0.000002 0.000001 0.505855
32  1.071904 0.000005 0.000000  0.000000 -0.000000 0.785000
33  3.789472 -0.000879 1.136842  -0.033447 -0.153436 0.220569
34  1.136845 0.000001 -0.000000  -0.000000 0.000000 0.322721
35  1.136842 0.000001 -0.000001  0.000000 -0.000000 0.627981
36  3.789470 -0.000278 0.378949  -0.029978 -0.072567 0.402282
37  1.326317 0.000000 -0.000002  0.000001 -0.000001 0.584389
38  1.326316 -0.000001 0.000001  -0.000000 0.000000 1.343180
39  3.789471 0.000329 -0.378946  0.000745 -0.000290 0.383779
40  1.136844 -0.000001 0.000001  0.000000 -0.000000 0.680332
41  1.136845 -0.000001 0.000000  -0.000000 -0.000000 1.151298
42  3.789471 0.000929 -1.136842  0.042728 0.028628 0.286082
43  0.947368 -0.000001 0.000000  0.000000 -0.000000 0.758811
44  0.947370 -0.000000 0.000000  0.000000 0.000000 0.854752
45  0.628263 1.045220 0.151088  1.674810 -1.370795 -0.003926
46  2.477388 -0.246916 -0.042969  -0.000000 0.000000 0.000000
47  -5.365890 -15.577693 -15.720403  2.101584 -0.228810 1.891355
time 17
0  -1.881380 7.691641 -22.602280  0.000000 -0.000000 -1.553390
1  0.000000 0.000000 0.000002  -1.570795 -1.570796 0.000000
2  1.326318 -0.003921 0.000002  -0.000004 -0.000001 0.000796
3  4.926312 -0.003923 0.000000  0.000000 -0.000000 -0.000000
4  4.926314 -0.003923 -0.000000  0.000000 0.000000 -0.000000
5  4.926315 -0.003923 0.000001  0.000000 -0.000000 0.000000
6  4.926318 -0.001510 -0.000000  0.000000 -0.000000 0.000000
7  -0.000001 0.001503 1.894737  0.625521 -0.725277 2.694015
8  4.926316 0.000004 0.000003  -0.413013 0.655682 -0.362596
9  11.368426 0.000005 -0.000000  -0.000000 -0.000001 -1.225915
10  11.368419 -0.000001 0.000000  -1.218282 -0.095002 0.238693
11  1.126230 0.104070 -1.358369  2.320138 0.490178 0.709856
12  2.373628 -0.000008 0.000001  0.000002 -0.000001 0.392485
13  1.071901 0.000005 -0.000002  -0.000000 0.000000 0.017445
14  3.789471 -0.000956 -1.136843  0.063529 0.143680 0.423159
15  1.136843 -0.000002 -0.000003  -0.000000 0.000000 0.505884
16  1.136840 -0.000001 -0.000001  -0.000000 -0.000000 0.680333
17  3.789470 -0.000353 -0.378951  0.022872 0.075107 0.306088
18  1.326315 0.000001 -0.000002  -0.000000 0.000000 0.610547
19  1.326318 0.000002 -0.000002  0.000000 -0.000000 1.003026
20  3.789469 0.000248 0.378946  -0.000684 0.000409 0.540749
21  1.136844 -0.000001 0.000002  -0.000000 0.000000 0.540775
22  1.136841 0.000000 0.000000  -0.000000 -0.000000 0.846016
23  3.789469 0.000850 1.136842  -0.057805 -0.136622 0.396498
24  0.947371 0.000003 -0.000004  0.000000 -0.000000 0.976870
25  0.947371 -0.000001 -0.000000  0.000000 0.000000 0.732629
26  -0.000001 0.001512 -1.894737  -0.000010 1.370797 3.140787
27  4.926314 -0.000004 -0.000000  1.075549 -0.785713 -1.230892
28  11.368423 -0.000005 -0.000000  -0.000000 0.000000 -1.059889
29  11.368422 -0.000012 -0.000000  2.430898 -0.063042 -0.090381
30  1.126227 0.104093 1.358369  -2.526569 -0.106517 0.782403
31  2.373626 -0.000004 0.000000  -0.000002 0.000001 0.505855
32  1.071903 0.000006 -0.000001  0.000000 -0.000000 0.785000
33  3.789470 -0.000879 1.136843  -0.033447 -0.153436 0.220569
34  1.136843 0.000002 -0.000000  -0.000000 0.000000 0.322721
35  1.136842 0.000002 -0.000002  0.000000 -0.000000 0.627981
36  3.789468 -0.000277 0.378949  -0.029966 -0.072567 0.402282
37  1.326317 0.000000 -0.000001  0.000001 -0.000001 0.584389
38  1.326317 -0.000001 0.000001  -0.000000 0.000000 1.343180
39  3.789470 0.000328 -0.378946  0.000745 -0.000290 0.383779
40  1.136843 0.000001 -0.000000  0.000000 -0.000000 0.680332
41  1.136844 0.000001 0.000000  0.000000 0.000000 1.151298
42  3.789470 0.000930 -1.136841  0.042728 0.028628 0.286082
43  0.947369 -0.000002 0.000001  0.000000 -0.000000 0.758811
44  0.947369 -0.000001 0.000000  0.000000 -0.000000 0.854752
45  0.628263 1.045220 0.151088  1.674810 -1.370795 -0.003926
46  2.477387 -0.246916 -0.042969  -0.000000 0.000000 0.000000
47  -6.662804 -18.347311 -19.158007  0.918684 -0.183387 2.109111
time 18
0  -1.881380 7.691641 -22.602280  0.000000 -0.000000 -1.553390
1  0.000000 0.000000 0.000002  -1.570795 -1.570796 0.000000
2  1.326318 -0.003921 0.000002  -0.000004 -0.000001 0.000796
3  4.926312 -0.003923 0.000000  0.000000 -0.000000 -0.000000
4  4.926314 -0.003923 -0.000000  0.000000 0.000000 -0.000000
5  4.926315 -0.003923 0.000001  0.000000 -0.000000 0.000000
6  4.926318 -0.001510 -0.000000  0.000000 -0.000000 0.000000
7  -0.000001 0.001503 1.894737  0.625521 -0.725277 2.694015
8  4.926316 0.000004 0.000003  -0.413013 0.655682 -0.362596
9  11.368426 0.000005 -0.000000  -0.000000 -0.000001 -1.225915
10  11.368419 -0.000001 0.000000  -1.218282 -0.095002 0.238693
11  1.126230 0.104070 -1.358369  2.320138 0.490178 0.709856
12  2.373628 -0.000008 0.000001  0.000002 -0.000001 0.392485
13  1.071901 0.000005 -0.000002  -0.000000 0.000000 0.017445
14  3.789471 -0.000956 -1.136843  0.063529 0.143680 0.423159
15  1.136843 -0.000002 -0.000003  -0.000000 0.000000 0.505884
16  1.136840 -0.000001 -0.000001  -0.000000 -0.000000 0.680333
17  3.789470 -0.000353 -0.378951  0.022872 0.075107 0.306088
18  1.326315 0.000001 -0.000002  -0.000000 0.000000 0.610547
19  1.326318 0.000002 -0.000002  0.000000 -0.000000 1.003026
20  3.789469 0.000248 0.378946  -0.000684 0.000409 0.540749
21  1.136844 -0.000001 0.000002  -0.000000 0.000000 0.540775
22  1.136841 0.000000 0.000000  -0.000000 -0.000000 0.846016
23  3.789469 0.000850 1.136842  -0.057805 -0.136622 0.396498
24  0.947371 0.000003 -0.000004  0.000000 -0.000000 0.976870
25  0.947371 -0.000001 -0.000000  0.000000 0.000000 0.732629
26  -0.000001 0.001512 -1.894737  -0.000010 1.370797 3.140787
27  4.926314 -0.000004 -0.000000  1.075549 -0.785713 -1.230892
28  11.368423 -0.000005 -0.000000  -0.000000 0.000000 -1.060051
29  11.368423 -0.000013 -0.000001  2.486101 -0.035099 -0.115039
30  1.126226 0.104093 1.358369  -2.517193 -0.106374 0.785439
31  2.373624 -0.000004 -0.000000  -0.000002 0.000001 0.505855
32  1.071905 0.000004 -0.000001  0.000000 -0.000000 0.785000
33  3.789472 -0.000880 1.136843  -0.033447 -0.153436 0.220569
34  1.136843 0.000001 -0.000001  -0.000000 0.000000 0.322721
35  1.136842 0.000002 -0.000001  0.000000 -0.000000 0.627981
36  3.789470 -0.000276 0.378948  -0.029966 -0.072567 0.402282
37  1.326317 0.000000 -0.000002  0.000001 -0.000001 0.584389
38  1.326318 -0.000002 0.000000  -0.000000 0.000000 1.343180
39  3.789471 0.000329 -0.378947  0.000745 -0.000290 0.383779
40  1.136844 -0.000000 -0.000001  0.000000 -0.000000 0.680332
41  1.136846 0.000001 0.000000  0.000000 0.000000 1.151298
42  3.789471 0.000930 -1.136840  0.042728 0.028628 0.286082
43  0.947368 -0.000000 0.000000  0.000000 -0.000000 0.758811
44  0.947371 -0.000001 0.000000  0.000000 -0.000000 0.854752
45  0.628264 1.045221 0.151088  1.674810 -1.370795 -0.003926
46  2.477388 -0.246916 -0.042968  -0.000000 0.000000 0.000000
47  -4.947907 -15.308155 -22.525297  1.098375 -0.145899 2.072099
time 19
0  -1.881380 7.691641 -22.602280  0.000000 -0.000000 -1.553390
1  0.000000 0.000000 0.000002  -1.570795 -1.570796 0.000000
2  1.326318 -0.003921 0.000002  -0.000004 -0.000001 0.000796
3  4.926312 -0.003923 0.000000  0.000000 -0.000000 -0.000000
4  4.926314 -0.003923 -0.000000  0.000000 0.000000 -0.000000
5  4.926315 -0.003923 0.000001  0.000000 -0.000000 0.000000
6  4.926318 -0.001510 -0.000000  0.000000 -0.000000 0.000000
7  -0.000001 0.001503 1.894737  0.697378 -0.697591 2.647076
8  4.926316 0.000003 0.000003  -0.447655 0.608376 -0.360657
9  11.368427 0.000005 0.000000  -0.000000 -0.000001 -1.238093
10  11.368418 0.000001 0.000001  -1.215571 -0.087894 0.176792
11  1.126231 0.104070 -1.358371  2.275314 0.517851 0.681337
12  2.373628 -0.000006 0.000000  0.000002 -0.000001 0.392485
13  1.071900 0.000003 -0.000001  0.000000 0.000000 0.017445
14  3.789473 -0.000955 -1.136842  0.058652 0.145729 0.389315
15  1.136843 -0.000002 -0.000001  -0.000000 0.000000 0.505884
16  1.136841 -0.000002 0.000001  -0.000000 -0.000000 0.680333
17  3.789472 -0.000352 -0.378950  0.022872 0.075108 0.306088
18  1.326318 -0.000000 -0.000001  -0.000000 0.000000 0.679491
19  1.326318 0.000003 -0.000001  0.000000 -0.000000 1.055128
20  3.789470 0.000249 0.378945  -0.000684 0.000409 0.540749
21  1.136846 0.000001 0.000001  -0.000000 0.000000 0.611954
22  1.136842 -0.000001 0.000001  -0.000000 -0.000000 0.901714
23  3.789471 0.000851 1.136840  -0.057805 -0.136622 0.396498
24  0.947371 0.000004 -0.000000  0.000000 -0.000000 1.024760
25  0.947371 -0.000002 0.000001  0.000000 0.000000 0.795513
26  -0.000001 0.001512 -1.894737  -0.000010 1.370797 3.140787
27  4.926314 -0.000004 -0.000000  1.075549 -0.785713 -1.230892
28  11.368423 -0.000005 -0.000000  -0.000000 0.000000 -1.061669
29  11.368421 -0.000011 -0.000002  2.542071 -0.008743 -0.136074
30  1.126228 0.104092 1.358370  -2.507553 -0.106601 0.788557
31  2.373625 -0.000005 0.000000  -0.000002 0.000001 0.505855
32  1.071903 0.000005 -0.000000  0.000000 -0.000000 0.785000
33  3.789471 -0.000881 1.136843  -0.033447 -0.153436 0.220569
34  1.136844 0.000000 -0.000001  -0.000000 0.000000 0.322721
35  1.136843 -0.000001 -0.000001  0.000000 -0.000000 0.627981
36  3.789469 -0.000278 0.378949  -0.029966 -0.072567 0.402282
37  1.326317 -0.000001 -0.000001  0.000001 -0.000001 0.584389
38  1.326316 -0.000001 0.000001  -0.000000 0.000000 1.343180
39  3.789473 0.000327 -0.378946  0.000745 -0.000290 0.383779
40  1.136844 -0.000001 -0.000000  0.000000 -0.000000 0.680332
41  1.136845 -0.000001 0.000001  0.000000 -0.000000 1.151298
42  3.789470 0.000928 -1.136841  0.042728 0.028628 0.286082
43  0.947367 -0.000000 0.000001  0.000000 -0.000000 0.758811
44  0.947369 -0.000000 0.000000  -0.000000 0.000000 0.854752
45  0.628264 1.045219 0.151088  1.674810 -1.370795 -0.003926
46  2.477387 -0.246916 -0.042970  -0.000000 0.000000 0.000000
47  -3.811154 -13.589352 -19.626774  1.166632 -0.080485 2.056908
time 20
0  -1.881380 7.691641 -22.602280  0.000000 -0.000000 -1.553390
1  0.000000 0.000000 0.000002  -1.570795 -1.570796 0.000000
2  1.326318 -0.003921 0.000002  -0.000004 -0.000001 0.000796
3  4.926312 -0.003923 0.000000  0.000000 -0.000000 -0.000000
4  4.926314 -0.003923 -0.000000  0.000000 0.000000 -0.000000
5  4.926315 -0.003923 0.000001  0.000000 -0.000000 0.000000
6  4.926318 -0.001510 -0.000000  0.000000 -0.000000 0.000000
7  -0.000001 0.001503 1.894737  0.775382 -0.662999 2.597989
8  4.926315 0.000003 0.000003  -0.483607 0.554225 -0.352640
9  11.368427 0.000005 -0.000001  -0.000000 -0.000001 -1.251940
10  11.368419 0.000001 0.000000  -1.211132 -0.079082 0.106155
11  1.126231 0.104071 -1.358371  2.221265 0.550796 0.645149
12  2.373627 -0.000007 0.000000  0.000001 -0.000001 0.392485
13  1.071900 0.000003 -0.000001  0.000000 0.000000 0.017445
14  3.789472 -0.000954 -1.136841  0.053043 0.147838 0.350977
15  1.136843 -0.000002 -0.000000  -0.000000 0.000000 0.505884
16  1.136841 -0.000001 -0.000000  -0.000000 -0.000000 0.680333
17  3.789470 -0.000351 -0.378950  0.022872 0.075108 0.306088
18  1.326317 -0.000001 0.000001  -0.000000 -0.000000 0.758851
19  1.326318 -0.000000 0.000002  -0.000000 -0.000000 1.114648
20  3.789469 0.000249 0.378945  -0.000684 0.000409 0.540749
21  1.136847 -0.000001 -0.000000  -0.000000 0.000000 0.694089
22  1.136842 -0.000000 -0.000000  -0.000000 -0.000000 0.965327
23  3.789470 0.000850 1.136838  -0.057805 -0.136622 0.396498
24  0.947371 0.000003 -0.000001  0.000000 -0.000000 1.080289
25  0.947370 0.000000 0.000000  0.000000 0.000000 0.867333
26  -0.000001 0.001512 -1.894737  -0.000010 1.370797 3.140787
27  4.926314 -0.000004 -0.000000  1.075549 -0.785713 -1.230892
28  11.368423 -0.000005 -0.000000  -0.000000 0.000000 -1.065391
29  11.368423 -0.000013 -0.000000  2.597598 0.011127 -0.150366
30  1.126227 0.104093 1.358370  -2.502779 -0.106134 0.790116
31  2.373624 -0.000005 0.000001  -0.000002 0.000001 0.505855
32  1.071904 0.000005 0.000000  0.000000 -0.000000 0.785000
33  3.789473 -0.000880 1.136843  -0.033447 -0.153436 0.220569
34  1.136843 0.000003 -0.000001  -0.000000 0.000000 0.322721
35  1.136842 -0.000002 -0.000001  0.000000 -0.000000 0.627981
36  3.789470 -0.000276 0.378948  -0.029978 -0.072567 0.402282
37  1.326318 -0.000000 -0.000002  0.000001 -0.000000 0.584389
38  1.326317 0.000000 0.000001  -0.000000 0.000000 1.343180
39  3.789472 0.000329 -0.378945  0.000745 -0.000290 0.383779
40  1.136843 0.000001 -0.000000  0.000000 -0.000000 0.680332
41  1.136844 -0.000001 0.000000  0.000000 0.000000 1.151298
42  3.789470 0.000930 -1.136842  0.042728 0.028628 0.286082
43  0.947368 0.000000 -0.000001  0.000000 -0.000000 0.758811
44  0.947369 0.000002 0.000001  0.000000 0.000000 0.854752
45  0.628264 1.045220 0.151088  1.674810 -1.370795 -0.003926
46  2.477387 -0.246917 -0.042970  -0.000000 0.000000 0.000000
47  -3.264262 -12.866675 -14.978192  1.149002 -0.000535 2.053883
time 21
0  -1.881380 7.691641 -22.602280  0.000000 -0.000000 -1.553390
1  0.000000 0.000000 0.000002  -1.570795 -1.570796 0.000000
2  1.326318 -0.003921 0.000002  -0.000004 -0.000001 0.000796
3  4.926312 -0.003923 0.000000  0.000000 -0.000000 -0.000000
4  4.926314 -0.003923 -0.000000  0.000000 0.000000 -0.000000
5  4.926315 -0.003923 0.000001  0.000000 -0.000000 0.000000
6  4.926318 -0.001510 -0.000000  0.000000 -0.000000 0.000000
7  -0.000001 0.001503 1.894737  0.852289 -0.623893 2.551815
8  4.926317 0.000003 0.000003  -0.517743 0.497792 -0.338740
9  11.368426 0.000006 0.000000  -0.000000 -0.000001 -1.266407
10  11.368419 0.000000 0.000000  -1.207112 -0.069542 0.032520
11  1.126230 0.104070 -1.358370  2.162081 0.583346 0.604268
12  2.373627 -0.000007 0.000001  0.000001 -0.000001 0.392485
13  1.071901 0.000003 0.000000  0.000000 0.000000 0.017445
14  3.789472 -0.000955 -1.136843  0.047110 0.149828 0.310950
15  1.136843 -0.000002 0.000000  -0.000000 0.000000 0.505884
16  1.136841 -0.000001 -0.000001  -0.000000 -0.000000 0.680333
17  3.789470 -0.000352 -0.378950  0.022872 0.075108 0.306088
18  1.326317 -0.000002 -0.000000  -0.000000 -0.000000 0.841708
19  1.326317 0.000001 -0.000002  0.000000 -0.000000 1.176824
20  3.789469 0.000250 0.378947  -0.000684 0.000409 0.540749
21  1.136846 0.000001 -0.000000  -0.000000 0.000000 0.779914
22  1.136842 0.000001 -0.000001  -0.000000 -0.000000 1.031776
23  3.789469 0.000850 1.136840  -0.057805 -0.136622 0.396498
24  0.947370 0.000004 -0.000001  0.000000 -0.000000 1.138350
25  0.947371 0.000000 0.000000  0.000000 0.000000 0.942391
26  -0.000001 0.001512 -1.894737  -0.000010 1.370797 3.140787
27  4.926314 -0.000004 -0.000000  1.075549 -0.785713 -1.230892
28  11.368423 -0.000005 -0.000000  -0.000000 0.000000 -1.073320
29  11.368423 -0.000012 -0.000000  2.664278 0.019617 -0.155603
30  1.126228 0.104092 1.358368  -2.502779 -0.106134 0.790116
31  2.373625 -0.000005 0.000001  -0.000002 0.000001 0.505855
32  1.071903 0.000006 -0.000002  0.000000 -0.000000 0.785000
33  3.789473 -0.000880 1.136842  -0.033447 -0.153436 0.220569
34  1.136843 0.000001 -0.000001  -0.000000 0.000000 0.322721
35  1.136843 0.000000 -0.000001  0.000000 -0.000000 0.627981
36  3.789470 -0.000277 0.378947  -0.029966 -0.072567 0.402282
37  1.326318 0.000002 -0.000001  0.000001 -0.000001 0.584389
38  1.326316 0.000000 0.000002  -0.000000 0.000000 1.343180
39  3.789472 0.000328 -0.378946  0.000745 -0.000290 0.383779
40  1.136845 0.000000 -0.000001  0.000000 -0.000000 0.680332
41  1.136845 0.000001 -0.000001  0.000000 -0.000000 1.151298
42  3.789472 0.000929 -1.136842  0.042728 0.028628 0.286082
43  0.947369 -0.000001 0.000001  0.000000 -0.000000 0.758811
44  0.947369 -0.000000 0.000001  0.000000 -0.000000 0.854752
45  0.628265 1.045220 0.151087  1.674810 -1.370795 -0.003926
46  2.477388 -0.246916 -0.042971  -0.000000 0.000000 0.000000
47  -3.420517 -13.058085 -13.423457  1.070752 0.086588 2.051823
time 22
0  -1.881380 7.691641 -22.602280  0.000000 -0.000000 -1.553390
1  0.000000 0.000000 0.000002  -1.570795 -1.570796 0.000000
2  1.326318 -0.003921 0.000002  -0.000004 -0.000001 0.000796
3  4.926312 -0.003923 0.000000  0.000000 -0.000000 -0.000000
4  4.926314 -0.003923 -0.000000  0.000000 0.000000 -0.000000
5  4.926315 -0.003923 0.000001  0.000000 -0.000000 0.000000
6  4.926318 -0.001510 -0.000000  0.000000 -0.000000 0.000000
7  -0.000001 0.001503 1.894737  0.932598 -0.577398 2.506403
8  4.926316 0.000004 0.000003  -0.552338 0.435527 -0.317470
9  11.368426 0.000006 0.000000  -0.000000 -0.000001 -1.282503
10  11.368419 0.000002 0.000000  -1.204402 -0.058950 -0.049195
11  1.126229 0.104071 -1.358371  2.093560 0.615777 0.555962
12  2.373626 -0.000008 0.000000  0.000001 -0.000001 0.392485
13  1.071900 0.000002 -0.000001  0.000000 0.000000 0.017445
14  3.789471 -0.000953 -1.136842  0.040399 0.151757 0.266275
15  1.136843 -0.000002 0.000000  -0.000000 0.000000 0.505884
16  1.136840 -0.000001 -0.000000  -0.000000 -0.000000 0.680333
17  3.789470 -0.000352 -0.378950  0.022872 0.075108 0.306088
18  1.326319 -0.000001 -0.000001  -0.000000 -0.000000 0.933465
19  1.326319 0.000002 0.000000  -0.000000 -0.000000 1.245821
20  3.789469 0.000251 0.378946  -0.000684 0.000409 0.540748
21  1.136845 0.000000 0.000001  -0.000000 0.000000 0.874869
22  1.136842 0.000002 0.000001  -0.000000 -0.000000 1.105589
23  3.789469 0.000850 1.136839  -0.057805 -0.136622 0.396498
24  0.947373 0.000003 -0.000000  0.000000 -0.000001 1.202392
25  0.947371 0.000001 0.000002  0.000000 0.000000 1.025689
26  -0.000001 0.001512 -1.894737  -0.000010 1.370797 3.140787
27  4.926314 -0.000004 -0.000000  1.075549 -0.785713 -1.230892
28  11.368423 -0.000005 -0.000000  -0.000000 0.000000 -1.085819
29  11.368422 -0.000011 -0.000002  2.746314 0.018706 -0.154534
30  1.126227 0.104091 1.358370  -2.502779 -0.106134 0.790116
31  2.373625 -0.000005 0.000000  -0.000002 0.000001 0.505855
32  1.071904 0.000005 -0.000001  0.000000 -0.000000 0.785000
33  3.789472 -0.000882 1.136843  -0.033447 -0.153436 0.220569
34  1.136842 0.000001 -0.000001  -0.000000 0.000000 0.322721
35  1.136843 -0.000002 -0.000000  0.000000 -0.000000 0.627981
36  3.789469 -0.000278 0.378949  -0.029966 -0.072567 0.402282
37  1.326318 -0.000001 -0.000002  0.000001 -0.000001 0.584389
38  1.326318 -0.000003 0.000001  -0.000000 0.000000 1.343180
39  3.789471 0.000326 -0.378945  0.000745 -0.000290 0.383779
40  1.136844 0.000002 -0.000000  0.000000 -0.000000 0.680332
41  1.136845 -0.000002 0.000000  0.000000 -0.000000 1.151298
42  3.789470 0.000927 -1.136841  0.042728 0.028628 0.286082
43  0.947367 -0.000003 0.000000  0.000000 -0.000000 0.758811
44  0.947371 -0.000001 0.000001  0.000000 -0.000000 0.854752
45  0.628263 1.045218 0.151088  1.674810 -1.370795 -0.003926
46  2.477388 -0.246916 -0.042970  -0.000000 0.000000 0.000000
47  -3.936158 -13.546382 -12.427333  0.955735 0.174954 2.042747
time 23
0  -1.881380 7.691641 -22.602280  0.000000 -0.000000 -1.553390
1  0.000000 0.000000 0.000002  -1.570795 -1.570796 0.000000
2  1.326318 -0.003921 0.000002  -0.000004 -0.000001 0.000796
3  4.926312 -0.003923 0.000000  0.000000 -0.000000 -0.000000
4  4.926314 -0.003923 -0.000000  0.000000 0.000000 -0.000000
5  4.926315 -0.003923 0.000001  0.000000 -0.000000 0.000000
6  4.926318 -0.001510 -0.000000  0.000000 -0.000000 0.000000
7  -0.000001 0.001503 1.894737  1.021615 -0.518664 2.459976
8  4.926316 0.000004 0.000003  -0.589852 0.362577 -0.285273
9  11.368426 0.000006 0.000000  -0.000000 -0.000001 -1.301663
10  11.368420 0.000001 0.000001  -1.204544 -0.047054 -0.146214
11  1.126230 0.104071 -1.358369  2.009521 0.647404 0.496110
12  2.373627 -0.000007 0.000000  0.000001 -0.000001 0.392485
13  1.071900 0.000001 -0.000002  0.000000 0.000000 0.017445
14  3.789472 -0.000955 -1.136843  0.032261 0.153688 0.212793
15  1.136843 -0.000002 -0.000000  -0.000000 0.000000 0.505884
16  1.136841 -0.000002 -0.000000  -0.000000 -0.000000 0.680333
17  3.789471 -0.000352 -0.378950  0.022872 0.075108 0.306088
18  1.326317 -0.000002 -0.000002  -0.000000 -0.000000 1.041778
19  1.326317 0.000002 0.000000  -0.000000 -0.000000 1.327730
20  3.789469 0.000250 0.378946  -0.000684 0.000409 0.540749
21  1.136845 0.000001 0.000000  -0.000000 0.000000 0.986520
22  1.136843 -0.000001 0.000000  -0.000000 0.000000 1.193116
23  3.789470 0.000851 1.136841  -0.057805 -0.136622 0.396498
24  0.947371 0.000003 -0.000000  0.000000 -0.000000 1.277391
25  0.947370 0.000002 0.000000  0.000000 0.000000 1.124524
26  -0.000001 0.001512 -1.894737  -0.000010 1.370797 3.140787
27  4.926314 -0.000004 -0.000000  1.075549 -0.785713 -1.230892
28  11.368423 -0.000005 -0.000000  -0.000000 0.000000 -1.100181
29  11.368423 -0.000012 -0.000001  2.825562 0.012664 -0.150955
30  1.126228 0.104091 1.358370  -2.502778 -0.106134 0.790116
31  2.373624 -0.000004 0.000001  -0.000002 0.000001 0.505855
32  1.071903 0.000005 -0.000001  0.000000 -0.000000 0.785000
33  3.789475 -0.000881 1.136842  -0.033447 -0.153436 0.220569
34  1.136842 0.000001 -0.000001  -0.000000 0.000000 0.322721
35  1.136843 -0.000001 -0.000001  0.000000 -0.000000 0.627981
36  3.789471 -0.000278 0.378948  -0.029966 -0.072567 0.402282
37  1.326317 0.000000 -0.000002  0.000001 -0.000000 0.584389
38  1.326317 -0.000002 0.000000  -0.000000 0.000000 1.343180
39  3.789472 0.000328 -0.378945  0.000745 -0.000290 0.383779
40  1.136843 0.000001 -0.000000  0.000000 -0.000000 0.680332
41  1.136845 0.000000 0.000000  0.000000 -0.000000 1.151298
42  3.789473 0.000928 -1.136842  0.042728 0.028628 0.286082
43  0.947369 0.000000 -0.000000  0.000000 -0.000000 0.758811
44  0.947370 -0.000001 0.000000  0.000000 -0.000000 0.854752
45  0.628265 1.045219 0.151088  1.674810 -1.370795 -0.003926
46  2.477388 -0.246917 -0.042970  -0.000000 0.000000 0.000000
47  -4.561177 -13.526850 -10.739782  0.827236 0.258060 2.023436
time 24
0  -1.881380 7.691641 -22.602280  0.000000 -0.000000 -1.553390
1  0.000000 0.000000 0.000002  -1.570795 -1.570796 0.000000
2  1.326318 -0.003921 0.000002  -0.000004 -0.000001 0.000796
3  4.926312 -0.003923 0.000000  0.000000 -0.000000 -0.000000
4  4.926314 -0.003923 -0.000000  0.000000 0.000000 -0.000000
5  4.926315 -0.003923 0.000001  0.000000 -0.000000 0.000000
6  4.926318 -0.001510 -0.000000  0.000000 -0.000000 0.000000
7  -0.000001 0.001503 1.894737  1.117401 -0.446664 2.415467
8  4.926316 0.000003 0.000002  -0.629546 0.279702 -0.239856
9  11.368428 0.000005 -0.000000  -0.000000 -0.000001 -1.324003
10  11.368419 -0.000000 0.000001  -1.212025 -0.036096 -0.259135
11  1.126230 0.104071 -1.358369  1.912305 0.670822 0.428261
12  2.373627 -0.000007 -0.000000  0.000001 -0.000001 0.392485
13  1.071899 0.000002 -0.000001  0.000000 0.000000 0.017445
14  3.789473 -0.000955 -1.136841  0.022519 0.155402 0.149520
15  1.136843 -0.000003 0.000001  -0.000000 0.000000 0.505884
16  1.136840 -0.000002 0.000001  -0.000000 -0.000000 0.680333
17  3.789472 -0.000352 -0.378950  0.022872 0.075108 0.306088
18  1.326316 -0.000001 0.000001  -0.000000 -0.000000 1.165636
19  1.326319 0.000001 -0.000000  -0.000000 -0.000000 1.422641
20  3.789472 0.000249 0.378947  -0.000684 0.000409 0.540749
21  1.136846 0.000000 -0.000001  -0.000000 0.000000 1.113375
22  1.136842 0.000000 0.000001  -0.000000 -0.000000 1.294566
23  3.789470 0.000850 1.136840  -0.057805 -0.136622 0.396498
24  0.947371 0.000003 -0.000000  0.000000 -0.000000 1.361689
25  0.947370 0.000001 0.000000  0.000000 0.000000 1.239058
26  -0.000001 0.001512 -1.894737  -0.000010 1.370797 3.140787
27  4.926314 -0.000004 -0.000000  1.075549 -0.785713 -1.230892
28  11.368423 -0.000005 -0.000000  -0.000000 -0.000000 -1.113207
29  11.368423 -0.000010 -0.000002  2.881290 0.007820 -0.148599
30  1.126227 0.104092 1.358369  -2.502779 -0.106134 0.790116
31  2.373625 -0.000005 0.000001  -0.000002 0.000001 0.505855
32  1.071905 0.000005 0.000000  0.000000 -0.000000 0.785000
33  3.789473 -0.000880 1.136842  -0.033447 -0.153436 0.220569
34  1.136844 0.000002 -0.000001  -0.000000 0.000000 0.322721
35  1.136844 -0.000002 -0.000003  0.000000 -0.000000 0.627981
36  3.789470 -0.000277 0.378947  -0.029966 -0.072567 0.402282
37  1.326317 0.000001 -0.000000  0.000001 -0.000000 0.584389
38  1.326316 -0.000001 -0.000001  -0.000000 0.000000 1.343180
39  3.789472 0.000328 -0.378946  0.000745 -0.000290 0.383779
40  1.136843 0.000000 -0.000001  0.000000 -0.000000 0.680332
41  1.136846 -0.000001 -0.000000  0.000000 -0.000000 1.151298
42  3.789471 0.000929 -1.136842  0.042728 0.028628 0.286082
43  0.947368 -0.000000 0.000000  0.000000 -0.000000 0.758811
44  0.947370 -0.000000 0.000001  0.000000 0.000000 0.854752
45  0.628264 1.045220 0.151087  1.674810 -1.370795 -0.003926
46  2.477387 -0.246917 -0.042970  -0.000000 0.000000 0.000000
47  -5.311201 -13.319813 -8.911600  0.710050 0.330455 1.996144
time 25
0  -1.881380 7.691641 -22.602280  0.000000 -0.000000 -1.553390
1  0.000000 0.000000 0.000002  -1.570795 -1.570796 0.000000
2  1.326318 -0.003921 0.000002  -0.000004 -0.000001 0.000796
3  4.926312 -0.003923 0.000000  0.000000 -0.000000 -0.000000
4  4.926314 -0.003923 -0.000000  0.000000 0.000000 -0.000000
5  4.926315 -0.003923 0.000001  0.000000 -0.000000 0.000000
6  4.926318 -0.001510 -0.000000  0.000000 -0.000000 0.000000
7  -0.000001 0.001503 1.894737  1.198807 -0.378268 2.382780
8  4.926316 0.000004 0.000003  -0.662098 0.204796 -0.193339
9  11.368425 0.000006 0.000000  -0.000000 -0.000001 -1.344792
10  11.368419 0.000002 -0.000000  -1.236708 -0.035887 -0.363293
11  1.126230 0.104071 -1.358367  1.838922 0.665033 0.386605
12  2.373627 -0.000008 0.000000  0.000002 -0.000001 0.392485
13  1.071899 0.000003 -0.000001  -0.000000 0.000000 0.017445
14  3.789473 -0.000955 -1.136840  0.012979 0.156468 0.088142
15  1.136843 -0.000003 -0.000000  -0.000000 0.000000 0.505884
16  1.136840 -0.000001 -0.000000  -0.000000 -0.000000 0.680333
17  3.789472 -0.000353 -0.378948  0.022872 0.075108 0.306088
18  1.326317 -0.000001 -0.000001  -0.000000 -0.000000 1.273444
19  1.326318 0.000000 0.000000  -0.000000 -0.000000 1.508945
20  3.789471 0.000250 0.378947  -0.000684 0.000409 0.540749
21  1.136846 -0.000000 0.000000  -0.000000 0.000000 1.221075
22  1.136844 -0.000001 0.000000  -0.000000 0.000000 1.386791
23  3.789470 0.000850 1.136842  -0.057805 -0.136622 0.396498
24  0.947373 0.000003 0.000000  0.000000 -0.000000 1.430446
25  0.947371 -0.000000 0.000001  0.000000 0.000000 1.343181
26  -0.000001 0.001512 -1.894737  -0.000010 1.370797 3.140787
27  4.926314 -0.000004 -0.000000  1.075549 -0.785713 -1.230892
28  11.368423 -0.000005 -0.000000  -0.000000 0.000000 -1.121662
29  11.368423 -0.000012 0.000001  2.894182 0.011127 -0.150366
30  1.126227 0.104092 1.358370  -2.502778 -0.106134 0.790115
31  2.373627 -0.000005 0.000001  -0.000002 0.000001 0.505855
32  1.071903 0.000005 -0.000001  0.000000 -0.000000 0.785000
33  3.789472 -0.000880 1.136843  -0.033447 -0.153436 0.220569
34  1.136845 0.000002 -0.000000  -0.000000 0.000000 0.322721
35  1.136844 -0.000003 0.000000  0.000000 -0.000000 0.627981
36  3.789470 -0.000277 0.378949  -0.029966 -0.072567 0.402282
37  1.326318 0.000000 -0.000001  0.000001 -0.000001 0.584389
38  1.326318 -0.000001 -0.000000  -0.000000 0.000000 1.343180
39  3.789472 0.000328 -0.378944  0.000745 -0.000290 0.383779
40  1.136844 0.000003 -0.000000  0.000000 -0.000000 0.680332
41  1.136846 -0.000002 0.000000  -0.000000 0.000000 1.151298
42  3.789472 0.000928 -1.136840  0.042728 0.028628 0.286082
43  0.947368 0.000001 0.000000  0.000000 -0.000000 0.758811
44  0.947369 -0.000002 -0.000000  0.000000 -0.000000 0.854752
45  0.628264 1.045220 0.151089  1.674810 -1.370795 -0.003927
46  2.477388 -0.246916 -0.042969  -0.000000 0.000000 0.000000
47  -5.881530 -13.159653 -7.559998  0.631517 0.388983 1.968143
time 26
0  -1.881380 7.691641 -22.602280  0.000000 -0.000000 -1.553390
1  0.000000 0.000000 0.000002  -1.570795 -1.570796 0.000000
2  1.326318 -0.003921 0.000002  -0.000004 -0.000001 0.000796
3  4.926312 -0.003923 0.000000  0.000000 -0.000000 -0.000000
4  4.926314 -0.003923 -0.000000  0.000000 0.000000 -0.000000
5  4.926315 -0.003923 0.000001  0.000000 -0.000000 0.000000
6  4.926318 -0.001510 -0.000000  0.000000 -0.000000 0.000000
7  -0.000001 0.001503 1.894737  1.198807 -0.378268 2.382780
8  4.926316 0.000004 0.000003  -0.639034 0.167089 -0.236720
9  11.368428 0.000007 -0.000000  -0.000000 -0.000001 -1.352433
10  11.368419 0.000001 0.000000  -1.512649 -0.183639 -0.365290
11  1.126231 0.104070 -1.358368  2.028536 0.267756 0.673137
12  2.373627 -0.000006 0.000001  0.000002 -0.000001 0.376642
13  1.071900 0.000002 -0.000001  -0.000000 0.000000 0.017445
14  3.789473 -0.000955 -1.136840  0.003284 0.156959 0.025986
15  1.136843 -0.000002 0.000000  -0.000000 0.000000 0.505884
16  1.136841 -0.000002 0.000002  -0.000000 -0.000000 0.680333
17  3.789471 -0.000352 -0.378948  0.013176 0.077397 0.178961
18  1.326316 -0.000001 -0.000002  -0.000000 -0.000000 1.194279
19  1.326318 0.000001 -0.000000  -0.000000 -0.000000 1.508945
20  3.789470 0.000249 0.378947  -0.000732 0.000325 0.429824
21  1.136845 0.000001 0.000001  -0.000000 0.000000 1.095971
22  1.136843 0.000000 -0.000000  -0.000000 0.000000 1.386791
23  3.789471 0.000849 1.136842  -0.046755 -0.140769 0.316600
24  0.947373 0.000003 -0.000000  0.000000 -0.000000 1.300791
25  0.947371 -0.000001 0.000001  0.000000 0.000000 1.343181
26  -0.000001 0.001512 -1.894737  -0.000010 1.370797 3.140787
27  4.926314 -0.000004 -0.000000  1.075549 -0.785713 -1.230892
28  11.368423 -0.000005 -0.000000  -0.000000 0.000000 -1.131573
29  11.368423 -0.000011 0.000001  2.857649 0.028315 -0.166404
30  1.126227 0.104092 1.358369  -2.502779 -0.106134 0.790116
31  2.373626 -0.000004 -0.000000  -0.000002 0.000001 0.505855
32  1.071905 0.000006 0.000000  0.000000 -0.000000 0.785000
33  3.789472 -0.000881 1.136843  -0.033447 -0.153436 0.220569
34  1.136844 -0.000001 -0.000001  -0.000000 0.000000 0.322721
35  1.136843 0.000000 -0.000001  0.000000 -0.000000 0.627981
36  3.789469 -0.000277 0.378949  -0.029978 -0.072567 0.402282
37  1.326317 -0.000001 -0.000001  0.000001 -0.000001 0.584389
38  1.326317 0.000001 0.000000  -0.000000 0.000000 1.343180
39  3.789471 0.000328 -0.378945  0.000745 -0.000290 0.383779
40  1.136844 0.000002 -0.000001  0.000000 -0.000000 0.680332
41  1.136845 -0.000000 0.000000  0.000000 0.000000 1.151298
42  3.789470 0.000929 -1.136842  0.042728 0.028628 0.286082
43  0.947368 -0.000001 -0.000000  0.000000 -0.000000 0.758811
44  0.947370 -0.000001 0.000000  0.000000 0.000000 0.854752
45  0.628263 1.045220 0.151088  1.674811 -1.370795 -0.003926
46  2.477388 -0.246917 -0.042970  -0.000000 0.000000 0.000000
47  -5.959657 -13.097150 -7.130296  0.549779 0.413082 1.962415
time 27
0  -1.881380 7.691641 -22.602280  0.000000 -0.000000 -1.553390
1  0.000000 0.000000 0.000002  -1.570795 -1.570796 0.000000
2  1.326318 -0.003921 0.000002  -0.000004 -0.000001 0.000796
3  4.926312 -0.003923 0.000000  0.000000 -0.000000 -0.000000
4  4.926314 -0.003923 -0.000000  0.000000 0.000000 -0.000000
5  4.926315 -0.003923 0.000001  0.000000 -0.000000 0.000000
6  4.926318 -0.001510 -0.000000  0.000000 -0.000000 0.000000
7  -0.000001 0.001503 1.894737  1.198807 -0.378268 2.382780
8  4.926316 0.000004 0.000003  -0.640389 0.168972 -0.310196
9  11.368427 0.000007 -0.000001  -0.000000 -0.000001 -1.340875
10  11.368420 0.000001 0.000001  -2.102579 -0.398743 -0.111864
11  1.126230 0.104071 -1.358370  2.245936 0.546363 1.038124
12  2.373627 -0.000008 0.000001  0.000002 -0.000001 0.345824
13  1.071900 0.000005 -0.000001  -0.000000 0.000000 0.017445
14  3.789472 -0.000955 -1.136842  -0.003967 0.156948 -0.020379
15  1.136843 -0.000002 0.000000  -0.000000 0.000000 0.505884
16  1.136842 -0.000002 0.000000  -0.000000 -0.000000 0.680333
17  3.789472 -0.000352 -0.378949  -0.006131 0.078272 -0.068289
18  1.326317 -0.000000 -0.000001  -0.000000 -0.000000 0.892930
19  1.326317 0.000002 0.000001  -0.000000 -0.000000 1.508945
20  3.789469 0.000249 0.378947  -0.000780 0.000158 0.214121
21  1.136845 0.000000 -0.000001  -0.000000 0.000000 0.701356
22  1.136842 0.000001 -0.000000  -0.000000 -0.000000 1.386833
23  3.789470 0.000849 1.136841  -0.024463 -0.146269 0.161004
24  0.947370 0.000004 -0.000000  0.000000 -0.000000 0.947840
25  0.947370 -0.000001 -0.000000  0.000000 0.000000 1.343181
26  -0.000001 0.001512 -1.894737  -0.000010 1.370797 3.140787
27  4.926314 -0.000004 -0.000000  1.075549 -0.785713 -1.230892
28  11.368423 -0.000005 -0.000000  -0.000000 0.000000 -1.144600
29  11.368423 -0.000012 0.000001  2.777472 0.054202 -0.196887
30  1.126227 0.104092 1.358370  -2.502779 -0.106134 0.790116
31  2.373626 -0.000004 -0.000000  -0.000002 0.000001 0.505855
32  1.071903 0.000005 0.000000  0.000000 -0.000000 0.785000
33  3.789472 -0.000880 1.136842  -0.033447 -0.153436 0.220569
34  1.136843 0.000002 -0.000002  -0.000000 0.000000 0.322721
35  1.136842 0.000000 -0.000000  0.000000 -0.000000 0.627981
36  3.789471 -0.000276 0.378948  -0.029966 -0.072567 0.402282
37  1.326318 -0.000001 -0.000003  0.000001 -0.000001 0.584389
38  1.326317 -0.000001 0.000001  -0.000000 0.000000 1.343180
39  3.789472 0.000329 -0.378946  0.000745 -0.000290 0.383779
40  1.136844 0.000001 -0.000000  0.000000 -0.000000 0.680332
41  1.136845 -0.000001 0.000000  -0.000000 -0.000000 1.151298
42  3.789471 0.000929 -1.136842  0.042728 0.028628 0.286082
43  0.947368 0.000000 0.000000  0.000000 -0.000000 0.758811
44  0.947369 -0.000001 0.000000  -0.000000 -0.000000 0.854752
45  0.628264 1.045219 0.151088  1.674811 -1.370795 -0.003926
46  2.477388 -0.246917 -0.042969  -0.000000 0.000000 0.000000
47  -5.861998 -13.085432 -7.181079  0.459839 0.406962 1.966470
time 28
0  -1.881380 7.691641 -22.602280  0.000000 -0.000000 -1.553390
1  0.000000 0.000000 0.000002  -1.570795 -1.570796 0.000000
2  1.326318 -0.003921 0.000002  -0.000004 -0.000001 0.000796
3  4.926312 -0.003923 0.000000  0.000000 -0.000000 -0.000000
4  4.926314 -0.003923 -0.000000  0.000000 0.000000 -0.000000
5  4.926315 -0.003923 0.000001  0.000000 -0.000000 0.000000
6  4.926318 -0.001510 -0.000000  0.000000 -0.000000 0.000000
7  -0.000001 0.001503 1.894737  1.198807 -0.378268 2.382780
8  4.926316 0.000004 0.000003  -0.642962 0.172269 -0.365021
9  11.368427 0.000006 0.000000  -0.000000 -0.000001 -1.331488
10  11.368418 0.000000 0.000000  -2.595932 -0.439143 0.156349
11  1.126230 0.104071 -1.358369  1.898106 0.865308 0.471590
12  2.373626 -0.000008 0.000001  0.000002 -0.000001 0.322697
13  1.071900 0.000003 -0.000002  -0.000000 0.000000 0.017445
14  3.789472 -0.000954 -1.136841  -0.009072 0.156732 -0.053106
15  1.136843 -0.000002 0.000000  -0.000000 0.000000 0.505884
16  1.136840 0.000000 -0.000000  -0.000000 -0.000000 0.680333
17  3.789471 -0.000353 -0.378950  -0.020453 0.075803 -0.253754
18  1.326318 -0.000001 -0.000001  -0.000000 -0.000000 0.662857
19  1.326318 0.000001 -0.000002  -0.000000 -0.000000 1.508945
20  3.789470 0.000249 0.378946  -0.000792 0.000050 0.052331
21  1.136842 0.000000 -0.000000  -0.000000 0.000000 0.401212
22  1.136842 0.000002 0.000000  -0.000000 -0.000000 1.386791
23  3.789471 0.000849 1.136841  -0.007325 -0.148091 0.044200
24  0.947371 0.000003 0.000000  0.000000 -0.000000 0.680322
25  0.947371 -0.000000 0.000001  0.000000 0.000000 1.343181
26  -0.000001 0.001512 -1.894737  -0.000010 1.370797 3.140787
27  4.926314 -0.000004 -0.000000  1.075549 -0.785713 -1.230892
28  11.368423 -0.000005 -0.000000  -0.000000 -0.000000 -1.149697
29  11.368423 -0.000011 0.000000  2.667590 0.076468 -0.223857
30  1.126229 0.104093 1.358370  -2.502779 -0.106134 0.790116
31  2.373624 -0.000003 0.000000  -0.000002 0.000001 0.505855
32  1.071903 0.000006 0.000001  0.000000 -0.000000 0.785000
33  3.789473 -0.000880 1.136843  -0.033447 -0.153436 0.220569
34  1.136845 0.000000 -0.000000  -0.000000 0.000000 0.322721
35  1.136842 0.000000 -0.000001  0.000000 -0.000000 0.627981
36  3.789470 -0.000276 0.378949  -0.029978 -0.072567 0.402282
37  1.326317 0.000001 -0.000002  0.000001 -0.000001 0.584389
38  1.326316 -0.000001 0.000000  -0.000000 0.000000 1.343180
39  3.789471 0.000329 -0.378946  0.000745 -0.000290 0.383779
40  1.136844 0.000001 0.000000  0.000000 -0.000000 0.680332
41  1.136845 -0.000001 -0.000000  0.000000 -0.000000 1.151298
42  3.789472 0.000929 -1.136841  0.042728 0.028628 0.286082
43  0.947367 -0.000000 0.000001  0.000000 -0.000000 0.758811
44  0.947370 -0.000001 0.000001  0.000000 0.000000 0.854752
45  0.628263 1.045220 0.151088  1.674810 -1.370795 -0.003926
46  2.477388 -0.246917 -0.042969  -0.000000 0.000000 0.000000
47  -6.252635 -13.163558 -6.962321  0.443718 0.403136 1.933577
time 29
0  -1.881380 7.691641 -22.602280  0.000000 -0.000000 -1.553390
1  0.000000 0.000000 0.000002  -1.570795 -1.570796 0.000000
2  1.326318 -0.003921 0.000002  -0.000004 -0.000001 0.000796
3  4.926312 -0.003923 0.000000  0.000000 -0.000000 -0.000000
4  4.926314 -0.003923 -0.000000  0.000000 0.000000 -0.000000
5  4.926315 -0.003923 0.000001  0.000000 -0.000000 0.000000
6  4.926318 -0.001510 -0.000000  0.000000 -0.000000 0.000000
7  -0.000001 0.001503 1.894737  1.198807 -0.378268 2.382780
8  4.926316 0.000004 0.000003  -0.635634 0.141843 -0.426342
9  11.368428 0.000005 -0.000000  -0.000000 -0.000001 -1.327105
10  11.368418 -0.000001 0.000001  -2.595932 -0.439143 0.156349
11  1.126230 0.104070 -1.358370  1.898106 0.865308 0.471589
12  2.373627 -0.000007 0.000001  0.000002 -0.000001 0.322697
13  1.071900 0.000003 -0.000001  -0.000000 0.000000 0.017445
14  3.789474 -0.000955 -1.136842  -0.009073 0.156732 -0.053106
15  1.136844 -0.000002 0.000001  -0.000000 0.000000 0.505884
16  1.136840 -0.000002 0.000001  -0.000000 -0.000000 0.680333
17  3.789471 -0.000353 -0.378949  -0.020453 0.075803 -0.253754
18  1.326318 -0.000000 -0.000002  -0.000000 -0.000000 0.662857
19  1.326317 0.000000 -0.000000  -0.000000 -0.000000 1.508945
20  3.789470 0.000249 0.378945  -0.000792 0.000050 0.052331
21  1.136845 0.000001 0.000001  -0.000000 0.000000 0.401212
22  1.136841 0.000002 -0.000001  -0.000000 0.000000 1.386791
23  3.789470 0.000849 1.136840  -0.007325 -0.148091 0.044200
24  0.947370 0.000003 -0.000001  0.000000 -0.000000 0.680322
25  0.947370 -0.000000 0.000001  0.000000 0.000000 1.343181
26  -0.000001 0.001512 -1.894737  -0.000010 1.370797 3.140787
27  4.926314 -0.000004 -0.000000  1.075549 -0.785713 -1.230892
28  11.368423 -0.000005 -0.000000  -0.000000 0.000000 -1.139786
29  11.368422 -0.000011 0.000001  2.551850 0.088500 -0.231146
30  1.126228 0.104092 1.358370  -2.502779 -0.106134 0.790116
31  2.373626 -0.000004 0.000001  -0.000002 0.000001 0.505855
32  1.071904 0.000005 -0.000000  0.000000 -0.000000 0.785000
33  3.789474 -0.000881 1.136844  -0.033447 -0.153436 0.220569
34  1.136844 0.000000 -0.000000  -0.000000 0.000000 0.322721
35  1.136843 -0.000000 -0.000001  0.000000 -0.000000 0.627981
36  3.789471 -0.000278 0.378949  -0.029966 -0.072567 0.402282
37  1.326317 0.000001 -0.000001  0.000001 -0.000001 0.584389
38  1.326317 0.000000 -0.000000  -0.000000 0.000000 1.343180
39  3.789473 0.000329 -0.378945  0.000745 -0.000290 0.383779
40  1.136843 0.000002 -0.000000  0.000000 -0.000000 0.680332
41  1.136845 -0.000001 0.000001  0.000000 0.000000 1.151298
42  3.789471 0.000928 -1.136841  0.042728 0.028628 0.286082
43  0.947368 -0.000001 0.000000  0.000000 -0.000000 0.758811
44  0.947370 -0.000000 0.000000  0.000000 0.000000 0.854752
45  0.628264 1.045219 0.151089  1.674811 -1.370795 -0.003926
46  2.477387 -0.246918 -0.042970  -0.000000 0.000000 0.000000
47  -7.354231 -13.358877 -6.235738  0.614830 0.427428 1.803423
time 30
0  -1.881380 7.691641 -22.602280  0.000000 -0.000000 -1.553390
1  0.000000 0.000000 0.000002  -1.570795 -1.570796 0.000000
2  1.326318 -0.003921 0.000002  -0.000004 -0.000001 0.000796
3  4.926312 -0.003923 0.000000  0.000000 -0.000000 -0.000000
4  4.926314 -0.003923 -0.000000  0.000000 0.000000 -0.000000
5  4.926315 -0.003923 0.000001  0.000000 -0.000000 0.000000
6  4.926318 -0.001510 -0.000000  0.000000 -0.000000 0.000000
7  -0.000001 0.001503 1.894737  1.198807 -0.378268 2.382780
8  4.926316 0.000004 0.000003  -0.639999 0.130541 -0.458829
9  11.368426 0.000004 -0.000000  -0.000000 -0.000001 -1.305424
10  11.368421 0.000000 0.000000  -2.595932 -0.439143 0.156349
11  1.126230 0.104071 -1.358369  1.898106 0.865308 0.471589
12  2.373626 -0.000008 0.000000  0.000002 -0.000000 0.322697
13  1.071901 0.000004 -0.000001  0.000000 0.000000 0.017445
14  3.789473 -0.000955 -1.136841  -0.009073 0.156732 -0.053106
15  1.136844 -0.000003 -0.000001  -0.000000 0.000000 0.505884
16  1.136839 -0.000001 -0.000000  -0.000000 -0.000000 0.680333
17  3.789470 -0.000352 -0.378950  -0.020453 0.075804 -0.253754
18  1.326316 -0.000000 -0.000002  -0.000000 -0.000000 0.662857
19  1.326316 0.000002 -0.000000  -0.000000 -0.000000 1.508945
20  3.789470 0.000249 0.378947  -0.000792 0.000050 0.052331
21  1.136845 0.000000 -0.000000  -0.000000 0.000000 0.401212
22  1.136840 0.000001 0.000001  -0.000000 -0.000000 1.386833
23  3.789469 0.000850 1.136841  -0.007325 -0.148091 0.044200
24  0.947371 0.000003 -0.000001  0.000000 -0.000000 0.680322
25  0.947370 0.000001 0.000000  0.000000 0.000000 1.343181
26  -0.000001 0.001512 -1.894737  -0.000010 1.370797 3.140787
27  4.926314 -0.000004 -0.000000  1.075549 -0.785713 -1.230892
28  11.368423 -0.000005 -0.000000  -0.000000 0.000000 -1.117698
29  11.368423 -0.000011 -0.000002  2.454620 0.092250 -0.216613
30  1.126225 0.104092 1.358371  -2.502779 -0.106134 0.790116
31  2.373625 -0.000003 -0.000000  -0.000002 0.000001 0.505855
32  1.071903 0.000005 0.000001  0.000000 -0.000000 0.785000
33  3.789471 -0.000882 1.136844  -0.033447 -0.153436 0.220569
34  1.136843 0.000002 -0.000000  -0.000000 0.000000 0.322721
35  1.136842 -0.000000 -0.000001  0.000000 -0.000000 0.627981
36  3.789470 -0.000278 0.378949  -0.029978 -0.072567 0.402282
37  1.326318 -0.000001 -0.000003  0.000001 -0.000001 0.584389
38  1.326317 -0.000002 0.000000  -0.000000 0.000000 1.343180
39  3.789471 0.000327 -0.378945  0.000745 -0.000290 0.383779
40  1.136844 0.000001 -0.000000  0.000000 -0.000000 0.680332
41  1.136846 -0.000000 0.000000  -0.000000 -0.000000 1.151298
42  3.789471 0.000929 -1.136841  0.042728 0.028628 0.286082
43  0.947366 -0.000001 0.000000  0.000000 -0.000000 0.758811
44  0.947368 -0.000001 0.000001  -0.000000 -0.000000 0.854752
45  0.628263 1.045219 0.151088  1.674810 -1.370795 -0.003926
46  2.477386 -0.246917 -0.042970  -0.000000 0.000000 0.000000
47  -8.592549 -13.644041 -5.243520  0.865983 0.492459 1.640377
time 31
0  -1.881380 7.691641 -22.602280  0.000000 -0.000000 -1.553390
1  0.000000 0.000000 0.000002  -1.570795 -1.570796 0.000000
2  1.326318 -0.003921 0.000002  -0.000004 -0.000001 0.000796
3  4.926312 -0.003923 0.000000  0.000000 -0.000000 -0.000000
4  4.926314 -0.003923 -0.000000  0.000000 0.000000 -0.000000
5  4.926315 -0.003923 0.000001  0.000000 -0.000000 0.000000
6  4.926318 -0.001510 -0.000000  0.000000 -0.000000 0.000000
7  -0.000001 0.001503 1.894737  1.167123 -0.405681 2.394902
8  4.926315 0.000004 0.000003  -0.634325 0.176543 -0.458280
9  11.368427 0.000006 -0.000000  -0.000000 -0.000001 -1.263847
10  11.368418 0.000001 0.000001  -2.558911 -0.349626 0.048939
11  1.126230 0.104070 -1.358370  1.935865 0.842885 0.497864
12  2.373626 -0.000007 0.000000  0.000002 -0.000001 0.327425
13  1.071900 0.000003 -0.000001  0.000000 0.000000 0.017445
14  3.789471 -0.000955 -1.136842  -0.004039 0.156948 -0.020872
15  1.136843 -0.000002 0.000000  -0.000000 0.000000 0.505884
16  1.136840 -0.000001 -0.000000  -0.000000 -0.000000 0.680333
17  3.789471 -0.000353 -0.378951  -0.017565 0.076522 -0.215898
18  1.326315 0.000000 -0.000001  -0.000000 -0.000000 0.659321
19  1.326319 0.000000 0.000000  -0.000000 -0.000000 1.474698
20  3.789470 0.000248 0.378945  -0.000792 0.000062 0.085328
21  1.136846 0.000000 -0.000003  -0.000000 0.000000 0.410640
22  1.136842 -0.000000 0.000000  -0.000000 -0.000000 1.350223
23  3.789470 0.000849 1.136840  -0.010836 -0.147875 0.068074
24  0.947374 0.000002 -0.000001  0.000000 -0.000000 0.700359
25  0.947371 0.000001 0.000001  0.000000 0.000000 1.301901
26  -0.000001 0.001512 -1.894737  -0.000010 1.370797 3.140787
27  4.926314 -0.000004 -0.000000  1.087768 -0.775410 -1.255089
28  11.368423 -0.000005 -0.000000  -0.000000 0.000000 -1.087034
29  11.368423 -0.000011 0.000001  2.366319 0.093188 -0.187003
30  1.126226 0.104093 1.358369  -2.502866 -0.108938 0.792332
31  2.373625 -0.000004 0.000000  -0.000002 0.000001 0.505855
32  1.071903 0.000006 0.000000  0.000000 -0.000000 0.785000
33  3.789471 -0.000880 1.136843  -0.033447 -0.153436 0.220569
34  1.136843 -0.000001 -0.000001  -0.000000 0.000000 0.322721
35  1.136842 -0.000002 -0.000001  0.000000 -0.000000 0.627981
36  3.789469 -0.000277 0.378948  -0.029966 -0.072567 0.402282
37  1.326317 0.000001 -0.000002  0.000001 -0.000001 0.584389
38  1.326317 -0.000000 0.000001  -0.000000 0.000000 1.343180
39  3.789470 0.000328 -0.378945  0.000745 -0.000290 0.383779
40  1.136844 0.000001 0.000000  0.000000 -0.000000 0.680332
41  1.136844 0.000002 -0.000001  0.000000 -0.000000 1.151298
42  3.789470 0.000929 -1.136841  0.042728 0.028628 0.286082
43  0.947368 0.000001 0.000000  -0.000000 -0.000000 0.758811
44  0.947369 0.000002 0.000000  0.000000 -0.000000 0.854752
45  0.628263 1.045220 0.151088  1.674810 -1.370795 -0.003926
46  2.477388 -0.246917 -0.042970  -0.000000 0.000000 0.000000
47  -8.592549 -13.644042 -26.345726  0.865983 0.492459 1.640377
time 32
0  -1.881380 7.691641 -22.602280  0.000000 -0.000000 -1.553390
1  0.000000 0.000000 0.000002  -1.570795 -1.570796 0.000000
2  1.326318 -0.003921 0.000002  -0.000004 -0.000001 0.000796
3  4.926312 -0.003923 0.000000  0.000000 -0.000000 -0.000000
4  4.926314 -0.003923 -0.000000  0.000000 0.000000 -0.000000
5  4.926315 -0.003923 0.000001  0.000000 -0.000000 0.000000
6  4.926318 -0.001510 -0.000000  0.000000 -0.000000 0.000000
7  -0.000001 0.001503 1.894737  1.167123 -0.405681 2.394902
8  4.926315 0.000004 0.000003  -0.634325 0.176543 -0.458280
9  11.315459 -0.114961 -0.000263  0.006330 0.000044 -1.243735
10  11.368420 0.000000 0.000000  -2.482767 -0.351828 0.056952
11  1.126231 0.104069 -1.358369  1.946626 0.786551 0.530586
12  2.373627 -0.000009 0.000001  -0.017977 0.019931 0.339055
13  1.071901 0.000003 -0.000001  0.002135 -0.001133 0.022550
14  3.789473 -0.000955 -1.136841  0.001461 0.156632 0.035131
15  1.136843 -0.000001 0.000000  0.041493 -0.009378 0.481151
16  1.136839 0.000001 0.000000  0.007097 -0.026961 0.666892
17  3.789472 -0.000353 -0.378949  -0.017565 0.076522 -0.215898
18  1.326316 -0.000000 -0.000002  -0.000000 -0.000000 0.659321
19  1.326320 0.000000 -0.000000  -0.000000 -0.000000 1.474698
20  3.789470 0.000249 0.378947  -0.004918 0.003729 0.084634
21  1.136846 -0.000001 -0.000000  0.029106 -0.016159 0.402303
22  1.136841 0.000002 0.000001  -0.000000 -0.000000 1.350223
23  3.789471 0.000849 1.136841  -0.017207 -0.144604 0.067340
24  0.947372 0.000003 -0.000001  0.000000 -0.000000 0.700359
25  0.947370 0.000002 0.000001  0.000000 0.000000 1.301901
26  -0.000001 0.001512 -1.894737  -0.000010 1.370797 3.140787
27  4.926314 -0.000004 -0.000000  1.087768 -0.775410 -1.255089
28  11.368423 -0.000005 -0.000000  -0.001020 -0.000398 -1.055565
29  11.368422 -0.000010 0.000001  2.248085 0.103926 -0.146207
30  1.126227 0.104092 1.358369  -2.502866 -0.108938 0.792332
31  2.373625 -0.000002 0.000001  -0.000002 0.000001 0.505855
32  1.071904 0.000005 -0.000000  0.000000 -0.000000 0.785000
33  3.789472 -0.000880 1.136843  -0.033447 -0.153436 0.220569
34  1.136844 0.000003 -0.000001  -0.000000 0.000000 0.322721
35  1.136841 -0.000003 -0.000001  0.000000 -0.000000 0.627981
36  3.789471 -0.000278 0.378948  -0.029966 -0.072567 0.402282
37  1.326317 0.000002 -0.000003  0.000001 -0.000000 0.584389
38  1.326317 -0.000002 -0.000001  -0.000000 0.000000 1.343180
39  3.789472 0.000328 -0.378946  0.000745 -0.000290 0.383779
40  1.136844 0.000001 0.000000  0.000000 -0.000000 0.680332
41  1.136846 -0.000001 -0.000001  0.000000 0.000000 1.151298
42  3.789471 0.000928 -1.136842  0.042728 0.028628 0.286082
43  0.947367 0.000000 0.000001  0.000000 -0.000000 0.758811
44  0.947369 -0.000001 -0.000000  0.000000 -0.000000 0.854752
45  0.628263 1.045219 0.151088  1.674810 -1.370795 -0.003926
46  2.477388 -0.246916 -0.042970  -0.000000 0.000000 0.000000
47  -8.592549 -13.644042 -26.345726  0.865983 0.492459 1.640377
time 33
0  -1.881380 7.691641 -22.602280  0.000000 -0.000000 -1.553390
1  0.000000 0.000000 0.000002  -1.570795 -1.570796 0.000000
2  1.326318 -0.003921 0.000002  -0.000004 -0.000001 0.000796
3  4.926312 -0.003923 0.000000  0.000000 -0.000000 -0.000000
4  4.926314 -0.003923 -0.000000  0.000000 0.000000 -0.000000
5  4.926315 -0.003923 0.000001  0.000000 -0.000000 0.000000
6  4.926318 -0.001510 -0.000000  0.000000 -0.000000 0.000000
7  -0.000001 0.001503 1.894737  1.167123 -0.405681 2.394902
8  4.926315 0.000004 0.000003  -0.634325 0.176543 -0.458280
9  11.165710 -0.408789 -0.002105  0.023222 0.000159 -1.229325
10  11.368419 0.000001 0.000001  -2.286572 -0.357401 0.077678
11  1.126230 0.104071 -1.358369  1.934141 0.709313 0.555505
12  2.373627 -0.000007 0.000001  -0.064343 0.071333 0.355005
13  1.071899 0.000004 -0.000001  0.007642 -0.004057 0.035715
14  3.789473 -0.000954 -1.136841  0.002757 0.155277 0.097162
15  1.136844 -0.000001 -0.000001  0.148502 -0.033565 0.417365
16  1.136840 -0.000002 0.000001  0.025402 -0.096493 0.632227
17  3.789470 -0.000352 -0.378949  -0.017565 0.076522 -0.215898
18  1.326317 -0.000000 0.000001  0.000000 -0.000000 0.659321
19  1.326318 0.000002 0.000000  -0.000000 -0.000000 1.474698
20  3.789470 0.000249 0.378947  -0.015550 0.013187 0.082844
21  1.136844 0.000001 -0.000000  0.104170 -0.057832 0.380804
22  1.136843 -0.000000 0.000001  -0.000000 -0.000000 1.350223
23  3.789469 0.000849 1.136841  -0.033639 -0.136176 0.065452
24  0.947372 0.000003 -0.000001  0.000000 -0.000000 0.700359
25  0.947369 -0.000001 0.000002  0.000000 0.000000 1.301901
26  -0.000001 0.001512 -1.894737  -0.000010 1.370797 3.140787
27  4.926314 -0.000004 -0.000000  1.087768 -0.775410 -1.255089
28  11.368423 -0.000005 -0.000000  -0.003732 -0.001424 -1.026112
29  11.368423 -0.000011 0.000000  2.104458 0.128952 -0.097880
30  1.126227 0.104092 1.358368  -2.502866 -0.108938 0.792332
31  2.373624 -0.000004 0.000000  -0.000002 0.000001 0.505855
32  1.071905 0.000007 -0.000000  0.000000 -0.000000 0.785000
33  3.789473 -0.000881 1.136842  -0.033447 -0.153436 0.220569
34  1.136844 0.000002 0.000000  -0.000000 0.000000 0.322721
35  1.136842 0.000001 -0.000002  0.000000 -0.000000 0.627981
36  3.789470 -0.000277 0.378947  -0.029966 -0.072567 0.402282
37  1.326316 0.000000 -0.000002  0.000001 -0.000000 0.584389
38  1.326316 -0.000004 0.000000  -0.000000 0.000000 1.343180
39  3.789472 0.000328 -0.378946  0.000745 -0.000290 0.383779
40  1.136844 0.000001 -0.000000  0.000000 -0.000000 0.680332
41  1.136845 -0.000000 -0.000001  0.000000 0.000000 1.151298
42  3.789471 0.000930 -1.136842  0.042728 0.028628 0.286082
43  0.947371 0.000000 -0.000000  0.000000 0.000000 0.758811
44  0.947369 0.000000 0.000000  0.000000 -0.000000 0.854752
45  0.628264 1.045220 0.151087  1.674810 -1.370795 -0.003926
46  2.477387 -0.246917 -0.042971  -0.000000 0.000000 0.000000
47  -8.592549 -13.644042 -26.345726  0.865983 0.492459 1.640377
time 34
0  -1.881380 7.691641 -22.602280  0.000000 -0.000000 -1.553390
1  0.000000 0.000000 0.000002  -1.570795 -1.570796 0.000000
2  1.326318 -0.003921 0.000002  -0.000004 -0.000001 0.000796
3  4.926312 -0.003923 0.000000  0.000000 -0.000000 -0.000000
4  4.926314 -0.003923 -0.000000  0.000000 0.000000 -0.000000
5  4.926315 -0.003923 0.000001  0.000000 -0.000000 0.000000
6  4.926318 -0.001510 -0.000000  0.000000 -0.000000 0.000000
7  -0.000001 0.001503 1.894737  1.167123 -0.405681 2.394902
8  4.926315 0.000004 0.000003  -0.634325 0.176543 -0.458280
9  10.932911 -0.804870 -0.007106  0.047522 0.000316 -1.219665
10  11.368420 0.000000 0.000000  -2.018715 -0.364764 0.106160
11  1.126229 0.104071 -1.358370  1.904621 0.622814 0.575107
12  2.373626 -0.000008 0.000001  -0.127741 0.141618 0.373048
13  1.071900 0.000003 -0.000000  0.015171 -0.008053 0.053717
14  3.789473 -0.000955 -1.136841  0.001026 0.153032 0.159855
15  1.136843 -0.000003 0.000000  0.294821 -0.066637 0.330146
16  1.136840 -0.000001 0.000000  0.050430 -0.191566 0.584829
17  3.789471 -0.000353 -0.378949  -0.017565 0.076522 -0.215898
18  1.326318 -0.000000 -0.000003  -0.000000 -0.000000 0.659321
19  1.326318 0.000000 -0.000001  -0.000000 -0.000000 1.474698
20  3.789469 0.000248 0.378947  -0.030085 0.026120 0.080395
21  1.136844 0.000000 0.000000  0.206809 -0.114813 0.351406
22  1.136843 0.000001 0.000001  -0.000000 0.000000 1.350223
23  3.789470 0.000850 1.136840  -0.056108 -0.124652 0.062878
24  0.947371 0.000002 0.000001  0.000000 -0.000000 0.700359
25  0.947371 -0.000002 0.000000  0.000000 0.000000 1.301901
26  -0.000001 0.001512 -1.894737  -0.000010 1.370797 3.140787
27  4.926314 -0.000004 -0.000000  1.087768 -0.775410 -1.255089
28  11.368423 -0.000005 -0.000000  -0.007616 -0.002827 -0.999705
29  11.368423 -0.000010 0.000000  1.953652 0.162443 -0.046804
30  1.126227 0.104092 1.358369  -2.502866 -0.108938 0.792332
31  2.373625 -0.000004 0.000000  -0.000002 0.000001 0.505855
32  1.071904 0.000007 -0.000000  0.000000 -0.000000 0.785000
33  3.789471 -0.000878 1.136843  -0.033447 -0.153436 0.220569
34  1.136843 0.000001 0.000000  -0.000000 0.000000 0.322721
35  1.136843 -0.000001 -0.000002  0.000000 -0.000000 0.627981
36  3.789470 -0.000276 0.378949  -0.029966 -0.072567 0.402282
37  1.326317 0.000001 -0.000002  0.000001 -0.000000 0.584389
38  1.326316 -0.000000 0.000001  -0.000000 0.000000 1.343180
39  3.789471 0.000329 -0.378945  0.000745 -0.000290 0.383779
40  1.136845 -0.000001 0.000000  0.000000 -0.000000 0.680332
41  1.136843 0.000001 0.000000  0.000000 -0.000000 1.151298
42  3.789472 0.000930 -1.136841  0.042728 0.028628 0.286082
43  0.947366 -0.000001 0.000000  0.000000 -0.000000 0.758811
44  0.947371 -0.000002 0.000001  0.000000 -0.000000 0.854752
45  0.628263 1.045220 0.151087  1.674810 -1.370795 -0.003926
46  2.477387 -0.246916 -0.042970  -0.000000 0.000000 0.000000
47  -8.592549 -13.644042 -26.345726  0.865983 0.492459 1.640377
time 35
0  -1.881380 7.691641 -22.602280  0.000000 -0.000000 -1.553390
1  0.000000 0.000000 0.000002  -1.570795 -1.570796 0.000000
2  1.326318 -0.003921 0.000002  -0.000004 -0.000001 0.000796
3  4.926312 -0.003923 0.000000  0.000000 -0.000000 -0.000000
4  4.926314 -0.003923 -0.000000  0.000000 0.000000 -0.000000
5  4.926315 -0.003923 0.000001  0.000000 -0.000000 0.000000
6  4.926318 -0.001510 -0.000000  0.000000 -0.000000 0.000000
7  -0.000001 0.001503 1.894737  1.167123 -0.405681 2.394902
8  4.926315 0.000004 0.000003  -0.634325 0.176543 -0.458280
9  10.630794 -1.226597 -0.016844  0.076079 0.000488 -1.213806
10  11.368420 0.000001 0.000001  -1.727401 -0.372427 0.137377
11  1.126229 0.104071 -1.358370  1.865805 0.538207 0.591441
12  2.373625 -0.000007 0.000000  -0.196817 0.218197 0.390958
13  1.071900 0.000004 -0.000001  0.023374 -0.012408 0.073331
14  3.789471 -0.000955 -1.136842  -0.002540 0.150246 0.217861
15  1.136841 -0.000002 -0.000001  0.454243 -0.102670 0.235118
16  1.136841 -0.000001 0.000000  0.077699 -0.295154 0.533186
17  3.789470 -0.000352 -0.378950  -0.017565 0.076522 -0.215898
18  1.326315 -0.000001 -0.000001  -0.000000 -0.000000 0.659321
19  1.326316 0.000002 -0.000001  -0.000000 -0.000000 1.474698
20  3.789467 0.000250 0.378945  -0.045921 0.040211 0.077728
21  1.136847 -0.000000 0.000001  0.318638 -0.176897 0.319376
22  1.136843 -0.000001 0.000002  -0.000000 -0.000000 1.350223
23  3.789468 0.000850 1.136839  -0.080592 -0.112096 0.060084
24  0.947370 0.000003 -0.000002  0.000000 -0.000000 0.700359
25  0.947371 0.000000 -0.000000  0.000000 0.000000 1.301901
26  -0.000001 0.001512 -1.894737  -0.000010 1.370797 3.140787
27  4.926314 -0.000004 -0.000000  1.087768 -0.775410 -1.255089
28  11.368423 -0.000005 -0.000000  -0.012153 -0.004356 -0.977373
29  11.368423 -0.000010 -0.000002  1.812359 0.198406 0.002216
30  1.126227 0.104093 1.358369  -2.502866 -0.108938 0.792332
31  2.373624 -0.000004 0.000000  -0.000002 0.000001 0.505855
32  1.071904 0.000006 -0.000000  0.000000 -0.000000 0.785000
33  3.789473 -0.000879 1.136842  -0.033447 -0.153436 0.220569
34  1.136843 0.000002 -0.000001  -0.000000 0.000000 0.322721
35  1.136842 -0.000002 -0.000001  0.000000 -0.000000 0.627981
36  3.789469 -0.000275 0.378947  -0.029966 -0.072567 0.402282
37  1.326317 0.000002 -0.000001  0.000001 -0.000001 0.584389
38  1.326318 -0.000002 0.000001  -0.000000 0.000000 1.343180
39  3.789471 0.000330 -0.378946  0.000745 -0.000290 0.383779
40  1.136844 0.000001 -0.000000  0.000000 -0.000000 0.680332
41  1.136846 0.000001 -0.000002  0.000000 0.000000 1.151298
42  3.789471 0.000931 -1.136841  0.042728 0.028628 0.286082
43  0.947367 -0.000001 -0.000001  0.000000 -0.000000 0.758811
44  0.947371 0.000000 0.000001  0.000000 -0.000000 0.854752
45  0.628264 1.045222 0.151088  1.674810 -1.370795 -0.003926
46  2.477387 -0.246918 -0.042971  -0.000000 0.000000 0.000000
47  -8.592549 -13.644042 -26.345726  0.865983 0.492459 1.640377
time 36
0  -1.881380 7.691641 -22.602280  0.000000 -0.000000 -1.553390
1  0.000000 0.000000 0.000002  -1.570795 -1.570796 0.000000
2  1.326318 -0.003921 0.000002  -0.000004 -0.000001 0.000796
3  4.926312 -0.003923 0.000000  0.000000 -0.000000 -0.000000
4  4.926314 -0.003923 -0.000000  0.000000 0.000000 -0.000000
5  4.926315 -0.003923 0.000001  0.000000 -0.000000 0.000000
6  4.926318 -0.001510 -0.000000  0.000000 -0.000000 0.000000
7  -0.000001 0.001503 1.894737  1.167123 -0.405681 2.394902
8  4.926315 0.000004 0.000003  -0.634325 0.176543 -0.458280
9  10.273088 -1.597361 -0.032899  0.105741 0.000645 -1.210797
10  11.368418 0.000001 0.000000  -1.460510 -0.379110 0.166196
11  1.126230 0.104071 -1.358369  1.826371 0.465953 0.604987
12  2.373628 -0.000007 0.000000  -0.260215 0.288482 0.406507
13  1.071900 0.000003 0.000000  0.030903 -0.016405 0.091333
14  3.789471 -0.000954 -1.136841  -0.006698 0.147451 0.265853
15  1.136842 -0.000002 -0.000000  0.600562 -0.135742 0.147900
16  1.136839 -0.000001 0.000000  0.102728 -0.390228 0.485787
17  3.789472 -0.000352 -0.378949  -0.017565 0.076522 -0.215898
18  1.326317 0.000000 -0.000001  -0.000000 -0.000000 0.659321
19  1.326319 0.000001 0.000001  -0.000000 -0.000000 1.474698
20  3.789469 0.000249 0.378947  -0.060455 0.053143 0.075279
21  1.136843 -0.000000 -0.000001  0.421277 -0.233878 0.289979
22  1.136840 0.000001 0.000000  -0.000000 -0.000000 1.350223
23  3.789469 0.000850 1.136840  -0.103066 -0.100572 0.057528
24  0.947373 0.000003 -0.000002  0.000000 -0.000000 0.700359
25  0.947372 -0.000001 0.000002  0.000000 0.000000 1.301901
26  -0.000001 0.001512 -1.894737  -0.000010 1.370797 3.140787
27  4.926314 -0.000004 -0.000000  1.087768 -0.775410 -1.255089
28  11.368423 -0.000005 -0.000000  -0.016823 -0.005759 -0.960147
29  11.368422 -0.000008 -0.000001  1.695410 0.230923 0.044137
30  1.126227 0.104093 1.358369  -2.502866 -0.108938 0.792332
31  2.373623 -0.000002 0.000000  -0.000002 0.000001 0.505855
32  1.071906 0.000005 -0.000001  0.000000 -0.000000 0.785000
33  3.789473 -0.000880 1.136843  -0.033447 -0.153436 0.220569
34  1.136845 -0.000000 -0.000001  -0.000000 0.000000 0.322721
35  1.136841 -0.000001 -0.000001  0.000000 -0.000000 0.627981
36  3.789470 -0.000276 0.378950  -0.029966 -0.072567 0.402282
37  1.326315 -0.000001 -0.000002  0.000001 -0.000001 0.584389
38  1.326316 -0.000000 -0.000000  -0.000000 0.000000 1.343180
39  3.789472 0.000330 -0.378946  0.000745 -0.000290 0.383779
40  1.136844 -0.000001 -0.000001  0.000000 -0.000000 0.680332
41  1.136846 0.000003 -0.000001  0.000000 0.000000 1.151298
42  3.789472 0.000930 -1.136841  0.042728 0.028628 0.286082
43  0.947366 -0.000002 0.000002  0.000000 -0.000000 0.758811
44  0.947370 0.000001 -0.000002  0.000000 -0.000000 0.854752
45  0.628264 1.045220 0.151089  1.674810 -1.370795 -0.003926
46  2.477388 -0.246917 -0.042970  -0.000000 0.000000 0.000000
47  -8.592549 -13.644042 -26.345726  0.865983 0.492459 1.640377
time 37
0  -1.881380 7.691641 -22.602280  0.000000 -0.000000 -1.553390
1  0.000000 0.000000 0.000002  -1.570795 -1.570796 0.000000
2  1.326318 -0.003921 0.000002  -0.000004 -0.000001 0.000796
3  4.926312 -0.003923 0.000000  0.000000 -0.000000 -0.000000
4  4.926314 -0.003923 -0.000000  0.000000 0.000000 -0.000000
5  4.926315 -0.003923 0.000001  0.000000 -0.000000 0.000000
6  4.926318 -0.001510 -0.000000  0.000000 -0.000000 0.000000
7  -0.000001 0.001503 1.894737  1.167123 -0.405681 2.394902
8  4.926315 0.000004 0.000003  -0.634325 0.176543 -0.458280
9  9.873528 -1.840554 -0.056849  0.133357 0.000760 -1.209688
10  11.368419 0.000001 0.000000  -1.265605 -0.383774 0.187372
11  1.126230 0.104071 -1.358369  1.795721 0.415772 0.614607
12  2.373627 -0.000007 0.000000  -0.306581 0.339885 0.417469
13  1.071900 0.000002 -0.000002  0.036410 -0.019328 0.104499
14  3.789472 -0.000954 -1.136841  -0.010159 0.145296 0.298530
15  1.136843 -0.000003 -0.000002  0.707571 -0.159929 0.084113
16  1.136840 -0.000001 -0.000000  0.121032 -0.459759 0.451123
17  3.789470 -0.000352 -0.378949  -0.017565 0.076522 -0.215898
18  1.326315 -0.000000 -0.000001  0.000000 -0.000000 0.659321
19  1.326316 0.000001 -0.000001  -0.000000 -0.000000 1.474698
20  3.789470 0.000250 0.378947  -0.071084 0.062601 0.073489
21  1.136846 0.000001 -0.000000  0.496341 -0.275551 0.268479
22  1.136843 -0.000000 0.000001  -0.000000 -0.000000 1.350223
23  3.789470 0.000851 1.136841  -0.119504 -0.092144 0.055664
24  0.947373 0.000002 0.000000  0.000000 -0.000000 0.700359
25  0.947368 0.000001 0.000001  0.000000 -0.000000 1.301901
26  -0.000001 0.001512 -1.894737  -0.000010 1.370797 3.140787
27  4.926314 -0.000004 -0.000000  1.087768 -0.775410 -1.255089
28  11.368423 -0.000005 -0.000000  -0.021105 -0.006785 -0.949055
29  11.368423 -0.000010 -0.000001  1.616028 0.254367 0.073512
30  1.126227 0.104093 1.358369  -2.502866 -0.108938 0.792332
31  2.373625 -0.000005 -0.000000  -0.000002 0.000001 0.505855
32  1.071903 0.000006 -0.000001  0.000000 -0.000000 0.785000
33  3.789473 -0.000881 1.136842  -0.033447 -0.153436 0.220569
34  1.136843 0.000001 -0.000002  -0.000000 0.000000 0.322721
35  1.136842 0.000000 -0.000003  0.000000 -0.000000 0.627981
36  3.789470 -0.000277 0.378948  -0.029966 -0.072567 0.402282
37  1.326318 0.000000 -0.000002  0.000001 -0.000001 0.584389
38  1.326318 0.000000 0.000000  -0.000000 0.000000 1.343180
39  3.789472 0.000327 -0.378947  0.000745 -0.000290 0.383779
40  1.136845 0.000001 -0.000000  0.000000 -0.000000 0.680332
41  1.136846 -0.000001 0.000001  0.000000 -0.000000 1.151298
42  3.789471 0.000930 -1.136842  0.042728 0.028628 0.286082
43  0.947367 -0.000001 -0.000001  0.000000 -0.000000 0.758811
44  0.947369 -0.000001 0.000001  0.000000 -0.000000 0.854752
45  0.628264 1.045220 0.151087  1.674810 -1.370795 -0.003926
46  2.477388 -0.246917 -0.042971  -0.000000 0.000000 0.000000
47  -8.592549 -13.644042 -26.345726  0.865983 0.492459 1.640377
time 38
0  -1.881380 7.691641 -22.602280  0.000000 -0.000000 -1.553390
1  0.000000 0.000000 0.000002  -1.570795 -1.570796 0.000000
2  1.326318 -0.003921 0.000002  -0.000004 -0.000001 0.000796
3  4.926312 -0.003923 0.000000  0.000000 -0.000000 -0.000000
4  4.926314 -0.003923 -0.000000  0.000000 0.000000 -0.000000
5  4.926315 -0.003923 0.000001  0.000000 -0.000000 0.000000
6  4.926318 -0.001510 -0.000000  0.000000 -0.000000 0.000000
7  -0.000001 0.001503 1.894737  1.167123 -0.405681 2.394902
8  4.926315 0.000004 0.000003  -0.634325 0.176543 -0.458280
9  9.445845 -1.879568 -0.090274  0.155774 0.000805 -1.209530
10  11.368420 0.000001 -0.000000  -1.190092 -0.385530 0.195605
11  1.126229 0.104070 -1.358369  1.783472 0.396954 0.618254
12  2.373627 -0.000006 0.000000  -0.324559 0.359816 0.421618
13  1.071900 0.000004 -0.000002  0.038545 -0.020462 0.109604
14  3.789472 -0.000955 -1.136842  -0.011603 0.144446 0.310599
15  1.136844 -0.000003 -0.000000  0.749064 -0.169307 0.059380
16  1.136843 -0.000002 -0.000001  0.128129 -0.486720 0.437681
17  3.789470 -0.000352 -0.378950  -0.017565 0.076522 -0.215898
18  1.326319 0.000001 -0.000001  -0.000000 -0.000000 0.659321
19  1.326317 0.000002 -0.000000  -0.000000 -0.000000 1.474698
20  3.789468 0.000249 0.378946  -0.075205 0.066269 0.072794
21  1.136846 0.000001 0.000000  0.525447 -0.291710 0.260143
22  1.136841 0.000000 -0.000000  -0.000000 -0.000000 1.350223
23  3.789469 0.000849 1.136840  -0.125878 -0.088876 0.054943
24  0.947373 0.000004 -0.000000  0.000000 -0.000000 0.700359
25  0.947369 -0.000000 0.000001  0.000000 0.000000 1.301901
26  -0.000001 0.001512 -1.894737  -0.000010 1.370797 3.140787
27  4.926314 -0.000004 -0.000000  1.087768 -0.775410 -1.255089
28  11.368423 -0.000005 -0.000000  -0.024480 -0.007183 -0.945129
29  11.368423 -0.000011 -0.000001  1.586715 0.263374 0.084580
30  1.126227 0.104092 1.358371  -2.502866 -0.108938 0.792332
31  2.373626 -0.000005 0.000001  -0.000002 0.000001 0.505855
32  1.071903 0.000006 0.000001  0.000000 -0.000000 0.785000
33  3.789472 -0.000881 1.136843  -0.033447 -0.153436 0.220569
34  1.136842 0.000000 -0.000001  -0.000000 0.000000 0.322721
35  1.136844 -0.000000 -0.000002  0.000000 -0.000000 0.627981
36  3.789469 -0.000278 0.378950  -0.029966 -0.072567 0.402282
37  1.326319 0.000002 -0.000002  0.000001 -0.000001 0.584389
38  1.326317 -0.000002 0.000002  -0.000000 0.000000 1.343180
39  3.789471 0.000328 -0.378946  0.000745 -0.000290 0.383779
40  1.136845 -0.000001 -0.000001  0.000000 -0.000000 0.680332
41  1.136845 -0.000000 0.000001  0.000000 0.000000 1.151298
42  3.789471 0.000928 -1.136842  0.042728 0.028628 0.286082
43  0.947368 0.000000 -0.000000  0.000000 -0.000000 0.758811
44  0.947371 -0.000000 0.000000  0.000000 -0.000000 0.854752
45  0.628263 1.045219 0.151088  1.674810 -1.370795 -0.003926
46  2.477388 -0.246915 -0.042971  -0.000000 0.000000 0.000000
47  -8.592549 -13.644042 -26.345726  0.865983 0.492459 1.640377
time 39
0  -1.881380 7.691641 -22.602280  0.000000 -0.000000 -1.553390
1  0.000000 0.000000 0.000002  -1.570795 -1.570796 0.000000
2  1.326318 -0.003921 0.000002  -0.000004 -0.000001 0.000796
3  4.926312 -0.003923 0.000000  0.000000 -0.000000 -0.000000
4  4.926314 -0.003923 -0.000000  0.000000 0.000000 -0.000000
5  4.926315 -0.003923 0.000001  0.000000 -0.000000 0.000000
6  4.926318 -0.001510 -0.000000  0.000000 -0.000000 0.000000
7  -0.000001 0.001503 1.894737  1.167123 -0.405681 2.394902
8  4.926315 0.000004 0.000003  -0.634325 0.176543 -0.458280
9  9.014547 -1.555517 -0.305587  0.170599 -0.000567 -1.219952
10  11.136327 -0.111327 -0.115009  -1.190092 -0.385530 0.195605
11  1.126230 0.104071 -1.358369  1.783472 0.396954 0.618254
12  2.373627 -0.000008 0.000000  -0.324559 0.359816 0.421618
13  1.071900 0.000002 0.000000  0.038545 -0.020462 0.109604
14  3.789473 -0.000953 -1.136842  -0.011603 0.144446 0.310599
15  1.136844 -0.000002 -0.000001  0.749064 -0.169307 0.059380
16  1.136841 -0.000001 0.000001  0.128129 -0.486720 0.437681
17  3.789471 -0.000352 -0.378950  -0.017565 0.076522 -0.215898
18  1.326315 0.000000 -0.000001  -0.000000 -0.000000 0.659321
19  1.326316 0.000000 -0.000001  -0.000000 -0.000000 1.474698
20  3.789471 0.000250 0.378947  -0.075205 0.066269 0.072794
21  1.136845 0.000000 -0.000001  0.525447 -0.291710 0.260143
22  1.136840 0.000001 0.000000  -0.000000 -0.000000 1.350223
23  3.789470 0.000852 1.136840  -0.125878 -0.088876 0.054943
24  0.947373 0.000003 -0.000001  0.000000 -0.000000 0.700359
25  0.947370 -0.000001 0.000000  0.000000 0.000000 1.301901
26  -0.000001 0.001512 -1.894737  -0.000010 1.370797 3.140787
27  4.926314 -0.000004 -0.000000  1.087768 -0.775410 -1.255089
28  11.350242 0.022988 0.003217  -0.026571 -0.005591 -0.957332
29  11.368423 -0.000010 -0.000000  1.586715 0.263374 0.084580
30  1.126228 0.104091 1.358370  -2.502866 -0.108938 0.792332
31  2.373624 -0.000005 0.000001  -0.000002 0.000001 0.505855
32  1.071904 0.000007 -0.000001  0.000000 -0.000000 0.785000
33  3.789472 -0.000879 1.136843  -0.033447 -0.153436 0.220569
34  1.136843 0.000001 -0.000001  -0.000000 0.000000 0.322721
35  1.136842 -0.000001 -0.000002  0.000000 -0.000000 0.627981
36  3.789470 -0.000277 0.378949  -0.029966 -0.072567 0.402282
37  1.326319 0.000002 -0.000001  0.000001 -0.000001 0.584389
38  1.326315 -0.000001 0.000000  -0.000000 0.000000 1.343180
39  3.789471 0.000329 -0.378945  0.000745 -0.000290 0.383779
40  1.136845 0.000001 -0.000002  0.000000 -0.000000 0.680332
41  1.136844 -0.000001 -0.000001  0.000000 0.000000 1.151298
42  3.789472 0.000929 -1.136842  0.042728 0.028628 0.286082
43  0.947368 0.000000 0.000000  0.000000 -0.000000 0.758811
44  0.947368 0.000000 0.000000  0.000000 -0.000000 0.854752
45  0.628264 1.045221 0.151088  1.674810 -1.370795 -0.003926
46  2.469304 -0.188393 -0.036442  -0.000000 0.000000 0.000000
47  -8.592549 -13.644042 -26.345726  0.865983 0.492459 1.640377
time 40
0  -1.881380 7.691641 -22.602280  0.000000 -0.000000 -1.553390
1  0.000000 0.000000 0.000002  -1.570795 -1.570796 0.000000
2  1.326318 -0.003921 0.000002  -0.000004 -0.000001 0.000796
3  4.926312 -0.003923 0.000000  0.000000 -0.000000 -0.000000
4  4.926314 -0.003923 -0.000000  0.000000 0.000000 -0.000000
5  4.926315 -0.003923 0.000001  0.000000 -0.000000 0.000000
6  4.926318 -0.001510 -0.000000  0.000000 -0.000000 0.000000
7  -0.000001 0.001503 1.894737  1.167123 -0.405681 2.394902
8  4.926315 0.000004 0.000003  -0.634325 0.176543 -0.458280
9  8.538651 -0.916229 -0.759643  0.178470 -0.003114 -1.239308
10  10.705301 -0.318078 -0.328597  -1.190092 -0.385530 0.195605
11  1.126230 0.104071 -1.358368  1.783472 0.396954 0.618254
12  2.373626 -0.000007 0.000001  -0.324559 0.359816 0.421618
13  1.071899 0.000002 -0.000002  0.038545 -0.020462 0.109604
14  3.789472 -0.000955 -1.136841  -0.011603 0.144446 0.310599
15  1.136841 -0.000002 -0.000001  0.749064 -0.169307 0.059380
16  1.136841 -0.000001 0.000001  0.128129 -0.486720 0.437681
17  3.789471 -0.000352 -0.378949  -0.017565 0.076522 -0.215898
18  1.326318 -0.000001 -0.000001  -0.000000 -0.000000 0.659321
19  1.326318 0.000001 -0.000000  -0.000000 -0.000000 1.474698
20  3.789469 0.000249 0.378947  -0.075205 0.066269 0.072794
21  1.136845 -0.000001 -0.000001  0.525447 -0.291710 0.260143
22  1.136842 0.000000 0.000001  -0.000000 0.000000 1.350223
23  3.789469 0.000849 1.136841  -0.125878 -0.088876 0.054943
24  0.947373 0.000003 -0.000000  0.000000 -0.000000 0.700359
25  0.947370 -0.000002 0.000000  0.000000 0.000000 1.301901
26  -0.000001 0.001512 -1.894737  -0.000010 1.370797 3.140787
27  4.926314 -0.000004 -0.000000  1.087768 -0.775410 -1.255089
28  11.222969 0.183942 0.017403  -0.027576 -0.002634 -0.979995
29  11.368423 -0.000010 -0.000002  1.586715 0.263374 0.084580
30  1.126226 0.104091 1.358369  -2.502866 -0.108938 0.792332
31  2.373625 -0.000003 0.000001  -0.000002 0.000001 0.505855
32  1.071904 0.000005 0.000000  0.000000 -0.000000 0.785000
33  3.789470 -0.000881 1.136842  -0.033447 -0.153436 0.220569
34  1.136845 0.000001 -0.000002  -0.000000 0.000000 0.322721
35  1.136843 -0.000001 -0.000002  0.000000 -0.000000 0.627981
36  3.789468 -0.000277 0.378949  -0.029966 -0.072567 0.402282
37  1.326316 0.000001 -0.000003  0.000001 -0.000001 0.584389
38  1.326316 -0.000002 0.000001  -0.000000 0.000000 1.343180
39  3.789470 0.000329 -0.378946  0.000745 -0.000290 0.383779
40  1.136844 0.000000 0.000000  0.000000 -0.000000 0.680332
41  1.136846 0.000002 0.000000  0.000000 0.000000 1.151298
42  3.789470 0.000929 -1.136842  0.042728 0.028628 0.286082
43  0.947367 0.000000 0.000000  0.000000 -0.000000 0.758811
44  0.947369 -0.000001 0.000000  0.000000 -0.000000 0.854752
45  0.628262 1.045220 0.151086  1.674811 -1.370795 -0.003926
46  2.454290 -0.079708 -0.024319  -0.000000 0.000000 0.000000
47  -8.592549 -13.644042 -26.345726  0.865983 0.492459 1.640377
time 41
0  -1.881380 7.691641 -22.602280  0.000000 -0.000000 -1.553390
1  0.000000 0.000000 0.000002  -1.570795 -1.570796 0.000000
2  1.326318 -0.003921 0.000002  -0.000004 -0.000001 0.000796
3  4.926312 -0.003923 0.000000  0.000000 -0.000000 -0.000000
4  4.926314 -0.003923 -0.000000  0.000000 0.000000 -0.000000
5  4.926315 -0.003923 0.000001  0.000000 -0.000000 0.000000
6  4.926318 -0.001510 -0.000000  0.000000 -0.000000 0.000000
7  -0.000001 0.001503 1.894737  1.167123 -0.405681 2.394902
8  4.926315 0.000004 0.000003  -0.634325 0.176543 -0.458280
9  7.933646 -0.195163 -1.280692  0.180783 -0.004485 -1.249730
10  10.473210 -0.429406 -0.443607  -1.190092 -0.385530 0.195605
11  1.126230 0.104072 -1.358369  1.783472 0.396954 0.618254
12  2.373626 -0.000007 -0.000000  -0.324559 0.359816 0.421618
13  1.071900 0.000003 -0.000001  0.038545 -0.020462 0.109604
14  3.789471 -0.000953 -1.136842  -0.011603 0.144446 0.310599
15  1.136844 -0.000003 -0.000001  0.749064 -0.169307 0.059380
16  1.136842 -0.000002 -0.000000  0.128129 -0.486720 0.437681
17  3.789470 -0.000351 -0.378950  -0.017565 0.076522 -0.215898
18  1.326317 -0.000001 -0.000001  -0.000000 -0.000000 0.659321
19  1.326317 0.000001 -0.000001  -0.000000 -0.000000 1.474698
20  3.789469 0.000250 0.378947  -0.075205 0.066269 0.072794
21  1.136845 -0.000001 -0.000001  0.525447 -0.291710 0.260143
22  1.136842 -0.000000 0.000001  -0.000000 -0.000000 1.350223
23  3.789469 0.000851 1.136840  -0.125878 -0.088876 0.054943
24  0.947372 0.000003 -0.000001  0.000000 -0.000000 0.700359
25  0.947371 -0.000001 0.000002  0.000000 0.000000 1.301901
26  -0.000001 0.001512 -1.894737  -0.000010 1.370797 3.140787
27  4.926314 -0.000004 -0.000000  1.087768 -0.775410 -1.255089
28  10.877514 0.620815 0.049365  -0.027835 -0.001041 -0.992198
29  11.368423 -0.000011 -0.000001  1.586715 0.263374 0.084580
30  1.126227 0.104092 1.358370  -2.502866 -0.108938 0.792332
31  2.373625 -0.000004 0.000001  -0.000002 0.000001 0.505855
32  1.071904 0.000005 -0.000001  0.000000 -0.000000 0.785000
33  3.789473 -0.000881 1.136843  -0.033447 -0.153436 0.220569
34  1.136845 0.000001 -0.000002  -0.000000 0.000000 0.322721
35  1.136843 0.000000 -0.000001  0.000000 -0.000000 0.627981
36  3.789470 -0.000277 0.378950  -0.029966 -0.072567 0.402282
37  1.326318 -0.000000 -0.000003  0.000001 -0.000001 0.584389
38  1.326316 -0.000001 0.000001  -0.000000 0.000000 1.343180
39  3.789472 0.000329 -0.378945  0.000745 -0.000290 0.383779
40  1.136844 -0.000001 -0.000000  0.000000 -0.000000 0.680332
41  1.136844 -0.000001 0.000001  0.000000 -0.000000 1.151298
42  3.789471 0.000929 -1.136841  0.042728 0.028628 0.286082
43  0.947368 -0.000000 -0.000002  0.000000 -0.000000 0.758811
44  0.947370 -0.000002 -0.000001  0.000000 0.000000 0.854752
45  0.628264 1.045220 0.151087  1.674810 -1.370795 -0.003926
46  2.446205 -0.021184 -0.017791  -0.000000 0.000000 0.000000
47  -8.592549 -13.644042 -26.345726  0.865983 0.492459 1.640377
time 42
0  -1.881380 7.691641 -22.602280  0.000000 -0.000000 -1.553390
1  0.000000 0.000000 0.000002  -1.570795 -1.570796 0.000000
2  1.326318 -0.003921 0.000002  -0.000004 -0.000001 0.000796
3  4.926312 -0.003923 0.000000  0.000000 -0.000000 -0.000000
4  4.926314 -0.003923 -0.000000  0.000000 0.000000 -0.000000
5  4.926315 -0.003923 0.000001  0.000000 -0.000000 0.000000
6  4.926318 -0.001510 -0.000000  0.000000 -0.000000 0.000000
7  -0.000001 0.001503 1.894737  1.167123 -0.405681 2.394902
8  4.926315 0.000004 0.000003  -0.634325 0.176543 -0.458280
9  7.432888 0.235647 -1.594764  0.180783 -0.004485 -1.249730
10  10.473210 -0.429407 -0.443607  -1.190092 -0.385530 0.195605
11  1.126229 0.104072 -1.358369  1.783472 0.396954 0.618254
12  2.373626 -0.000007 -0.000000  -0.324559 0.359816 0.421618
13  1.071900 0.000002 -0.000001  0.038545 -0.020462 0.109604
14  3.789471 -0.000953 -1.136842  -0.011603 0.144446 0.310599
15  1.136844 -0.000003 -0.000001  0.749064 -0.169307 0.059380
16  1.136842 -0.000002 -0.000000  0.128129 -0.486720 0.437681
17  3.789470 -0.000350 -0.378950  -0.017565 0.076522 -0.215898
18  1.326317 -0.000001 -0.000001  -0.000000 -0.000000 0.659321
19  1.326317 0.000001 -0.000000  -0.000000 -0.000000 1.474698
20  3.789469 0.000250 0.378947  -0.075205 0.066269 0.072794
21  1.136845 -0.000001 -0.000001  0.525447 -0.291710 0.260143
22  1.136842 0.000000 0.000001  -0.000000 -0.000000 1.350223
23  3.789469 0.000851 1.136839  -0.125878 -0.088876 0.054943
24  0.947371 0.000002 -0.000001  0.000000 -0.000000 0.700359
25  0.947370 -0.000001 0.000001  0.000000 0.000000 1.301901
26  -0.000001 0.001512 -1.894737  -0.000010 1.370797 3.140787
27  4.926314 -0.000004 -0.000000  1.087768 -0.775410 -1.255089
28  10.380066 1.155730 0.086900  -0.027835 -0.001041 -0.992198
29  11.368423 -0.000012 -0.000001  1.586715 0.263374 0.084580
30  1.126227 0.104092 1.358370  -2.502866 -0.108938 0.792332
31  2.373625 -0.000003 0.000001  -0.000002 0.000001 0.505855
32  1.071904 0.000004 -0.000001  0.000000 -0.000000 0.785000
33  3.789473 -0.000881 1.136843  -0.033447 -0.153436 0.220569
34  1.136845 0.000001 -0.000002  -0.000000 0.000000 0.322721
35  1.136843 -0.000001 -0.000001  0.000000 -0.000000 0.627981
36  3.789469 -0.000276 0.378949  -0.029966 -0.072567 0.402282
37  1.326317 0.000001 -0.000002  0.000001 -0.000001 0.584389
38  1.326316 -0.000000 0.000000  -0.000000 0.000000 1.343180
39  3.789471 0.000329 -0.378946  0.000745 -0.000290 0.383779
40  1.136845 -0.000000 -0.000001  0.000000 -0.000000 0.680332
41  1.136844 0.000001 0.000002  0.000000 -0.000000 1.151298
42  3.789472 0.000930 -1.136841  0.042728 0.028628 0.286082
43  0.947369 0.000000 -0.000001  0.000000 -0.000000 0.758811
44  0.947370 -0.000002 -0.000000  0.000000 0.000000 0.854752
45  0.628264 1.045221 0.151087  1.674810 -1.370795 -0.003926
46  2.446205 -0.021184 -0.017792  -0.000000 0.000000 0.000000
47  -8.592549 -13.644042 -26.345726  0.865983 0.492459 1.640377
time 43
0  -1.881380 7.691641 -22.602280  0.000000 -0.000000 -1.553390
1  0.000000 0.000000 0.000002  -1.570795 -1.570796 0.000000
2  1.326318 -0.003921 0.000002  -0.000004 -0.000001 0.000796
3  4.926312 -0.003923 0.000000  0.000000 -0.000000 -0.000000
4  4.926314 -0.003923 -0.000000  0.000000 0.000000 -0.000000
5  4.926315 -0.003923 0.000001  0.000000 -0.000000 0.000000
6  4.926318 -0.001510 -0.000000  0.000000 -0.000000 0.000000
7  -0.000001 0.001503 1.894737  1.167123 -0.405681 2.394902
8  4.926315 0.000004 0.000003  -0.634325 0.176543 -0.458280
9  7.436374 0.164879 -1.546077  0.180583 -0.003935 -1.249409
10  10.473210 -0.429407 -0.443608  -1.190092 -0.385529 0.195605
11  1.126231 0.104070 -1.358369  1.778469 0.382819 0.638805
12  2.373627 -0.000007 0.000000  -0.324559 0.359816 0.421618
13  1.071901 0.000002 -0.000000  0.038545 -0.020462 0.109604
14  3.789473 -0.000955 -1.136841  -0.023984 0.132134 0.352131
15  1.136843 -0.000002 -0.000000  0.749064 -0.169307 0.059380
16  1.136842 -0.000002 0.000000  0.128129 -0.486720 0.437681
17  3.789472 -0.000353 -0.378948  -0.007220 0.056837 -0.199059
18  1.326317 -0.000001 -0.000001  -0.000000 -0.000000 0.659321
19  1.326317 0.000001 -0.000001  -0.000000 -0.000000 1.474698
20  3.789470 0.000249 0.378947  -0.075205 0.066269 0.072794
21  1.136845 0.000001 -0.000001  0.525447 -0.291710 0.260143
22  1.136842 0.000001 0.000001  -0.000000 -0.000000 1.350223
23  3.789469 0.000849 1.136841  -0.125995 -0.088889 0.054965
24  0.947374 0.000002 -0.000000  0.000000 -0.000000 0.700359
25  0.947370 -0.000001 0.000001  0.000000 0.000000 1.301901
26  -0.000001 0.001512 -1.894737  -0.000010 1.370797 3.140787
27  4.926314 -0.000004 -0.000000  1.087768 -0.775410 -1.255089
28  10.465022 1.021459 0.098349  -0.027808 -0.001680 -0.991152
29  11.368423 -0.000011 -0.000000  1.586715 0.263374 0.084580
30  1.126228 0.104093 1.358369  -2.502866 -0.108938 0.792332
31  2.373626 -0.000004 0.000001  -0.000002 0.000001 0.505855
32  1.071905 0.000006 -0.000000  0.000000 -0.000000 0.785000
33  3.789473 -0.000880 1.136843  -0.033447 -0.153436 0.220569
34  1.136844 0.000000 -0.000001  -0.000000 0.000000 0.322721
35  1.136842 -0.000000 -0.000001  0.000000 -0.000000 0.627981
36  3.789471 -0.000277 0.378949  -0.029966 -0.072567 0.402282
37  1.326317 0.000000 -0.000003  0.000001 -0.000001 0.584389
38  1.326316 -0.000001 0.000001  -0.000000 0.000000 1.343180
39  3.789472 0.000328 -0.378946  0.000745 -0.000290 0.383779
40  1.136843 0.000000 0.000000  0.000000 -0.000000 0.680332
41  1.136845 0.000000 -0.000000  0.000000 -0.000000 1.151298
42  3.789472 0.000927 -1.136842  0.042728 0.028628 0.286082
43  0.947368 0.000001 -0.000001  0.000000 -0.000000 0.758811
44  0.947368 0.000002 0.000000  0.000000 -0.000000 0.854752
45  0.628265 1.045220 0.151088  1.674810 -1.370795 -0.003926
46  2.483980 -0.168978 -0.016347  -0.000000 0.000000 0.000000
47  -8.592549 -13.644042 -26.345726  0.865983 0.492459 1.640377
time 44
0  -1.881380 7.691641 -22.602280  0.000000 -0.000000 -1.553390
1  0.000000 0.000000 0.000002  -1.570795 -1.570796 0.000000
2  1.326318 -0.003921 0.000002  -0.000004 -0.000001 0.000796
3  4.926312 -0.003923 0.000000  0.000000 -0.000000 -0.000000
4  4.926314 -0.003923 -0.000000  0.000000 0.000000 -0.000000
5  4.926315 -0.003923 0.000001  0.000000 -0.000000 0.000000
6  4.926318 -0.001510 -0.000000  0.000000 -0.000000 0.000000
7  -0.000001 0.001503 1.894737  1.167123 -0.405681 2.394902
8  4.926315 0.000004 0.000003  -0.634325 0.176543 -0.458280
9  7.466599 -0.008318 -1.417501  0.179183 -0.002623 -1.247158
10  10.473209 -0.429407 -0.443606  -1.190093 -0.385530 0.195605
11  1.126230 0.104071 -1.358369  1.764918 0.348791 0.687067
12  2.373626 -0.000007 0.000000  -0.324559 0.359816 0.421618
13  1.071901 0.000003 -0.000001  0.038545 -0.020462 0.109604
14  3.789472 -0.000954 -1.136842  -0.053943 0.101773 0.450558
15  1.136843 -0.000003 0.000000  0.749064 -0.169307 0.059380
16  1.136840 -0.000001 -0.000000  0.128129 -0.486720 0.437681
17  3.789471 -0.000353 -0.378950  0.017750 0.009862 -0.155000
18  1.326316 -0.000001 -0.000001  -0.000000 -0.000000 0.659321
19  1.326319 0.000001 -0.000001  -0.000000 -0.000000 1.474698
20  3.789470 0.000250 0.378947  -0.075205 0.066269 0.072794
21  1.136845 -0.000000 -0.000001  0.525447 -0.291710 0.260143
22  1.136843 0.000000 0.000001  -0.000000 -0.000000 1.350223
23  3.789469 0.000850 1.136840  -0.126289 -0.088980 0.055119
24  0.947372 0.000003 0.000000  0.000000 -0.000000 0.700359
25  0.947370 -0.000001 0.000001  0.000000 0.000000 1.301901
26  -0.000001 0.001512 -1.894737  -0.000010 1.370797 3.140787
27  4.926314 -0.000004 -0.000000  1.087768 -0.775410 -1.255089
28  10.669634 0.700866 0.105292  -0.027620 -0.003203 -0.987177
29  11.368423 -0.000011 -0.000001  1.586715 0.263374 0.084580
30  1.126226 0.104093 1.358369  -2.502866 -0.108938 0.792332
31  2.373625 -0.000003 0.000000  -0.000002 0.000001 0.505855
32  1.071905 0.000007 -0.000001  0.000000 -0.000000 0.785000
33  3.789472 -0.000879 1.136842  -0.033447 -0.153436 0.220569
34  1.136843 0.000001 -0.000001  -0.000000 0.000000 0.322721
35  1.136842 -0.000002 -0.000002  0.000000 -0.000000 0.627981
36  3.789470 -0.000276 0.378947  -0.029966 -0.072567 0.402282
37  1.326317 0.000001 -0.000003  0.000001 -0.000001 0.584389
38  1.326316 -0.000003 0.000000  -0.000000 0.000000 1.343180
39  3.789472 0.000330 -0.378946  0.000745 -0.000290 0.383779
40  1.136843 -0.000000 -0.000002  0.000000 -0.000000 0.680332
41  1.136846 0.000002 -0.000002  0.000000 0.000000 1.151298
42  3.789471 0.000930 -1.136841  0.042728 0.028628 0.286082
43  0.947366 -0.000001 0.000001  0.000000 -0.000000 0.758811
44  0.947371 0.000001 -0.000000  0.000000 -0.000000 0.854752
45  0.628263 1.045221 0.151087  1.674810 -1.370795 -0.003926
46  2.574059 -0.521405 -0.012904  -0.000000 0.000000 0.000000
47  -8.592549 -13.644042 -26.345726  0.865983 0.492459 1.640377
time 45
0  -1.881380 7.691641 -22.602280  0.000000 -0.000000 -1.553390
1  0.000000 0.000000 0.000002  -1.570795 -1.570796 0.000000
2  1.326318 -0.003921 0.000002  -0.000004 -0.000001 0.000796
3  4.926312 -0.003923 0.000000  0.000000 -0.000000 -0.000000
4  4.926314 -0.003923 -0.000000  0.000000 0.000000 -0.000000
5  4.926315 -0.003923 0.000001  0.000000 -0.000000 0.000000
6  4.926318 -0.001510 -0.000000  0.000000 -0.000000 0.000000
7  -0.000001 0.001503 1.894737  1.167123 -0.405681 2.394902
8  4.926315 0.000004 0.000003  -0.634325 0.176543 -0.458280
9  7.553214 -0.225282 -1.235260  0.175381 -0.001058 -1.241047
10  10.473210 -0.429407 -0.443607  -1.190092 -0.385530 0.195605
11  1.126230 0.104070 -1.358369  1.745862 0.307725 0.743486
12  2.373627 -0.000008 0.000001  -0.324559 0.359816 0.421618
13  1.071900 0.000003 0.000000  0.038545 -0.020462 0.109604
14  3.789472 -0.000955 -1.136841  -0.090608 0.063773 0.566936
15  1.136844 -0.000002 -0.000001  0.749064 -0.169307 0.059380
16  1.136840 -0.000001 -0.000000  0.128129 -0.486720 0.437681
17  3.789470 -0.000352 -0.378950  0.048286 -0.046321 -0.093394
18  1.326317 -0.000001 -0.000002  -0.000000 -0.000000 0.659321
19  1.326319 0.000003 -0.000000  -0.000000 -0.000000 1.474698
20  3.789469 0.000249 0.378947  -0.075205 0.066269 0.072794
21  1.136845 0.000000 -0.000000  0.525447 -0.291710 0.260143
22  1.136841 0.000000 0.000001  -0.000000 -0.000000 1.350223
23  3.789469 0.000849 1.136840  -0.126675 -0.089227 0.055537
24  0.947374 0.000002 -0.000001  0.000000 -0.000000 0.700359
25  0.947370 0.000001 0.000000  0.000000 0.000000 1.301901
26  -0.000001 0.001512 -1.894737  -0.000010 1.370797 3.140787
27  4.926314 -0.000004 -0.000000  1.087768 -0.775410 -1.255089
28  10.918517 0.317275 0.108860  -0.027110 -0.005021 -0.979018
29  11.368422 -0.000012 0.000000  1.586715 0.263374 0.084580
30  1.126229 0.104092 1.358368  -2.502866 -0.108938 0.792332
31  2.373624 -0.000004 -0.000000  -0.000002 0.000001 0.505855
32  1.071905 0.000005 0.000000  0.000000 -0.000000 0.785000
33  3.789474 -0.000881 1.136842  -0.033447 -0.153436 0.220569
34  1.136844 0.000002 -0.000001  -0.000000 0.000000 0.322721
35  1.136844 -0.000000 -0.000003  0.000000 -0.000000 0.627981
36  3.789472 -0.000277 0.378947  -0.029966 -0.072567 0.402282
37  1.326319 0.000001 -0.000003  0.000001 -0.000001 0.584389
38  1.326315 -0.000001 0.000000  -0.000000 0.000000 1.343180
39  3.789474 0.000328 -0.378948  0.000745 -0.000290 0.383779
40  1.136844 0.000002 -0.000000  0.000000 -0.000000 0.680332
41  1.136846 0.000002 0.000000  0.000000 -0.000000 1.151298
42  3.789473 0.000929 -1.136843  0.042728 0.028628 0.286082
43  0.947367 -0.000000 -0.000001  0.000000 -0.000000 0.758811
44  0.947368 0.000001 -0.000000  0.000000 -0.000000 0.854752
45  0.628265 1.045220 0.151086  1.674810 -1.370795 -0.003926
46  2.681576 -0.942045 -0.008794  -0.000000 0.000000 0.000000
47  -8.592549 -13.644042 -26.345726  0.865983 0.492459 1.640377
time 46
0  -1.881380 7.691641 -22.602280  0.000000 -0.000000 -1.553390
1  0.000000 0.000000 0.000002  -1.570795 -1.570796 0.000000
2  1.326318 -0.003921 0.000002  -0.000004 -0.000001 0.000796
3  4.926312 -0.003923 0.000000  0.000000 -0.000000 -0.000000
4  4.926314 -0.003923 -0.000000  0.000000 0.000000 -0.000000
5  4.926315 -0.003923 0.000001  0.000000 -0.000000 0.000000
6  4.926318 -0.001510 -0.000000  0.000000 -0.000000 0.000000
7  -0.000001 0.001503 1.894737  1.167123 -0.405681 2.394902
8  4.926315 0.000004 0.000003  -0.634325 0.176543 -0.458280
9  7.725869 -0.427349 -1.025577  0.167979 0.000254 -1.229148
10  10.473209 -0.429406 -0.443607  -1.190092 -0.385529 0.195605
11  1.126231 0.104070 -1.358370  1.727582 0.273074 0.789947
12  2.373628 -0.000007 -0.000000  -0.324559 0.359816 0.421618
13  1.071901 0.000003 -0.000001  0.038545 -0.020462 0.109604
14  3.789473 -0.000954 -1.136842  -0.122183 0.030559 0.663567
15  1.136843 -0.000002 -0.000000  0.749064 -0.169307 0.059380
16  1.136841 -0.000001 0.000001  0.128129 -0.486720 0.437681
17  3.789471 -0.000352 -0.378950  0.075372 -0.093557 -0.023579
18  1.326316 -0.000000 -0.000001  -0.000000 -0.000000 0.659321
19  1.326319 0.000000 -0.000001  -0.000000 -0.000000 1.474698
20  3.789469 0.000250 0.378946  -0.075205 0.066269 0.072794
21  1.136845 0.000000 -0.000001  0.525447 -0.291710 0.260143
22  1.136843 -0.000000 0.000000  -0.000000 -0.000000 1.350223
23  3.789471 0.000850 1.136841  -0.127067 -0.089708 0.056351
24  0.947372 0.000003 -0.000001  0.000000 -0.000000 0.700359
25  0.947371 -0.000000 0.000000  0.000000 0.000000 1.301901
26  -0.000001 0.001512 -1.894737  -0.000010 1.370797 3.140787
27  4.926314 -0.000004 -0.000000  1.087768 -0.775410 -1.255089
28  11.136290 -0.005987 0.110174  -0.026117 -0.006544 -0.965420
29  11.368422 -0.000011 -0.000001  1.586715 0.263374 0.084580
30  1.126226 0.104092 1.358369  -2.502866 -0.108938 0.792332
31  2.373624 -0.000003 0.000001  -0.000002 0.000001 0.505855
32  1.071905 0.000006 -0.000001  0.000000 -0.000000 0.785000
33  3.789472 -0.000878 1.136841  -0.033447 -0.153436 0.220569
34  1.136846 0.000001 -0.000001  -0.000000 0.000000 0.322721
35  1.136843 -0.000001 -0.000001  0.000000 -0.000000 0.627981
36  3.789470 -0.000276 0.378947  -0.029966 -0.072567 0.402282
37  1.326319 -0.000000 -0.000002  0.000001 -0.000001 0.584389
38  1.326316 -0.000002 0.000001  -0.000000 0.000000 1.343180
39  3.789472 0.000329 -0.378947  0.000745 -0.000290 0.383779
40  1.136844 -0.000000 -0.000001  0.000000 -0.000000 0.680332
41  1.136843 0.000002 -0.000001  0.000000 0.000000 1.151298
42  3.789470 0.000929 -1.136842  0.042728 0.028628 0.286082
43  0.947369 -0.000001 -0.000000  0.000000 -0.000000 0.758811
44  0.947370 -0.000001 0.000000  0.000000 -0.000000 0.854752
45  0.628262 1.045220 0.151087  1.674810 -1.370795 -0.003926
46  2.771655 -1.294473 -0.005349  -0.000000 0.000000 0.000000
47  -8.592549 -13.644042 -26.345726  0.865983 0.492459 1.640377
time 47
0  -1.881380 7.691641 -22.602280  0.000000 -0.000000 -1.553390
1  0.000000 0.000000 0.000002  -1.570795 -1.570796 0.000000
2  1.326318 -0.003921 0.000002  -0.000004 -0.000001 0.000796
3  4.926312 -0.003923 0.000000  0.000000 -0.000000 -0.000000
4  4.926314 -0.003923 -0.000000  0.000000 0.000000 -0.000000
5  4.926315 -0.003923 0.000001  0.000000 -0.000000 0.000000
6  4.926318 -0.001510 -0.000000  0.000000 -0.000000 0.000000
7  -0.000001 0.001503 1.894737  1.167123 -0.405681 2.394902
8  4.926315 0.000004 0.000003  -0.634325 0.176543 -0.458280
9  8.014216 -0.555858 -0.814677  0.155774 0.000805 -1.209530
10  10.473211 -0.429407 -0.443607  -1.190092 -0.385530 0.195605
11  1.126229 0.104071 -1.358369  1.719309 0.258504 0.809252
12  2.373628 -0.000007 0.000000  -0.324559 0.359816 0.421618
13  1.071900 0.000002 -0.000002  0.038545 -0.020462 0.109604
14  3.789473 -0.000954 -1.136842  -0.135675 0.016282 0.703867
15  1.136842 -0.000003 -0.000001  0.749064 -0.169307 0.059380
16  1.136841 0.000000 0.000001  0.128129 -0.486720 0.437681
17  3.789471 -0.000351 -0.378949  0.089950 -0.113529 0.045644
18  1.326317 -0.000000 -0.000001  -0.000000 -0.000000 0.659321
19  1.326319 0.000001 -0.000001  -0.000000 -0.000000 1.474698
20  3.789468 0.000250 0.378946  -0.075205 0.066269 0.072794
21  1.136845 0.000001 -0.000000  0.525447 -0.291710 0.260143
22  1.136844 0.000000 0.000000  -0.000000 -0.000000 1.350223
23  3.789469 0.000850 1.136840  -0.127378 -0.090501 0.057693
24  0.947371 0.000004 -0.000001  0.000000 -0.000000 0.700359
25  0.947370 -0.000001 0.000000  0.000000 0.000000 1.301901
26  -0.000001 0.001512 -1.894737  -0.000010 1.370797 3.140787
27  4.926314 -0.000004 -0.000000  1.087768 -0.775410 -1.255089
28  11.247567 -0.145593 0.110362  -0.024480 -0.007183 -0.945129
29  11.368423 -0.000010 -0.000001  1.586715 0.263374 0.084580
30  1.126228 0.104091 1.358370  -2.502866 -0.108938 0.792332
31  2.373625 -0.000003 0.000001  -0.000002 0.000001 0.505855
32  1.071903 0.000007 0.000000  0.000000 -0.000000 0.785000
33  3.789472 -0.000881 1.136842  -0.033447 -0.153436 0.220569
34  1.136844 0.000001 -0.000001  -0.000000 0.000000 0.322721
35  1.136844 -0.000002 -0.000001  0.000000 -0.000000 0.627981
36  3.789471 -0.000277 0.378949  -0.029966 -0.072567 0.402282
37  1.326318 0.000001 -0.000002  0.000001 -0.000001 0.584389
38  1.326316 -0.000001 -0.000001  -0.000000 0.000000 1.343180
39  3.789472 0.000329 -0.378946  0.000745 -0.000290 0.383779
40  1.136845 0.000000 -0.000001  0.000000 -0.000000 0.680332
41  1.136846 -0.000001 0.000001  0.000000 0.000000 1.151298
42  3.789472 0.000929 -1.136842  0.042728 0.028628 0.286082
43  0.947369 0.000000 0.000001  0.000000 -0.000000 0.758811
44  0.947369 0.000001 -0.000001  0.000000 -0.000000 0.854752
45  0.628264 1.045220 0.151087  1.674810 -1.370795 -0.003926
46  2.809429 -1.442263 -0.003906  -0.000000 0.000000 0.000000
47  -8.592549 -13.644042 -26.345726  0.865983 0.492459 1.640377
time 48
0  -1.881380 7.691641 -22.602280  0.000000 -0.000000 -1.553390
1  0.000000 0.000000 0.000002  -1.570795 -1.570796 0.000000
2  1.326318 -0.003921 0.000002  -0.000004 -0.000001 0.000796
3  4.926312 -0.003923 0.000000  0.000000 -0.000000 -0.000000
4  4.926314 -0.003923 -0.000000  0.000000 0.000000 -0.000000
5  4.926315 -0.003923 0.000001  0.000000 -0.000000 0.000000
6  4.926318 -0.001510 -0.000000  0.000000 -0.000000 0.000000
7  -0.000001 0.001503 1.894737  1.147181 -0.421050 2.403166
8  4.926317 0.000004 0.000002  -0.637663 0.190564 -0.480523
9  8.430964 -0.587232 -0.624429  0.137592 0.000770 -1.169427
10  10.511676 -0.410956 -0.424547  -1.251027 -0.372939 0.197227
11  1.126232 0.104070 -1.358370  1.746020 0.267957 0.804551
12  2.373626 -0.000007 -0.000000  -0.310613 0.344355 0.420366
13  1.071899 0.000002 -0.000002  0.036889 -0.019583 0.105644
14  3.789472 -0.000955 -1.136842  -0.126982 0.021963 0.691990
15  1.136842 -0.000002 -0.000001  0.716878 -0.162032 0.078566
16  1.136840 -0.000002 0.000001  0.122624 -0.465806 0.448108
17  3.789472 -0.000352 -0.378950  0.091111 -0.105604 0.107337
18  1.326317 0.000001 -0.000001  -0.000000 -0.000000 0.657225
19  1.326318 -0.000001 0.000000  -0.000000 -0.000000 1.454431
20  3.789470 0.000249 0.378946  -0.072007 0.063440 0.092902
21  1.136845 0.000000 -0.000000  0.502869 -0.279175 0.272201
22  1.136842 0.000001 0.000001  -0.000000 -0.000000 1.328558
23  3.789471 0.000850 1.136841  -0.124624 -0.093565 0.073417
24  0.947371 0.000003 -0.000000  0.000000 -0.000000 0.712240
25  0.947371 -0.000002 0.000001  0.000000 0.000000 1.277440
26  -0.000001 0.001512 -1.894737  -0.000010 1.370797 3.140787
27  4.926314 -0.000004 -0.000000  1.094330 -0.770351 -1.267232
28  11.277952 -0.144444 0.105619  -0.021887 -0.006874 -0.917556
29  11.368423 -0.000011 -0.000001  1.587871 0.261679 0.088670
30  1.126227 0.104093 1.358368  -2.502901 -0.110366 0.793428
31  2.373625 -0.000005 0.000000  -0.000002 0.000001 0.505855
32  1.071902 0.000006 0.000000  0.000000 -0.000000 0.785000
33  3.789472 -0.000880 1.136843  -0.033447 -0.153436 0.220569
34  1.136845 -0.000000 -0.000001  -0.000000 0.000000 0.322721
35  1.136841 -0.000002 -0.000001  0.000000 -0.000000 0.627981
36  3.789470 -0.000276 0.378948  -0.029966 -0.072567 0.402282
37  1.326319 0.000000 -0.000001  0.000001 -0.000001 0.584389
38  1.326317 -0.000001 0.000000  -0.000000 0.000000 1.343180
39  3.789472 0.000329 -0.378947  0.000745 -0.000290 0.383779
40  1.136842 0.000003 0.000000  0.000000 -0.000000 0.680332
41  1.136844 0.000000 0.000001  0.000000 -0.000000 1.151298
42  3.789471 0.000930 -1.136842  0.042728 0.028628 0.286082
43  0.947368 0.000000 -0.000000  0.000000 -0.000000 0.758811
44  0.947369 -0.000000 0.000000  0.000000 -0.000000 0.854752
45  0.628264 1.045220 0.151088  1.674810 -1.370795 -0.003926
46  2.809428 -1.442264 -0.003906  -0.000000 0.000000 0.000000
47  -8.592549 -13.644042 -26.345726  0.865983 0.492459 1.640377
time 49
0  -1.881380 7.691641 -22.602280  0.000000 -0.000000 -1.553390
1  0.000000 0.000000 0.000002  -1.570795 -1.570796 0.000000
2  1.326318 -0.003921 0.000002  -0.000004 -0.000001 0.000796
3  4.926312 -0.003923 0.000000  0.000000 -0.000000 -0.000000
4  4.926314 -0.003923 -0.000000  0.000000 0.000000 -0.000000
5  4.926315 -0.003923 0.000001  0.000000 -0.000000 0.000000
6  4.926318 -0.001510 -0.000000  0.000000 -0.000000 0.000000
7  -0.000001 0.001503 1.894737  1.093569 -0.461109 2.426608
8  4.926316 0.000003 0.000003  -0.647501 0.225648 -0.540889
9  8.938898 -0.550200 -0.459271  0.114553 0.000679 -1.103717
10  10.613087 -0.362311 -0.374293  -1.411463 -0.339786 0.201581
11  1.126229 0.104071 -1.358370  1.816054 0.293125 0.792374
12  2.373626 -0.000007 0.000001  -0.273847 0.303595 0.417066
13  1.071900 0.000002 -0.000001  0.032522 -0.017265 0.095204
14  3.789470 -0.000955 -1.136842  -0.104123 0.036857 0.660604
15  1.136845 -0.000004 -0.000001  0.632023 -0.142853 0.129146
16  1.136840 -0.000001 0.000000  0.108109 -0.410670 0.475596
17  3.789470 -0.000352 -0.378950  0.085397 -0.084374 0.160401
18  1.326317 -0.000001 -0.000001  -0.000000 -0.000000 0.651700
19  1.326319 0.000002 0.000000  -0.000000 -0.000000 1.400999
20  3.789468 0.000249 0.378945  -0.063572 0.055981 0.145912
21  1.136846 0.000001 -0.000000  0.443346 -0.246130 0.303991
22  1.136843 -0.000001 0.000001  -0.000000 -0.000000 1.271441
23  3.789468 0.000850 1.136839  -0.116951 -0.099874 0.112182
24  0.947373 0.000003 -0.000000  0.000000 -0.000000 0.743564
25  0.947371 -0.000000 0.000001  0.000000 -0.000000 1.212952
26  -0.000001 0.001512 -1.894737  -0.000010 1.370797 3.140787
27  4.926314 -0.000004 -0.000000  1.110793 -0.756671 -1.298674
28  11.303467 -0.130349 0.093117  -0.018391 -0.006060 -0.884773
29  11.368423 -0.000010 -0.000000  1.590852 0.257194 0.099435
30  1.126225 0.104092 1.358371  -2.503007 -0.114119 0.796332
31  2.373625 -0.000002 0.000001  -0.000002 0.000001 0.505855
32  1.071903 0.000006 -0.000001  0.000000 -0.000000 0.785000
33  3.789471 -0.000880 1.136843  -0.033447 -0.153436 0.220569
34  1.136843 -0.000000 0.000001  -0.000000 0.000000 0.322721
35  1.136844 -0.000002 -0.000002  0.000000 -0.000000 0.627981
36  3.789469 -0.000277 0.378948  -0.029966 -0.072567 0.402282
37  1.326317 0.000001 -0.000001  0.000001 -0.000001 0.584389
38  1.326317 -0.000003 0.000001  -0.000000 0.000000 1.343180
39  3.789470 0.000329 -0.378946  0.000745 -0.000290 0.383779
40  1.136843 0.000002 0.000002  0.000000 -0.000000 0.680332
41  1.136844 0.000000 -0.000001  0.000000 0.000000 1.151298
42  3.789469 0.000930 -1.136841  0.042728 0.028628 0.286082
43  0.947368 -0.000001 -0.000000  0.000000 -0.000000 0.758811
44  0.947371 -0.000001 -0.000002  0.000000 -0.000000 0.854752
45  0.628262 1.045220 0.151089  1.674810 -1.370795 -0.003926
46  2.809429 -1.442264 -0.003906  -0.000000 0.000000 0.000000
47  -8.592549 -13.644042 -26.345726  0.865983 0.492459 1.640377
time 50
0  -1.881380 7.691641 -22.602280  0.000000 -0.000000 -1.553390
1  0.000000 0.000000 0.000002  -1.570795 -1.570796 0.000000
2  1.326318 -0.003921 0.000002  -0.000004 -0.000001 0.000796
3  4.926312 -0.003923 0.000000  0.000000 -0.000000 -0.000000
4  4.926314 -0.003923 -0.000000  0.000000 0.000000 -0.000000
5  4.926315 -0.003923 0.000001  0.000000 -0.000000 0.000000
6  4.926318 -0.001510 -0.000000  0.000000 -0.000000 0.000000
7  -0.000001 0.001503 1.894737  1.014859 -0.516417 2.464108
8  4.926316 0.000004 0.000003  -0.663811 0.270396 -0.630422
9  9.492786 -0.464559 -0.319291  0.088901 0.000550 -1.021942
10  10.756458 -0.293541 -0.303246  -1.637762 -0.293017 0.207946
11  1.126230 0.104070 -1.358370  1.914119 0.329286 0.775672
12  2.373627 -0.000007 0.000000  -0.221866 0.245968 0.412400
13  1.071900 0.000003 -0.000002  0.026349 -0.013987 0.080444
14  3.789473 -0.000955 -1.136843  -0.071950 0.057704 0.616041
15  1.136843 -0.000004 -0.000000  0.512056 -0.115737 0.200657
16  1.136841 -0.000003 0.000000  0.087588 -0.332719 0.514458
17  3.789472 -0.000353 -0.378951  0.074874 -0.054230 0.205086
18  1.326318 -0.000001 0.000000  -0.000000 -0.000000 0.643889
19  1.326320 0.000002 -0.000003  -0.000000 -0.000000 1.325458
20  3.789470 0.000249 0.378945  -0.051644 0.045435 0.220859
21  1.136846 -0.000000 0.000002  0.359192 -0.199411 0.348936
22  1.136841 -0.000003 0.000001  -0.000001 -0.000000 1.190689
23  3.789470 0.000849 1.136841  -0.105960 -0.107982 0.166339
24  0.947372 0.000002 0.000001  0.000000 -0.000000 0.787849
25  0.947371 -0.000001 -0.000000  -0.000000 -0.000000 1.121780
26  -0.000001 0.001512 -1.894737  -0.000010 1.370797 3.140787
27  4.926314 -0.000004 -0.000000  1.132021 -0.736539 -1.341746
28  11.324366 -0.107343 0.075441  -0.014376 -0.004910 -0.849519
29  11.368423 -0.000012 -0.000001  1.594901 0.250821 0.114616
30  1.126226 0.104092 1.358371  -2.503187 -0.119394 0.800467
31  2.373623 -0.000004 -0.000000  -0.000002 0.000001 0.505855
32  1.071903 0.000005 -0.000001  0.000000 -0.000000 0.785000
33  3.789472 -0.000880 1.136846  -0.033447 -0.153436 0.220569
34  1.136845 0.000000 -0.000000  -0.000000 0.000000 0.322721
35  1.136841 0.000000 -0.000001  0.000000 -0.000000 0.627981
36  3.789471 -0.000276 0.378951  -0.029966 -0.072567 0.402282
37  1.326318 0.000001 -0.000002  0.000001 -0.000001 0.584389
38  1.326317 -0.000000 0.000001  -0.000000 0.000000 1.343180
39  3.789472 0.000329 -0.378944  0.000745 -0.000290 0.383779
40  1.136846 0.000002 -0.000000  0.000000 -0.000000 0.680332
41  1.136847 -0.000000 0.000000  0.000000 0.000000 1.151298
42  3.789473 0.000929 -1.136839  0.042728 0.028628 0.286082
43  0.947367 -0.000002 0.000001  0.000000 -0.000000 0.758811
44  0.947370 -0.000002 -0.000002  0.000000 -0.000000 0.854752
45  0.628263 1.045220 0.151090  1.674810 -1.370795 -0.003926
46  2.809428 -1.442266 -0.003907  -0.000000 0.000000 0.000000
47  -8.592549 -13.644042 -26.345726  0.865983 0.492459 1.640377
time 51
0  -1.881380 7.691641 -22.602280  0.000000 -0.000000 -1.553390
1  0.000000 0.000000 0.000002  -1.570795 -1.570796 0.000000
2  1.326318 -0.003921 0.000002  -0.000004 -0.000001 0.000796
3  4.926312 -0.003923 0.000000  0.000000 -0.000000 -0.000000
4  4.926314 -0.003923 -0.000000  0.000000 0.000000 -0.000000
5  4.926315 -0.003923 0.000001  0.000000 -0.000000 0.000000
6  4.926318 -0.001510 -0.000000  0.000000 -0.000000 0.000000
7  -0.000001 0.001503 1.894737  0.919665 -0.577460 2.513999
8  4.926316 0.000003 0.000003  -0.685461 0.314347 -0.738785
9  10.047398 -0.350100 -0.204572  0.062881 0.000402 -0.933642
10  10.920814 -0.214704 -0.221803  -1.896405 -0.239566 0.215586
11  1.126229 0.104071 -1.358370  2.025170 0.371514 0.757202
12  2.373628 -0.000007 0.000001  -0.162279 0.179908 0.407051
13  1.071901 0.000002 0.000000  0.019272 -0.010231 0.063524
14  3.789472 -0.000954 -1.136842  -0.035276 0.081285 0.564674
15  1.136843 -0.000002 -0.000000  0.374532 -0.084654 0.282632
16  1.136842 0.000000 0.000002  0.064065 -0.243360 0.559007
17  3.789470 -0.000353 -0.378950  0.061625 -0.019586 0.241537
18  1.326318 -0.000000 0.000001  -0.000000 -0.000000 0.634934
19  1.326319 0.000003 -0.000000  -0.000000 -0.000000 1.238862
20  3.789469 0.000249 0.378947  -0.037965 0.033345 0.306773
21  1.136845 0.000000 0.000000  0.262724 -0.145855 0.400459
22  1.136844 -0.000002 0.000001  -0.000001 -0.000000 1.098120
23  3.789469 0.000850 1.136840  -0.093233 -0.116542 0.228200
24  0.947371 0.000003 -0.000000  0.000000 -0.000000 0.838615
25  0.947371 -0.000000 -0.000000  -0.000000 -0.000000 1.017265
26  -0.000001 0.001512 -1.894737  -0.000010 1.370797 3.140787
27  4.926314 -0.000004 -0.000000  1.153466 -0.712446 -1.389213
28  11.340899 -0.079470 0.055180  -0.010227 -0.003591 -0.814534
29  11.368422 -0.000010 -0.000001  1.599303 0.243472 0.131962
30  1.126225 0.104093 1.358371  -2.503437 -0.125395 0.805250
31  2.373625 -0.000005 0.000000  -0.000002 0.000001 0.505855
32  1.071904 0.000006 0.000000  0.000000 -0.000000 0.785000
33  3.789470 -0.000880 1.136845  -0.033447 -0.153436 0.220569
34  1.136843 0.000000 0.000000  -0.000000 0.000000 0.322721
35  1.136843 -0.000002 -0.000001  0.000000 -0.000000 0.627981
36  3.789469 -0.000276 0.378951  -0.029966 -0.072567 0.402282
37  1.326319 -0.000000 -0.000003  0.000001 -0.000001 0.584389
38  1.326317 -0.000001 -0.000001  -0.000000 0.000000 1.343180
39  3.789470 0.000329 -0.378945  0.000745 -0.000290 0.383779
40  1.136844 -0.000000 0.000001  0.000000 -0.000000 0.680332
41  1.136844 0.000001 0.000000  0.000000 -0.000000 1.151298
42  3.789470 0.000930 -1.136840  0.042728 0.028628 0.286082
43  0.947370 -0.000001 0.000001  0.000000 -0.000000 0.758811
44  0.947369 0.000001 0.000001  0.000000 -0.000000 0.854752
45  0.628263 1.045220 0.151090  1.674810 -1.370795 -0.003926
46  2.809428 -1.442266 -0.003906  -0.000000 0.000000 0.000000
47  -8.592549 -13.644042 -26.345726  0.865983 0.492459 1.640377
time 52
0  -1.881380 7.691641 -22.602280  0.000000 -0.000000 -1.553390
1  0.000000 0.000000 0.000002  -1.570795 -1.570796 0.000000
2  1.326318 -0.003921 0.000002  -0.000004 -0.000001 0.000796
3  4.926312 -0.003923 0.000000  0.000000 -0.000000 -0.000000
4  4.926314 -0.003923 -0.000000  0.000000 0.000000 -0.000000
5  4.926315 -0.003923 0.000001  0.000000 -0.000000 0.000000
6  4.926318 -0.001510 -0.000000  0.000000 -0.000000 0.000000
7  -0.000001 0.001503 1.894737  0.818178 -0.635339 2.572091
8  4.926316 0.000004 0.000003  -0.709422 0.350131 -0.852668
9  10.557500 -0.226621 -0.115199  0.038737 0.000254 -0.848357
10  11.085170 -0.135866 -0.140360  -2.154193 -0.186303 0.223647
11  1.126229 0.104071 -1.358369  2.134757 0.414503 0.739369
12  2.373626 -0.000007 0.000001  -0.102692 0.113848 0.401703
13  1.071901 0.000003 0.000001  0.012196 -0.006474 0.046605
14  3.789471 -0.000955 -1.136842  0.001182 0.104514 0.512993
15  1.136840 -0.000003 -0.000001  0.237008 -0.053570 0.364608
16  1.136841 -0.000001 0.000001  0.040541 -0.154001 0.603557
17  3.789471 -0.000352 -0.378950  0.047738 0.015127 0.269830
18  1.326318 -0.000001 -0.000003  -0.000000 -0.000000 0.625980
19  1.326319 0.000002 -0.000000  -0.000000 -0.000000 1.152266
20  3.789469 0.000249 0.378947  -0.024280 0.021254 0.392686
21  1.136845 -0.000001 0.000001  0.166255 -0.092299 0.451981
22  1.136843 -0.000002 0.000000  -0.000000 -0.000000 1.005551
23  3.789470 0.000849 1.136841  -0.080369 -0.124439 0.290001
24  0.947372 0.000002 -0.000000  0.000000 -0.000000 0.889380
25  0.947370 -0.000001 0.000002  -0.000000 -0.000000 0.912750
26  -0.000001 0.001512 -1.894737  -0.000010 1.370797 3.140787
27  4.926314 -0.000004 -0.000000  1.171917 -0.687411 -1.434753
28  11.353318 -0.050759 0.034919  -0.006330 -0.002273 -0.782555
29  11.368422 -0.000011 -0.000001  1.603452 0.236082 0.149253
30  1.126228 0.104092 1.358370  -2.503734 -0.131347 0.810079
31  2.373624 -0.000003 0.000000  -0.000002 0.000001 0.505855
32  1.071904 0.000006 -0.000001  0.000000 -0.000000 0.785000
33  3.789471 -0.000880 1.136844  -0.033447 -0.153436 0.220569
34  1.136842 0.000002 -0.000001  -0.000000 0.000000 0.322721
35  1.136843 -0.000003 -0.000001  0.000000 -0.000000 0.627981
36  3.789470 -0.000278 0.378949  -0.029966 -0.072567 0.402282
37  1.326317 0.000001 -0.000004  0.000001 -0.000001 0.584389
38  1.326316 0.000001 -0.000000  -0.000000 0.000000 1.343180
39  3.789473 0.000328 -0.378946  0.000745 -0.000290 0.383779
40  1.136845 -0.000001 0.000001  0.000000 -0.000000 0.680332
41  1.136847 0.000001 -0.000002  0.000000 0.000000 1.151298
42  3.789471 0.000929 -1.136841  0.042728 0.028628 0.286082
43  0.947368 0.000000 -0.000001  0.000000 -0.000000 0.758811
44  0.947370 -0.000002 -0.000000  0.000000 -0.000000 0.854752
45  0.628264 1.045220 0.151087  1.674810 -1.370795 -0.003926
46  2.809428 -1.442264 -0.003906  -0.000000 0.000000 0.000000
47  -8.592549 -13.644042 -26.345726  0.865983 0.492459 1.640377
time 53
0  -1.881380 7.691641 -22.602280  0.000000 -0.000000 -1.553390
1  0.000000 0.000000 0.000002  -1.570795 -1.570796 0.000000
2  1.326318 -0.003921 0.000002  -0.000004 -0.000001 0.000796
3  4.926312 -0.003923 0.000000  0.000000 -0.000000 -0.000000
4  4.926314 -0.003923 -0.000000  0.000000 0.000000 -0.000000
5  4.926315 -0.003923 0.000001  0.000000 -0.000000 0.000000
6  4.926318 -0.001510 -0.000000  0.000000 -0.000000 0.000000
7  -0.000001 0.001503 1.894737  0.723691 -0.682629 2.630163
8  4.926315 0.000003 0.000003  -0.731334 0.374554 -0.955844
9  10.977860 -0.113913 -0.051256  0.018712 0.000125 -0.775627
10  11.228542 -0.067094 -0.069313  -2.378347 -0.140006 0.231066
11  1.126233 0.104070 -1.358370  2.229148 0.452572 0.724261
12  2.373627 -0.000006 0.000000  -0.050711 0.056221 0.397037
13  1.071900 0.000005 -0.000001  0.006023 -0.003197 0.031845
14  3.789475 -0.000955 -1.136842  0.032816 0.124479 0.467645
15  1.136841 -0.000003 0.000000  0.117041 -0.026454 0.436118
16  1.136840 0.000000 0.000000  0.020020 -0.076050 0.642419
17  3.789472 -0.000352 -0.378951  0.035283 0.045460 0.290002
18  1.326318 -0.000001 0.000000  -0.000000 -0.000000 0.618168
19  1.326318 0.000001 0.000000  -0.000000 -0.000000 1.076725
20  3.789471 0.000250 0.378945  -0.012338 0.010704 0.467632
21  1.136844 -0.000000 0.000000  0.082101 -0.045580 0.496926
22  1.136842 0.000002 -0.000001  -0.000000 -0.000000 0.924798
23  3.789472 0.000850 1.136839  -0.069016 -0.130826 0.343908
24  0.947372 0.000003 -0.000001  0.000000 -0.000000 0.933665
25  0.947371 0.000002 0.000001  -0.000000 0.000000 0.821578
26  -0.000001 0.001512 -1.894737  -0.000010 1.370797 3.140787
27  4.926314 -0.000004 -0.000000  1.185655 -0.664916 -1.473009
28  11.361878 -0.025255 0.017243  -0.003070 -0.001122 -0.756322
29  11.368423 -0.000010 -0.000002  1.606865 0.229608 0.164292
30  1.126227 0.104093 1.358369  -2.504031 -0.136499 0.814329
31  2.373624 -0.000004 0.000001  -0.000002 0.000001 0.505855
32  1.071903 0.000006 -0.000000  0.000000 -0.000000 0.785000
33  3.789471 -0.000879 1.136842  -0.033447 -0.153436 0.220569
34  1.136842 0.000002 0.000000  -0.000000 0.000000 0.322721
35  1.136844 -0.000002 -0.000001  0.000000 -0.000000 0.627981
36  3.789470 -0.000277 0.378948  -0.029966 -0.072567 0.402282
37  1.326316 0.000002 -0.000002  0.000001 -0.000001 0.584389
38  1.326317 -0.000001 0.000001  -0.000000 0.000000 1.343180
39  3.789470 0.000329 -0.378947  0.000745 -0.000290 0.383779
40  1.136842 0.000001 0.000000  0.000000 -0.000000 0.680332
41  1.136846 -0.000002 0.000002  0.000000 -0.000000 1.151298
42  3.789469 0.000929 -1.136841  0.042728 0.028628 0.286082
43  0.947369 0.000001 0.000001  0.000000 -0.000000 0.758811
44  0.947370 -0.000001 0.000001  0.000000 -0.000000 0.854752
45  0.628263 1.045220 0.151088  1.674810 -1.370795 -0.003926
46  2.809429 -1.442266 -0.003906  -0.000000 0.000000 0.000000
47  -8.592549 -13.644042 -26.345726  0.865983 0.492459 1.640377
time 54
0  -1.881380 7.691641 -22.602280  0.000000 -0.000000 -1.553390
1  0.000000 0.000000 0.000002  -1.570795 -1.570796 0.000000
2  1.326318 -0.003921 0.000002  -0.000004 -0.000001 0.000796
3  4.926312 -0.003923 0.000000  0.000000 -0.000000 -0.000000
4  4.926314 -0.003923 -0.000000  0.000000 0.000000 -0.000000
5  4.926315 -0.003923 0.000001  0.000000 -0.000000 0.000000
6  4.926318 -0.001510 -0.000000  0.000000 -0.000000 0.000000
7  -0.000001 0.001503 1.894737  0.653138 -0.713928 2.675721
8  4.926316 0.000004 0.000003  -0.746904 0.388021 -1.030581
9  11.263247 -0.031774 -0.012828  0.005052 0.000034 -0.724993
10  11.329954 -0.018451 -0.019060  -2.536470 -0.107361 0.236555
11  1.126231 0.104071 -1.358370  2.295225 0.479793 0.713788
12  2.373627 -0.000008 -0.000000  -0.013944 0.015460 0.393737
13  1.071902 0.000002 -0.000001  0.001656 -0.000879 0.021405
14  3.789473 -0.000955 -1.136842  0.055098 0.138428 0.435417
15  1.136844 -0.000001 -0.000001  0.032186 -0.007275 0.486699
16  1.136842 -0.000005 0.000002  0.005505 -0.020914 0.669907
17  3.789472 -0.000352 -0.378950  0.026314 0.066947 0.302076
18  1.326315 -0.000000 -0.000001  -0.000000 -0.000000 0.612643
19  1.326319 0.000001 -0.000001  -0.000000 -0.000000 1.023293
20  3.789470 0.000250 0.378946  -0.003889 0.003240 0.520641
21  1.136846 0.000000 -0.000001  0.022578 -0.012534 0.528716
22  1.136841 0.000003 0.000002  -0.000000 -0.000000 0.867681
23  3.789471 0.000850 1.136839  -0.060903 -0.135071 0.382038
24  0.947373 0.000003 -0.000001  0.000000 -0.000000 0.964989
25  0.947370 -0.000000 0.000001  0.000000 0.000000 0.757090
26  -0.000001 0.001512 -1.894737  -0.000010 1.370797 3.140787
27  4.926314 -0.000004 -0.000000  1.194088 -0.648685 -1.499294
28  11.366829 -0.006991 0.004742  -0.000832 -0.000309 -0.738574
29  11.368421 -0.000010 -0.000000  1.609163 0.225015 0.174906
30  1.126228 0.104092 1.358369  -2.504263 -0.140120 0.817357
31  2.373625 -0.000003 0.000001  -0.000002 0.000001 0.505855
32  1.071905 0.000005 -0.000001  0.000000 -0.000000 0.785000
33  3.789472 -0.000879 1.136842  -0.033447 -0.153436 0.220569
34  1.136844 0.000000 -0.000001  -0.000000 0.000000 0.322721
35  1.136842 -0.000001 -0.000000  0.000000 -0.000000 0.627981
36  3.789470 -0.000276 0.378948  -0.029966 -0.072567 0.402282
37  1.326319 0.000000 -0.000002  0.000001 -0.000001 0.584389
38  1.326317 -0.000000 0.000000  -0.000000 0.000000 1.343180
39  3.789474 0.000329 -0.378946  0.000745 -0.000290 0.383779
40  1.136844 0.000000 -0.000000  0.000000 -0.000000 0.680332
41  1.136846 0.000000 -0.000000  0.000000 0.000000 1.151298
42  3.789473 0.000930 -1.136841  0.042728 0.028628 0.286082
43  0.947370 -0.000001 0.000000  0.000000 -0.000000 0.758811
44  0.947370 0.000001 0.000001  0.000000 -0.000000 0.854752
45  0.628265 1.045220 0.151089  1.674810 -1.370795 -0.003926
46  2.809429 -1.442267 -0.003907  -0.000000 0.000000 0.000000
47  -8.592549 -13.644042 -26.345726  0.865983 0.492459 1.640377
time 55
0  -1.881380 7.691641 -22.602280  0.000000 -0.000000 -1.553390
1  0.000000 0.000000 0.000002  -1.570795 -1.570796 0.000000
2  1.326318 -0.003921 0.000002  -0.000004 -0.000001 0.000796
3  4.926312 -0.003923 0.000000  0.000000 -0.000000 -0.000000
4  4.926314 -0.003923 -0.000000  0.000000 0.000000 -0.000000
5  4.926315 -0.003923 0.000001  0.000000 -0.000000 0.000000
6  4.926318 -0.001510 -0.000000  0.000000 -0.000000 0.000000
7  -0.000001 0.001503 1.894737  0.625521 -0.725277 2.694015
8  4.926316 0.000004 0.000003  -0.752745 0.392315 -1.059245
9  11.368426 0.000006 0.000000  -0.000001 -0.000000 -0.705995
10  11.368418 0.000001 0.000000  -2.596353 -0.095002 0.238693
11  1.126230 0.104071 -1.358370  2.320138 0.490178 0.709856
12  2.373628 -0.000008 0.000000  0.000001 -0.000001 0.392485
13  1.071900 0.000003 -0.000000  0.000000 0.000000 0.017445
14  3.789473 -0.000956 -1.136841  0.063529 0.143680 0.423160
15  1.136842 -0.000003 -0.000001  -0.000000 0.000000 0.505884
16  1.136839 -0.000003 0.000001  -0.000000 -0.000000 0.680333
17  3.789471 -0.000353 -0.378949  0.022872 0.075107 0.306088
18  1.326316 -0.000000 -0.000001  -0.000000 0.000000 0.610547
19  1.326319 0.000003 0.000000  0.000000 -0.000000 1.003026
20  3.789471 0.000248 0.378947  -0.000684 0.000409 0.540749
21  1.136845 0.000001 -0.000000  -0.000000 0.000000 0.540775
22  1.136843 -0.000002 -0.000000  -0.000000 -0.000000 0.846016
23  3.789469 0.000849 1.136841  -0.057805 -0.136622 0.396498
24  0.947373 0.000004 -0.000002  0.000000 -0.000000 0.976870
25  0.947370 -0.000000 0.000001  0.000000 0.000000 0.732629
26  -0.000001 0.001512 -1.894737  -0.000010 1.370797 3.140787
27  4.926314 -0.000004 -0.000000  1.197015 -0.642467 -1.509105
28  11.368423 -0.000005 -0.000000  -0.000000 0.000000 -0.732050
29  11.368422 -0.000010 -0.000001  1.610009 0.223271 0.178928
30  1.126227 0.104093 1.358371  -2.504355 -0.141488 0.818509
31  2.373625 -0.000003 -0.000000  -0.000002 0.000001 0.505855
32  1.071903 0.000006 -0.000001  0.000000 -0.000000 0.785000
33  3.789472 -0.000880 1.136844  -0.033447 -0.153436 0.220569
34  1.136845 0.000000 -0.000002  -0.000000 0.000000 0.322721
35  1.136843 -0.000002 -0.000001  0.000000 -0.000000 0.627981
36  3.789469 -0.000277 0.378950  -0.029966 -0.072567 0.402282
37  1.326315 0.000001 -0.000000  0.000001 -0.000001 0.584389
38  1.326317 -0.000001 0.000000  -0.000000 0.000000 1.343180
39  3.789472 0.000329 -0.378944  0.000745 -0.000290 0.383779
40  1.136845 -0.000001 -0.000000  0.000000 -0.000000 0.680332
41  1.136846 -0.000002 -0.000001  0.000000 0.000000 1.151298
42  3.789471 0.000929 -1.136840  0.042728 0.028628 0.286082
43  0.947369 -0.000001 -0.000000  0.000000 -0.000000 0.758811
44  0.947369 -0.000001 0.000000  0.000000 -0.000000 0.854752
45  0.628263 1.045220 0.151089  1.674810 -1.370795 -0.003926
46  2.809429 -1.442264 -0.003906  -0.000000 0.000000 0.000000
47  -8.592549 -13.644042 -26.345726  0.865983 0.492459 1.640377
end
