version 1
nodes
0 "Bip01" -1
1 "Bip01 Pelvis" 0
2 "Bip01 L Thigh" 1
3 "Bip01 L Calf" 2
4 "Bip01 L Foot" 3
5 "Bip01 R Thigh" 1
6 "Bip01 R Calf" 5
7 "Bip01 R Foot" 6
8 "Bip01 Spine" 1
9 "Bip01 Spine1" 8
10 "Bip01 Neck" 9
11 "Bip01 L Clavicle" 10
12 "Bip01 L UpperArm" 11
13 "Bip01 L Forearm" 12
14 "Bip01 L Hand" 13
15 "Bip01 L Finger0" 14
16 "Bip01 L Finger01" 15
17 "Bip01 L Finger02" 16
18 "Bip01 L Finger1" 14
19 "Bip01 L Finger11" 18
20 "Bip01 L Finger12" 19
21 "Bip01 L Finger2" 14
22 "Bip01 L Finger21" 21
23 "Bip01 L Finger22" 22
24 "Bip01 R Clavicle" 10
25 "Bip01 R UpperArm" 24
26 "Bip01 R Forearm" 25
27 "Bip01 R Hand" 26
28 "Bip01 R Finger0" 27
29 "Bip01 R Finger01" 28
30 "Bip01 R Finger02" 29
31 "Bip01 R Finger1" 27
32 "Bip01 R Finger11" 31
33 "Bip01 R Finger12" 32
34 "Bip01 R Finger2" 27
35 "Bip01 R Finger21" 34
36 "Bip01 R Finger22" 35
37 "Bip01 R Finger4" 27
38 "Bip01 Head" 10
39 "Bone05" 38
40 "Bone08" 9
41 "Bone16" 8
42 "Bone01" 8
43 "Bone03" 1
44 "Box01" -1
end
skeleton
time 0
0  0.723642 -0.517904 38.620945  -0.000096 0.132833 -1.575349
1  -1.605190 0.273446 -0.000000  -0.000030 -1.636445 -1.570772
2  -0.000009 0.000009 4.427393  -0.150437 -3.070417 -0.367393
3  18.465946 0.000001 0.000000  -0.000000 -0.000000 -0.496610
4  14.875441 -0.000001 0.000001  0.166009 0.036550 0.230112
5  0.000006 -0.000004 -4.427393  0.113012 3.105765 -0.293357
6  18.465940 -0.000002 -0.000000  -0.000000 -0.000000 -1.061464
7  14.875443 0.000002 0.000000  -0.039056 0.056237 -0.080732
8  2.251299 -0.007574 -0.144533  -0.180504 0.087903 0.111937
9  9.514230 -0.009358 -0.000001  -0.077736 0.000175 0.042539
10  11.752187 -0.001497 -0.000000  0.205500 -0.015976 0.606277
11  -1.791470 1.699558 2.384098  0.777725 -1.297367 1.763253
12  4.640938 0.000000 0.000004  0.379355 0.938296 -0.033875
13  10.828049 0.000002 -0.000012  0.079586 -0.028138 -0.715082
14  9.393336 -0.000008 0.000013  1.683776 0.036383 -0.097726
15  1.442244 0.107452 -1.746180  1.686435 0.539209 0.325885
16  1.063447 0.000003 0.000002  0.000000 0.000000 0.199056
17  1.376305 -0.000002 -0.000003  0.000000 -0.000000 0.199049
18  4.172848 -0.251372 -1.312748  0.008050 0.095731 0.148659
19  1.215375 0.000000 0.000000  -0.000000 -0.000000 0.645758
20  1.215373 -0.000006 -0.000001  -0.000000 0.000000 0.645758
21  4.220540 -0.244862 -0.431467  0.001333 0.026242 0.148339
22  1.350414 0.000000 -0.000000  0.000000 -0.000000 0.863926
23  1.350409 -0.000001 0.000000  0.000000 -0.000000 0.863926
24  -1.877405 0.621410 -2.802072  -0.032409 1.431075 2.510615
25  4.640935 -0.000004 -0.000013  0.840773 -0.556066 -1.008731
26  10.828041 -0.000004 0.000011  0.372594 -1.232925 -0.552316
27  9.393343 0.000006 0.000002  1.046902 -0.119173 0.046355
28  1.442243 0.107455 1.746175  -1.686405 -0.539236 0.325898
29  1.063451 -0.000000 0.000002  -0.000000 -0.000000 0.199056
30  1.376309 0.000002 0.000000  -0.000000 -0.000000 0.199059
31  4.172846 -0.251365 1.312737  -0.008050 -0.095731 0.148659
32  1.215374 0.000000 -0.000004  -0.000000 -0.000000 0.645746
33  1.215372 0.000003 -0.000002  0.000000 -0.000000 0.645746
34  4.220531 -0.244853 0.431462  -0.001333 -0.026242 0.148339
35  1.350413 -0.000003 0.000000  0.000000 0.000000 0.863937
36  1.350413 -0.000004 -0.000001  -0.000000 -0.000000 0.863925
37  4.262828 -0.232722 -1.392186  0.016840 0.076668 0.253759
38  2.110539 -0.000004 -0.000001  0.076044 -0.162850 -0.406007
39  0.891933 2.373047 -0.014527  -3.141592 -0.000001 1.413797
40  7.228117 5.709445 3.726569  3.140796 -1.570796 0.000000
41  2.450427 5.076128 0.001325  2.992463 -1.570796 0.000000
42  6.312410 -4.528057 0.001311  3.140791 -1.570796 0.000000
43  2.233306 1.152535 -7.309138  -1.167748 -1.527196 -0.778274
44  3.061500 2.842763 2.243589  0.000000 -0.000000 1.570796
time 1
0  0.579107 -0.402307 38.620945  -0.000096 0.132833 -1.575349
1  -1.605190 0.273446 0.000003  -0.000030 -1.636445 -1.570772
2  -0.000006 0.000008 4.427393  -0.149287 -3.066061 -0.371682
3  18.465939 0.000001 0.000001  -0.000000 -0.000000 -0.496975
4  14.875445 -0.000000 0.000001  0.166187 0.032740 0.225569
5  0.000009 -0.000004 -4.427392  0.113012 3.105765 -0.293357
6  18.465944 -0.000002 -0.000001  -0.000000 -0.000000 -1.061464
7  14.875443 0.000001 0.000001  -0.039056 0.056237 -0.080732
8  2.251302 -0.007574 -0.144533  -0.180504 0.087903 0.111937
9  9.514227 -0.009358 -0.000000  -0.077736 0.000175 0.042539
10  11.752185 -0.001499 0.000000  0.205500 -0.015976 0.606277
11  -1.791469 1.699561 2.384098  0.777725 -1.297367 1.763253
12  4.640938 -0.000001 0.000004  0.385592 0.915259 -0.036709
13  10.828054 0.000001 -0.000008  0.078824 -0.026206 -0.715090
14  9.393339 -0.000007 0.000010  1.680397 0.040660 -0.126722
15  1.442244 0.107451 -1.746181  1.686435 0.539209 0.325885
16  1.063447 0.000002 0.000005  -0.000000 0.000000 0.199056
17  1.376303 -0.000004 -0.000003  -0.000000 0.000000 0.199049
18  4.172851 -0.251372 -1.312749  0.008050 0.095731 0.148659
19  1.215372 0.000005 0.000000  -0.000000 -0.000000 0.645758
20  1.215372 -0.000009 0.000001  -0.000000 -0.000000 0.645758
21  4.220535 -0.244861 -0.431468  0.001333 0.026242 0.148339
22  1.350416 -0.000001 -0.000000  -0.000000 -0.000000 0.863926
23  1.350405 -0.000002 0.000000  0.000000 0.000000 0.863926
24  -1.877403 0.621413 -2.802072  -0.032409 1.431075 2.510615
25  4.640934 -0.000005 -0.000016  0.832045 -0.567035 -0.999844
26  10.828042 -0.000001 0.000011  0.379983 -1.219212 -0.571666
27  9.393347 0.000010 0.000002  1.042844 -0.116992 0.041624
28  1.442241 0.107454 1.746175  -1.686405 -0.539236 0.325898
29  1.063451 0.000001 -0.000000  -0.000000 -0.000000 0.199056
30  1.376308 -0.000003 0.000001  -0.000000 -0.000000 0.199059
31  4.172844 -0.251367 1.312739  -0.008050 -0.095731 0.148659
32  1.215375 -0.000001 -0.000003  -0.000000 -0.000000 0.645746
33  1.215371 0.000001 -0.000001  0.000000 -0.000000 0.645746
34  4.220531 -0.244854 0.431457  -0.001333 -0.026242 0.148339
35  1.350416 -0.000003 -0.000006  -0.000000 0.000000 0.863937
36  1.350411 0.000000 0.000005  0.000000 0.000000 0.863925
37  4.262828 -0.232722 -1.392184  0.016840 0.076668 0.253759
38  2.110541 -0.000002 -0.000000  0.076044 -0.162850 -0.406007
39  0.891932 2.373048 -0.014527  -3.141592 -0.000001 1.413797
40  7.228116 5.709445 3.726569  3.140796 -1.570796 0.000000
41  2.450425 5.076128 0.001325  2.995009 -1.570796 0.000000
42  6.312408 -4.528056 0.001311  3.140791 -1.570796 0.000000
43  2.233310 1.152534 -7.309138  -1.169378 -1.527604 -0.777699
44  3.061500 2.842763 2.243589  0.000000 -0.000000 1.570796
time 2
0  0.594732 -0.313386 38.589432  -0.000288 0.088555 -1.581581
1  -1.530969 0.316416 0.000002  -0.000030 -1.645341 -1.570772
2  0.000000 0.000009 4.427394  -0.139515 -3.058391 -0.342135
3  18.465940 -0.000000 0.000000  0.000000 0.000000 -0.530458
4  14.875443 -0.000001 0.000001  0.150757 0.034166 0.244610
5  0.000012 -0.000004 -4.427393  0.130647 3.117053 -0.504395
6  18.465942 -0.000003 -0.000000  0.000000 -0.000000 -1.015321
7  14.875443 -0.000001 -0.000000  0.047877 0.050174 0.075603
8  2.251304 -0.007575 -0.164064  -0.219236 0.101317 0.109919
9  9.514219 -0.009355 -0.000000  -0.042545 -0.000202 0.030048
10  11.752185 -0.001495 0.000000  0.232285 -0.030981 0.601109
11  -1.756321 1.762066 2.364568  0.806879 -1.267476 1.740276
12  4.640937 0.000001 0.000005  0.394573 0.860014 -0.049910
13  10.828055 0.000001 -0.000009  0.076845 -0.020839 -0.715109
14  9.393347 -0.000008 0.000009  1.671320 0.050380 -0.195929
15  1.442238 0.107452 -1.746180  1.686435 0.539209 0.325885
16  1.063446 0.000001 0.000000  0.000000 0.000000 0.199056
17  1.376308 -0.000002 -0.000001  -0.000000 -0.000000 0.199049
18  4.172845 -0.251373 -1.312750  0.008050 0.095731 0.148659
19  1.215372 0.000004 0.000000  -0.000000 0.000000 0.645758
20  1.215373 -0.000006 -0.000000  -0.000000 0.000000 0.645758
21  4.220530 -0.244861 -0.431466  0.001333 0.026242 0.148339
22  1.350416 -0.000000 0.000001  0.000000 0.000000 0.863926
23  1.350408 -0.000002 -0.000002  0.000000 0.000000 0.863926
24  -1.920383 0.543288 -2.790352  -2.729490 1.686702 -0.189639
25  4.640934 -0.000001 -0.000015  0.806721 -0.597651 -0.974035
26  10.828048 0.000001 0.000009  0.400775 -1.180624 -0.626116
27  9.393350 0.000015 -0.000000  1.031317 -0.110854 0.028320
28  1.442247 0.107455 1.746174  -1.758046 -0.520528 0.467457
29  1.063451 -0.000007 0.000000  -0.000000 -0.000000 0.254197
30  1.376309 0.000006 0.000001  -0.000000 -0.000000 0.400760
31  4.172850 -0.251365 1.312736  -0.005006 -0.095935 0.116922
32  1.215372 0.000000 0.000004  0.000000 -0.000000 0.476195
33  1.215371 0.000002 -0.000004  0.000000 -0.000000 0.812443
34  4.220535 -0.244853 0.431461  -0.000506 -0.026254 0.116709
35  1.350413 -0.000000 -0.000001  0.000000 0.000000 0.901289
36  1.350412 -0.000003 0.000002  0.000000 -0.000000 1.079471
37  4.262830 -0.232721 -1.392184  0.011722 0.077615 0.187453
38  2.110533 -0.000001 0.000001  0.042675 -0.164053 -0.372293
39  0.891930 2.373049 -0.014527  -3.141592 -0.000001 1.413797
40  7.228123 5.709445 3.726568  3.140796 -1.570796 0.000000
41  2.450429 5.076128 0.001325  2.892759 -1.570796 0.000000
42  6.312411 -4.528055 0.001311  3.140791 -1.570796 0.000000
43  2.233310 1.152535 -7.309137  -1.346550 -1.531157 -0.776263
44  3.061500 2.842763 2.243589  0.000000 -0.000000 1.570796
time 3
0  0.614264 -1.149240 38.163998  -0.000288 0.036852 -1.589539
1  -1.445029 0.363292 0.000003  -0.000030 -1.655445 -1.570772
2  -0.000007 0.000009 4.427393  -0.123610 -3.047029 -0.311729
3  18.465940 0.000000 0.000000  0.000000 0.000000 -0.647284
4  14.875441 -0.000001 0.000001  0.128075 0.031740 0.339932
5  0.000005 -0.000004 -4.427392  0.126239 -3.114092 -0.232620
6  18.465944 -0.000002 -0.000000  0.000000 -0.000000 -0.484847
7  14.875444 0.000000 -0.000000  0.109892 0.033350 0.286940
8  2.251298 -0.007575 -0.187503  -0.264931 0.116616 0.107503
9  9.514226 -0.009357 -0.000000  -0.001576 -0.000134 0.015219
10  11.752184 -0.001495 -0.000000  0.263937 -0.048455 0.594560
11  -1.717256 1.832373 2.341128  0.841179 -1.231139 1.713566
12  4.640938 0.000003 0.000005  0.393310 0.793050 -0.078335
13  10.828056 -0.000001 -0.000013  0.074108 -0.012676 -0.715131
14  9.393346 -0.000005 0.000010  1.658687 0.060932 -0.278660
15  1.442240 0.107455 -1.746178  1.686435 0.539209 0.325885
16  1.063447 0.000001 0.000005  -0.000000 0.000000 0.199056
17  1.376307 -0.000005 0.000003  -0.000000 0.000000 0.199049
18  4.172847 -0.251371 -1.312748  0.008050 0.095731 0.148659
19  1.215369 -0.000003 0.000002  -0.000000 -0.000000 0.645758
20  1.215372 0.000000 -0.000000  -0.000000 0.000000 0.645758
21  4.220531 -0.244858 -0.431465  0.001333 0.026242 0.148339
22  1.350418 -0.000004 0.000003  0.000000 0.000000 0.863926
23  1.350409 -0.000011 -0.000003  0.000000 -0.000000 0.863926
24  -1.971161 0.453434 -2.766915  -2.337557 1.696931 0.201789
25  4.640933 -0.000001 -0.000025  0.765176 -0.644163 -0.931627
26  10.828047 -0.000001 0.000012  0.432907 -1.120987 -0.710266
27  9.393348 0.000009 0.000002  1.013184 -0.101373 0.007784
28  1.442246 0.107453 1.746180  -1.834597 -0.488730 0.625494
29  1.063452 0.000000 0.000001  0.000000 -0.000000 0.317511
30  1.376309 0.000005 0.000000  -0.000000 0.000000 0.632342
31  4.172847 -0.251366 1.312743  -0.001507 -0.096055 0.080457
32  1.215373 -0.000001 -0.000000  0.000000 -0.000000 0.281547
33  1.215370 0.000002 -0.000000  0.000000 -0.000000 1.003817
34  4.220534 -0.244855 0.431466  0.000453 -0.026254 0.080395
35  1.350414 -0.000002 0.000002  0.000000 -0.000000 0.944180
36  1.350414 0.000000 0.000002  0.000000 -0.000000 1.326933
37  4.262830 -0.232722 -1.392177  0.005790 0.078274 0.111356
38  2.110539 -0.000006 -0.000000  0.005142 -0.162549 -0.333635
39  0.891922 2.373053 -0.014527  -3.141592 -0.000001 1.413797
40  7.228119 5.709447 3.726568  3.140796 -1.570796 0.000000
41  2.450432 5.076128 0.001324  2.906188 -1.570796 0.000000
42  6.312408 -4.528057 0.001311  3.140791 -1.570796 0.000000
43  2.233305 1.152535 -7.309137  -1.172542 -1.458141 -0.713936
44  3.061500 2.842763 2.243589  0.000000 -0.000000 1.570796
time 4
0  0.618170 2.949998 37.707054  0.000000 -0.000000 -1.605742
1  -1.378622 0.394543 0.000004  -0.000030 -1.658003 -1.570772
2  -0.000002 0.000009 4.427394  -0.087393 -2.979139 -0.612352
3  18.465939 0.000001 0.000000  0.000000 -0.000000 -1.200561
4  14.875443 -0.000000 0.000000  0.100308 0.043318 0.276805
5  0.000010 -0.000004 -4.427392  0.132756 -3.116388 -0.350632
6  18.465948 -0.000003 -0.000000  0.000000 -0.000000 -0.554028
7  14.875443 -0.000000 0.000000  0.093327 0.017526 0.198924
8  2.251304 -0.007574 -0.191409  -0.303917 0.123863 0.107239
9  9.514221 -0.009356 -0.000000  0.026262 -0.000013 -0.000000
10  11.752179 -0.001496 -0.000000  0.290626 -0.063280 0.589471
11  -1.682094 1.890969 2.317690  0.856614 -1.199838 1.704471
12  4.640938 -0.000001 0.000009  0.369207 0.734011 -0.126344
13  10.828049 0.000000 -0.000004  0.071072 -0.002361 -0.715150
14  9.393341 -0.000006 0.000009  1.646689 0.068727 -0.348085
15  1.442243 0.107451 -1.746180  1.686435 0.539209 0.325885
16  1.063446 0.000001 0.000004  0.000000 -0.000000 0.199056
17  1.376307 -0.000002 0.000005  -0.000000 -0.000000 0.199049
18  4.172851 -0.251376 -1.312749  0.008050 0.095731 0.148659
19  1.215376 0.000002 0.000003  -0.000000 0.000000 0.645758
20  1.215372 -0.000004 0.000002  -0.000000 0.000000 0.645758
21  4.220537 -0.244862 -0.431468  0.001333 0.026242 0.148339
22  1.350416 -0.000005 0.000000  0.000000 0.000000 0.863926
23  1.350408 -0.000002 -0.000003  -0.000000 0.000000 0.863926
24  -2.014137 0.379221 -2.747382  0.273806 1.386137 2.821279
25  4.640934 -0.000003 -0.000017  0.706745 -0.702438 -0.871858
26  10.828040 -0.000001 0.000011  0.474317 -1.044130 -0.818714
27  9.393344 0.000011 0.000001  0.989248 -0.089182 -0.018645
28  1.442246 0.107455 1.746177  -1.888420 -0.457213 0.743623
29  1.063452 -0.000009 -0.000000  0.000000 -0.000000 0.366516
30  1.376309 -0.000001 0.000001  -0.000000 0.000000 0.811565
31  4.172848 -0.251365 1.312741  0.001190 -0.096055 0.052246
32  1.215373 -0.000001 -0.000002  0.000000 0.000000 0.130882
33  1.215372 0.000000 0.000001  0.000000 -0.000000 1.151880
34  4.220533 -0.244853 0.431463  0.001184 -0.026242 0.052329
35  1.350415 -0.000003 -0.000005  0.000000 0.000000 0.977377
36  1.350413 -0.000000 0.000004  0.000000 0.000000 1.518434
37  4.262828 -0.232720 -1.392179  0.001188 0.078478 0.052453
38  2.110534 -0.000002 -0.000000  -0.004010 -0.160926 -0.321628
39  0.891930 2.373051 -0.014527  -3.141592 -0.000001 1.413797
40  7.228114 5.709446 3.726568  3.140796 -1.570796 0.000000
41  2.450429 5.076128 0.001325  2.932781 -1.570796 0.000000
42  6.312407 -4.528056 0.001311  3.140791 -1.570796 0.000000
43  2.233306 1.152535 -7.309137  -1.313187 -1.497139 -0.660513
44  3.061500 2.842763 2.243589  0.000000 -0.000000 1.570796
time 5
0  0.606451 4.266023 37.817348  0.000288 -0.009839 -1.640258
1  -1.374716 0.402356 0.000007  -0.000030 -1.637408 -1.570772
2  -0.000004 0.000010 4.427393  -0.118436 -2.996088 -0.380642
3  18.465942 0.000001 0.000000  -0.000000 -0.000000 -1.209480
4  14.875443 0.000001 0.000001  0.081715 0.025248 0.311292
5  0.000014 -0.000003 -4.427393  0.128060 -3.128728 -0.365045
6  18.465937 -0.000000 -0.000001  0.000000 0.000000 -0.506638
7  14.875443 -0.000000 -0.000000  0.059670 0.007128 0.128353
8  2.251305 -0.007573 -0.144533  -0.333958 0.106718 0.112235
9  9.514219 -0.009356 -0.000000  0.016545 -0.001290 -0.016518
10  11.752187 -0.001495 0.000000  0.304037 -0.074162 0.594757
11  -1.646933 1.937845 2.305970  0.841941 -1.183319 1.715002
12  4.640937 0.000002 -0.000002  0.307600 0.700749 -0.202027
13  10.828058 0.000000 -0.000010  0.068196 0.009467 -0.715158
14  9.393341 -0.000008 0.000010  1.641297 0.071677 -0.377228
15  1.442236 0.107452 -1.746176  1.686435 0.539209 0.325885
16  1.063443 0.000000 0.000007  0.000000 0.000000 0.199056
17  1.376302 -0.000001 -0.000002  -0.000000 -0.000000 0.199049
18  4.172845 -0.251375 -1.312747  0.008050 0.095731 0.148659
19  1.215372 0.000003 0.000003  0.000000 -0.000000 0.645758
20  1.215372 -0.000005 0.000000  -0.000000 -0.000000 0.645758
21  4.220531 -0.244863 -0.431466  0.001333 0.026242 0.148339
22  1.350412 0.000004 0.000001  0.000000 -0.000000 0.863926
23  1.350406 -0.000005 -0.000002  0.000000 0.000000 0.863926
24  -2.033657 0.359682 -2.735664  0.059325 1.341350 2.607190
25  4.640933 -0.000002 -0.000023  0.629876 -0.767956 -0.793044
26  10.828047 -0.000000 0.000013  0.522944 -0.953878 -0.946062
27  9.393343 0.000008 0.000004  0.960331 -0.074937 -0.049642
28  1.442245 0.107454 1.746176  -1.892693 -0.454348 0.753304
29  1.063452 -0.000005 -0.000000  -0.000000 0.000000 0.370591
30  1.376308 -0.000001 0.000002  -0.000000 0.000000 0.826506
31  4.172847 -0.251366 1.312737  0.001406 -0.096055 0.049922
32  1.215374 0.000000 -0.000001  0.000000 0.000000 0.118334
33  1.215373 0.000000 -0.000007  -0.000000 -0.000000 1.164219
34  4.220533 -0.244855 0.431458  0.001244 -0.026242 0.050007
35  1.350414 -0.000003 0.000001  -0.000000 0.000000 0.980147
36  1.350413 -0.000003 0.000004  0.000000 0.000000 1.534369
37  4.262828 -0.232721 -1.392184  0.000804 0.078478 0.047558
38  2.110544 -0.000006 -0.000001  0.080671 -0.163782 -0.399039
39  0.891929 2.373049 -0.014527  -3.141592 -0.000001 1.413797
40  7.228122 5.709446 3.726568  3.140796 -1.570796 0.000000
41  2.450427 5.076128 0.001325  2.925058 -1.570796 0.000000
42  6.312405 -4.528055 0.001311  3.140791 -1.570796 0.000000
43  2.233313 1.152536 -7.309137  -1.376846 -1.507682 -0.628344
44  3.061500 2.842763 2.243589  0.000000 -0.000000 1.570796
time 6
0  0.586919 5.030740 38.006432  0.000192 -0.004827 -1.683115
1  -1.421592 0.406262 0.000001  -0.000030 -1.615822 -1.570772
2  -0.000006 0.000009 4.427393  -0.163851 -3.081684 -0.047231
3  18.465935 0.000001 0.000001  -0.000000 0.000000 -0.549247
4  14.875444 0.000000 0.000002  0.033079 0.000154 0.478234
5  0.000009 -0.000003 -4.427392  0.124034 -3.138007 -0.373467
6  18.465948 -0.000004 -0.000001  -0.000000 -0.000000 -0.445268
7  14.875441 -0.000000 -0.000000  0.017835 -0.004604 0.064873
8  2.255209 -0.007573 -0.097656  -0.336025 0.088218 0.121400
9  9.514215 -0.009357 -0.000000  -0.002401 -0.003333 -0.031260
10  11.752184 -0.001496 -0.000000  0.309095 -0.076091 0.591759
11  -1.643027 1.941758 2.302064  0.799353 -1.180197 1.762200
12  4.640937 0.000002 0.000003  0.198017 0.701317 -0.318052
13  10.828054 0.000002 -0.000012  0.065852 0.022202 -0.714447
14  9.393340 -0.000006 0.000013  1.671578 0.070793 -0.363886
15  1.442241 0.107453 -1.746181  1.686435 0.539209 0.325885
16  1.063447 0.000002 0.000000  0.000000 -0.000000 0.199056
17  1.376305 -0.000002 -0.000005  -0.000000 -0.000000 0.199049
18  4.172846 -0.251372 -1.312750  0.008050 0.095731 0.148659
19  1.215371 0.000000 0.000004  0.000000 0.000000 0.645758
20  1.215372 -0.000013 0.000003  -0.000000 -0.000000 0.645758
21  4.220532 -0.244858 -0.431467  0.001333 0.026242 0.148339
22  1.350417 -0.000004 -0.000001  0.000000 -0.000000 0.863926
23  1.350408 -0.000009 -0.000004  0.000000 0.000000 0.863926
24  -2.041468 0.340157 -2.731759  0.034795 1.313903 2.586422
25  4.640932 -0.000002 -0.000017  0.532407 -0.835791 -0.692887
26  10.828043 -0.000002 0.000012  0.576725 -0.854058 -1.086910
27  9.393341 0.000004 0.000002  0.927339 -0.059316 -0.083901
28  1.442245 0.107454 1.746177  -1.888420 -0.457213 0.743623
29  1.063453 -0.000004 0.000002  0.000000 -0.000000 0.366516
30  1.376308 0.000007 0.000002  -0.000000 0.000000 0.811565
31  4.172847 -0.251366 1.312741  0.001190 -0.096055 0.052246
32  1.215374 -0.000001 0.000005  0.000000 0.000000 0.130882
33  1.215371 0.000001 -0.000003  -0.000000 -0.000000 1.151880
34  4.220533 -0.244855 0.431462  0.001184 -0.026242 0.052329
35  1.350414 -0.000001 -0.000000  0.000000 0.000000 0.977377
36  1.350414 -0.000002 -0.000002  0.000000 0.000000 1.518434
37  4.262828 -0.232721 -1.392182  0.001188 0.078478 0.052453
38  2.110544 -0.000000 -0.000001  0.152808 -0.157678 -0.465713
39  0.891929 2.373049 -0.014527  -3.141592 -0.000001 1.413797
40  7.228116 5.709445 3.726568  3.140796 -1.570796 0.000000
41  2.450426 5.076127 0.001324  2.915140 -1.570796 0.000000
42  6.312400 -4.528057 0.001311  3.140791 -1.570796 0.000000
43  2.233307 1.152535 -7.309137  -1.400239 -1.510100 -0.621738
44  3.061500 2.842763 2.243589  0.000000 -0.000000 1.570796
time 7
0  0.575200 5.297501 38.116730  0.000000 -0.000000 -1.710440
1  -1.480187 0.421888 -0.000004  -0.000030 -1.610548 -1.570772
2  -0.000008 0.000009 4.427393  -0.165767 -3.093425 -0.048851
3  18.465935 0.000001 0.000000  -0.000000 -0.000000 -0.524537
4  14.875443 -0.000002 0.000001  0.007055 0.005901 0.457652
5  0.000009 -0.000004 -4.427393  0.123555 -3.135137 -0.367946
6  18.465944 -0.000000 -0.000001  0.000000 0.000000 -0.392299
7  14.875440 0.000000 -0.000000  -0.008242 -0.010879 0.023154
8  2.255204 -0.007574 -0.085937  -0.307461 0.085841 0.131426
9  9.514221 -0.009357 0.000000  -0.005478 -0.004852 -0.043686
10  11.752187 -0.001497 0.000000  0.315434 -0.070003 0.570574
11  -1.686010 1.918325 2.294251  0.736375 -1.183143 1.848458
12  4.640937 0.000000 0.000004  0.046008 0.721038 -0.478826
13  10.828059 -0.000000 -0.000005  0.064055 0.035386 -0.712518
14  9.393340 -0.000006 0.000005  1.753609 0.068222 -0.327682
15  1.442245 0.107455 -1.746183  1.688161 0.540920 0.328471
16  1.063444 0.000001 0.000003  0.000000 0.000000 0.199056
17  1.376305 -0.000004 0.000000  0.000000 -0.000000 0.199049
18  4.172847 -0.251366 -1.312750  0.008050 0.097110 0.148659
19  1.215371 -0.000004 -0.000001  -0.000000 -0.000000 0.645758
20  1.215370 -0.000006 0.000003  -0.000000 0.000000 0.643389
21  4.220536 -0.244853 -0.431468  0.001333 0.026242 0.148339
22  1.350416 -0.000005 0.000002  0.000000 -0.000000 0.865233
23  1.350408 -0.000002 -0.000002  0.000000 -0.000000 0.860006
24  -2.053195 0.281560 -2.731758  0.257421 1.300044 2.816920
25  4.640932 -0.000002 -0.000022  0.412290 -0.900666 -0.569228
26  10.828045 -0.000001 0.000012  0.633599 -0.748498 -1.235856
27  9.393343 0.000006 -0.000002  0.891309 -0.043008 -0.120129
28  1.442245 0.107455 1.746179  -1.887783 -0.457662 0.742130
29  1.063452 -0.000002 0.000000  -0.000000 -0.000000 0.365869
30  1.376309 0.000003 0.000002  -0.000000 0.000000 0.809229
31  4.172846 -0.251366 1.312742  0.001154 -0.096055 0.052607
32  1.215374 -0.000002 0.000008  -0.000000 -0.000000 0.132855
33  1.215371 0.000001 -0.000004  -0.000000 -0.000000 1.149949
34  4.220532 -0.244854 0.431464  0.001184 -0.026242 0.052689
35  1.350415 -0.000002 -0.000002  0.000000 0.000000 0.976915
36  1.350413 -0.000001 0.000005  -0.000000 -0.000000 1.515906
37  4.262828 -0.232721 -1.392182  0.001248 0.078478 0.053209
38  2.110535 0.000002 0.000000  0.135275 -0.155243 -0.450127
39  0.891934 2.373047 -0.014527  -3.141592 -0.000001 1.413797
40  7.228117 5.709445 3.726568  3.140796 -1.570796 0.000000
41  2.450425 5.076127 0.001325  2.917598 -1.570796 0.000000
42  6.312402 -4.528057 0.001311  3.140791 -1.570796 0.000000
43  2.233305 1.152535 -7.309137  -1.384324 -1.504712 -0.647588
44  3.061500 2.842763 2.243589  0.000000 -0.000000 1.570796
time 8
0  0.571294 5.075200 38.116730  0.000000 -0.000000 -1.718493
1  -1.530971 0.429701 0.000000  -0.000030 -1.606682 -1.570772
2  -0.000005 0.000009 4.427393  -0.166821 -3.101095 -0.037795
3  18.465937 0.000001 -0.000000  -0.000000 -0.000000 -0.513351
4  14.875443 -0.000001 0.000000  -0.000731 0.007710 0.457929
5  0.000010 -0.000004 -4.427393  0.122117 -3.139538 -0.371034
6  18.465940 -0.000002 -0.000000  -0.000000 -0.000000 -0.408315
7  14.875439 -0.000000 -0.000001  -0.016454 -0.010485 0.035947
8  2.255210 -0.007574 -0.078124  -0.273201 0.084368 0.141617
9  9.514221 -0.009356 -0.000000  -0.007841 -0.006599 -0.057671
10  11.752187 -0.001495 0.000000  0.324734 -0.063627 0.547140
11  -1.728969 1.894878 2.282532  0.661488 -1.187247 1.948693
12  4.640937 0.000001 -0.000001  -0.138940 0.741117 -0.682058
13  10.828053 -0.000001 -0.000009  0.062732 0.048598 -0.709674
14  9.393340 -0.000003 0.000006  1.874055 0.063995 -0.274360
15  1.442243 0.107451 -1.746180  1.692391 0.545069 0.334731
16  1.063446 0.000000 -0.000000  0.000000 -0.000000 0.199056
17  1.376306 -0.000002 0.000005  -0.000000 -0.000000 0.199049
18  4.172849 -0.251374 -1.312750  0.008050 0.100477 0.148699
19  1.215373 -0.000001 -0.000002  0.000000 0.000000 0.645758
20  1.215371 -0.000007 0.000000  -0.000000 -0.000000 0.637713
21  4.220534 -0.244859 -0.431466  0.001333 0.026242 0.148339
22  1.350419 -0.000003 0.000000  0.000000 0.000000 0.868378
23  1.350407 -0.000001 -0.000003  -0.000000 0.000000 0.850531
24  -2.061005 0.211245 -2.731758  -2.639885 1.866817 -0.073577
25  4.640932 -0.000003 -0.000021  0.269180 -0.957230 -0.421675
26  10.828044 -0.000001 0.000010  0.691503 -0.641025 -1.387503
27  9.393345 0.000008 0.000003  0.853436 -0.026693 -0.157040
28  1.442245 0.107454 1.746181  -1.887965 -0.457606 0.742439
29  1.063449 -0.000000 0.000001  0.000000 0.000000 0.366001
30  1.376309 0.000005 0.000002  -0.000000 0.000000 0.809692
31  4.172847 -0.251366 1.312745  0.001166 -0.096055 0.052527
32  1.215374 -0.000001 -0.000003  -0.000000 -0.000000 0.132435
33  1.215373 0.000001 -0.000008  0.000000 -0.000000 1.150369
34  4.220532 -0.244855 0.431465  0.001184 -0.026242 0.052609
35  1.350413 -0.000003 -0.000002  0.000000 -0.000000 0.976999
36  1.350412 -0.000002 0.000012  0.000000 0.000000 1.516431
37  4.262828 -0.232722 -1.392173  0.001236 0.078478 0.053050
38  2.110536 0.000001 -0.000000  0.104991 -0.155513 -0.424230
39  0.891929 2.373047 -0.014527  -3.141592 -0.000001 1.413797
40  7.228120 5.709446 3.726568  3.140796 -1.570796 0.000000
41  2.450435 5.076128 0.001325  2.921986 -1.570796 0.000000
42  6.312408 -4.528056 0.001310  3.140791 -1.570796 0.000000
43  2.233307 1.152535 -7.309138  -1.370422 -1.500489 -0.666162
44  3.061500 2.842763 2.243589  0.000000 -0.000000 1.570796
time 9
0  0.571294 4.488324 38.053703  0.000000 -0.000000 -1.720698
1  -1.585659 0.437513 0.000000  -0.000030 -1.603951 -1.570772
2  -0.000008 0.000009 4.427394  -0.167779 -3.108386 -0.014729
3  18.465944 0.000001 0.000000  -0.000000 -0.000000 -0.498876
4  14.875443 0.000001 0.000001  -0.002970 0.008370 0.466936
5  0.000006 -0.000004 -4.427392  0.120296 3.136090 -0.376556
6  18.465944 -0.000003 -0.000001  0.000000 -0.000000 -0.455770
7  14.875443 0.000000 -0.000000  -0.019507 -0.006119 0.077329
8  2.255204 -0.007574 -0.070312  -0.235143 0.083563 0.152006
9  9.514225 -0.009356 0.000000  -0.009492 -0.008413 -0.072154
10  11.752186 -0.001497 -0.000000  0.334921 -0.056460 0.522128
11  -1.775846 1.867534 2.266908  0.577741 -1.191025 2.059172
12  4.640938 0.000002 0.000005  -0.339241 0.746271 -0.915023
13  10.828054 0.000003 -0.000007  0.061812 0.061416 -0.706222
14  9.393344 -0.000003 0.000008  2.019557 0.058220 -0.209664
15  1.442242 0.107451 -1.746181  1.697664 0.550142 0.342510
16  1.063445 0.000000 -0.000000  0.000000 -0.000000 0.199056
17  1.376307 -0.000003 -0.000001  -0.000000 -0.000000 0.199049
18  4.172850 -0.251375 -1.312750  0.008050 0.104648 0.148739
19  1.215373 0.000002 0.000002  -0.000000 -0.000000 0.645758
20  1.215371 -0.000007 0.000000  -0.000000 -0.000000 0.630690
21  4.220534 -0.244861 -0.431466  0.001333 0.026242 0.148339
22  1.350413 0.000001 0.000001  0.000000 0.000000 0.872298
23  1.350411 0.000003 -0.000000  -0.000000 0.000000 0.838810
24  -2.068825 0.133123 -2.727850  -2.443733 1.904886 0.130939
25  4.640931 -0.000001 -0.000020  0.106939 -1.000769 -0.254144
26  10.828049 0.000000 0.000014  0.748377 -0.535465 -1.536449
27  9.393343 0.000007 0.000002  0.815086 -0.011014 -0.193348
28  1.442244 0.107454 1.746181  -1.887965 -0.457550 0.742490
29  1.063450 -0.000001 0.000000  -0.000000 0.000000 0.366037
30  1.376308 -0.000001 0.000000  0.000000 0.000000 0.809802
31  4.172846 -0.251367 1.312748  0.001166 -0.096055 0.052486
32  1.215375 -0.000002 0.000006  -0.000000 -0.000000 0.132351
33  1.215372 0.000002 -0.000000  0.000000 -0.000000 1.150453
34  4.220531 -0.244856 0.431471  0.001184 -0.026242 0.052569
35  1.350415 -0.000003 0.000006  0.000000 0.000000 0.977041
36  1.350413 -0.000000 0.000001  -0.000000 -0.000000 1.516526
37  4.262828 -0.232723 -1.392174  0.001224 0.078478 0.053010
38  2.110535 -0.000002 0.000001  0.066121 -0.156806 -0.390893
39  0.891929 2.373048 -0.014527  -3.141592 -0.000001 1.413797
40  7.228128 5.709445 3.726568  3.140796 -1.570796 0.000000
41  2.450431 5.076128 0.001325  2.927515 -1.570796 0.000000
42  6.312408 -4.528055 0.001312  3.140791 -1.570796 0.000000
43  2.233299 1.152535 -7.309139  -1.387296 -1.504712 -0.654290
44  3.061500 2.842763 2.243589  0.000000 -0.000000 1.570796
time 10
0  0.575200 3.794744 37.974918  0.000000 -0.000000 -1.719164
1  -1.640348 0.449232 -0.000004  -0.000030 -1.602069 -1.570772
2  -0.000007 0.000008 4.427393  -0.168354 -3.114635 0.011578
3  18.465933 0.000001 0.000000  -0.000000 -0.000000 -0.482281
4  14.875443 0.000001 0.000002  -0.001513 0.008285 0.477048
5  0.000009 -0.000004 -4.427393  0.118380 3.128341 -0.378895
6  18.465940 -0.000001 -0.000000  0.000000 -0.000000 -0.503816
7  14.875444 0.000000 0.000000  -0.018911 -0.000360 0.122313
8  2.255208 -0.007573 -0.066405  -0.195102 0.083151 0.162660
9  9.514221 -0.009358 -0.000000  -0.010467 -0.010161 -0.085987
10  11.752188 -0.001496 -0.000000  0.343910 -0.048143 0.496091
11  -1.822722 1.836286 2.255188  0.489039 -1.193442 2.175491
12  4.640937 0.000001 0.000004  -0.530485 0.729894 -1.154773
13  10.828052 -0.000002 -0.000006  0.061220 0.073418 -0.702465
14  9.393341 -0.000001 0.000010  2.176895 0.051230 -0.139327
15  1.442242 0.107450 -1.746180  1.702494 0.554709 0.349611
16  1.063448 -0.000001 0.000005  0.000000 0.000000 0.199056
17  1.376305 -0.000003 -0.000004  -0.000000 -0.000000 0.199049
18  4.172848 -0.251375 -1.312749  0.008050 0.108411 0.148779
19  1.215373 -0.000003 0.000004  0.000000 -0.000000 0.645758
20  1.215373 -0.000012 0.000002  0.000000 -0.000000 0.624320
21  4.220534 -0.244860 -0.431467  0.001333 0.026242 0.148339
22  1.350415 0.000005 0.000001  0.000000 0.000000 0.875811
23  1.350408 -0.000001 -0.000000  0.000000 -0.000000 0.828232
24  -2.072726 0.054993 -2.727849  -2.279518 1.956209 0.302638
25  4.640932 -0.000003 -0.000019  -0.064272 -1.028418 -0.076992
26  10.828042 0.000000 0.000013  0.802157 -0.435645 -1.677296
27  9.393343 0.000013 0.000003  0.777790 0.003441 -0.227752
28  1.442245 0.107454 1.746179  -1.888056 -0.457494 0.742696
29  1.063452 -0.000004 -0.000002  -0.000000 0.000000 0.366109
30  1.376309 -0.000003 -0.000002  -0.000000 0.000000 0.810089
31  4.172847 -0.251367 1.312740  0.001178 -0.096055 0.052446
32  1.215375 -0.000002 0.000001  -0.000000 -0.000000 0.132099
33  1.215370 0.000000 -0.000005  0.000000 -0.000000 1.150663
34  4.220532 -0.244855 0.431464  0.001184 -0.026242 0.052529
35  1.350414 -0.000001 0.000000  0.000000 0.000000 0.977083
36  1.350413 -0.000001 0.000002  -0.000000 0.000000 1.516860
37  4.262827 -0.232721 -1.392182  0.001224 0.078478 0.052931
38  2.110539 -0.000000 -0.000000  0.023086 -0.157558 -0.353082
39  0.891925 2.373048 -0.014527  -3.141592 -0.000001 1.413797
40  7.228124 5.709446 3.726568  3.140796 -1.570796 0.000000
41  2.450433 5.076126 0.001325  2.933396 -1.570796 0.000000
42  6.312406 -4.528058 0.001311  3.140791 -1.570796 0.000000
43  2.233305 1.152535 -7.309138  -1.413182 -1.510537 -0.633418
44  3.061500 2.842763 2.243589  0.000000 -0.000000 1.570796
time 11
0  0.575200 3.287897 37.911892  0.000000 -0.000000 -1.715521
1  -1.702851 0.460952 0.000000  0.000033 -1.600719 -1.570821
2  -0.000008 0.000010 4.427393  -0.168545 -3.118707 0.030451
3  18.465940 0.000001 0.000000  -0.000000 -0.000000 -0.469414
4  14.875445 0.000002 0.000001  0.001758 0.007881 0.483290
5  0.000003 -0.000004 -4.427392  0.116846 3.122506 -0.378615
6  18.465940 -0.000002 -0.000001  -0.000000 -0.000000 -0.534402
7  14.875440 0.000000 0.000000  -0.016138 0.004278 0.152702
8  2.255205 -0.007574 -0.062499  -0.154935 0.082935 0.173679
9  9.514224 -0.009357 -0.000000  -0.010767 -0.011679 -0.098045
10  11.752188 -0.001496 -0.000000  0.349519 -0.038436 0.469580
11  -1.873504 1.793314 2.247376  0.399765 -1.193795 2.292768
12  4.640938 0.000001 0.000002  -0.691119 0.695862 -1.377221
13  10.828060 0.000005 -0.000010  0.060885 0.084184 -0.698708
14  9.393340 -0.000004 0.000008  2.333131 0.043620 -0.069060
15  1.442243 0.107457 -1.746179  1.705311 0.557344 0.353736
16  1.063446 0.000001 0.000003  0.000000 0.000000 0.199056
17  1.376306 -0.000001 -0.000006  -0.000000 -0.000000 0.199049
18  4.172849 -0.251370 -1.312748  0.008062 0.110592 0.148779
19  1.215372 0.000000 -0.000001  0.000000 0.000000 0.645758
20  1.215374 -0.000010 0.000002  -0.000000 -0.000000 0.620645
21  4.220534 -0.244858 -0.431466  0.001333 0.026242 0.148339
22  1.350416 -0.000005 -0.000001  0.000000 0.000000 0.877853
23  1.350408 -0.000006 -0.000004  0.000000 0.000000 0.822066
24  -2.072726 -0.015324 -2.727852  -2.158902 2.011890 0.431775
25  4.640931 -0.000003 -0.000018  -0.229003 -1.040385 0.093979
26  10.828043 -0.000001 0.000013  0.850783 -0.345393 -1.804642
27  9.393344 0.000009 0.000003  0.743221 0.016155 -0.258934
28  1.442246 0.107453 1.746184  -1.888147 -0.457438 0.742954
29  1.063452 0.000001 -0.000003  0.000000 -0.000000 0.366217
30  1.376310 0.000003 -0.000001  -0.000000 0.000000 0.810486
31  4.172848 -0.251367 1.312747  0.001178 -0.096055 0.052406
32  1.215377 -0.000001 0.000002  0.000000 -0.000000 0.131805
33  1.215373 0.000001 -0.000003  -0.000000 -0.000000 1.150999
34  4.220535 -0.244855 0.431473  0.001184 -0.026242 0.052489
35  1.350413 -0.000003 0.000001  0.000000 0.000000 0.977167
36  1.350413 -0.000003 0.000003  0.000000 0.000000 1.517242
37  4.262828 -0.232722 -1.392178  0.001212 0.078478 0.052771
38  2.110538 0.000000 0.000000  -0.019744 -0.156536 -0.314236
39  0.891934 2.373048 -0.014527  -3.141592 -0.000001 1.413797
40  7.228119 5.709445 3.726568  3.140796 -1.570796 0.000000
41  2.450431 5.076127 0.001325  2.938925 -1.570796 0.000000
42  6.312405 -4.528057 0.001311  3.140791 -1.570796 0.000000
43  2.233300 1.152535 -7.309137  -1.448750 -1.517148 -0.602590
44  3.061500 2.842763 2.243589  0.000000 -0.000000 1.570796
time 12
0  0.575200 3.110055 37.927647  0.000000 -0.000000 -1.711974
1  -1.784885 0.476577 0.000000  -0.000030 -1.599640 -1.570772
2  -0.000001 0.000009 4.427393  -0.168545 -3.120695 0.036455
3  18.465942 0.000001 0.000001  -0.000000 -0.000000 -0.460714
4  14.875443 -0.000001 0.000002  0.005135 0.007774 0.480564
5  0.000015 -0.000003 -4.427393  0.116175 3.119923 -0.376088
6  18.465942 -0.000001 -0.000001  0.000000 0.000000 -0.536109
7  14.875443 0.000000 -0.000000  -0.012980 0.006128 0.156679
8  2.255208 -0.007574 -0.062499  -0.116540 0.082699 0.185094
9  9.514222 -0.009356 0.000000  -0.010392 -0.012822 -0.107246
10  11.752181 -0.001496 0.000000  0.349602 -0.027206 0.443069
11  -1.928201 1.738628 2.243469  0.314493 -1.191881 2.405736
12  4.640937 0.000000 0.000005  -0.811036 0.654618 -1.565482
13  10.828054 -0.000001 -0.000010  0.060734 0.093291 -0.695256
14  9.393341 -0.000005 0.000010  2.475684 0.036181 -0.004545
15  1.442243 0.107454 -1.746179  1.704544 0.556630 0.352607
16  1.063445 0.000000 0.000004  0.000000 0.000000 0.199056
17  1.376307 -0.000003 0.000005  -0.000000 -0.000000 0.199049
18  4.172850 -0.251372 -1.312749  0.008062 0.109993 0.148779
19  1.215373 0.000002 -0.000001  -0.000000 -0.000000 0.645758
20  1.215369 -0.000009 0.000001  -0.000000 -0.000000 0.621666
21  4.220534 -0.244861 -0.431465  0.001333 0.026242 0.148339
22  1.350416 0.000002 -0.000001  -0.000000 0.000000 0.877322
23  1.350401 -0.000000 -0.000003  -0.000000 0.000000 0.823740
24  -2.068827 -0.073918 -2.731758  -2.079108 2.061458 0.522966
25  4.640930 -0.000002 -0.000028  -0.371386 -1.040177 0.242384
26  10.828045 -0.000002 0.000013  0.892192 -0.268535 -1.913089
27  9.393346 0.000013 -0.000008  0.713158 0.026686 -0.285553
28  1.442246 0.107455 1.746178  -1.888238 -0.457381 0.743211
29  1.063451 0.000002 0.000001  -0.000000 -0.000000 0.366325
30  1.376308 0.000005 -0.000001  0.000000 0.000000 0.810904
31  4.172848 -0.251365 1.312742  0.001190 -0.096055 0.052326
32  1.215375 -0.000001 0.000002  0.000000 -0.000000 0.131428
33  1.215373 0.000000 -0.000008  0.000000 -0.000000 1.151334
34  4.220533 -0.244854 0.431464  0.001184 -0.026242 0.052409
35  1.350412 -0.000003 -0.000003  0.000000 0.000000 0.977251
36  1.350412 -0.000002 0.000004  -0.000000 -0.000000 1.517719
37  4.262829 -0.232720 -1.392181  0.001200 0.078478 0.052652
38  2.110536 -0.000000 -0.000001  -0.057843 -0.153018 -0.277791
39  0.891927 2.373049 -0.014527  -3.141592 -0.000001 1.413797
40  7.228115 5.709445 3.726568  3.140796 -1.570796 0.000000
41  2.450426 5.076129 0.001325  2.943401 -1.570796 0.000000
42  6.312406 -4.528056 0.001311  3.140791 -1.570796 0.000000
43  2.233316 1.152535 -7.309136  -1.494194 -1.523876 -0.561326
44  3.061500 2.842763 2.243589  0.000000 -0.000000 1.570796
time 13
0  0.575200 3.287897 37.911892  0.000000 -0.000000 -1.710440
1  -1.886450 0.496109 0.000000  0.000033 -1.598520 -1.570821
2  -0.000007 0.000009 4.427393  -0.168162 -3.119843 0.020157
3  18.465939 0.000001 0.000001  -0.000000 -0.000000 -0.479137
4  14.875444 -0.000001 0.000001  0.006842 0.008647 0.482658
5  0.000004 -0.000004 -4.427393  0.115984 3.119062 -0.382077
6  18.465939 -0.000001 -0.000001  -0.000000 -0.000000 -0.531121
7  14.875441 -0.000001 0.000000  -0.011365 0.005188 0.145799
8  2.255204 -0.007574 -0.058593  -0.081731 0.082346 0.197005
9  9.514217 -0.009356 0.000000  -0.009454 -0.013427 -0.112441
10  11.752191 -0.001497 0.000000  0.341944 -0.014454 0.416953
11  -1.978975 1.664403 2.251282  0.237605 -1.187852 2.509418
12  4.640938 0.000000 0.000004  -0.890967 0.617158 -1.709762
13  10.828052 -0.000002 -0.000010  0.060689 0.100318 -0.692413
14  9.393340 -0.000009 0.000010  2.592328 0.029807 0.048551
15  1.442241 0.107454 -1.746180  1.698671 0.551102 0.344008
16  1.063447 0.000001 0.000007  0.000000 0.000000 0.199056
17  1.376306 -0.000002 -0.000005  -0.000000 -0.000000 0.199049
18  4.172848 -0.251374 -1.312749  0.008050 0.105439 0.148739
19  1.215371 0.000008 0.000003  -0.000000 -0.000000 0.645758
20  1.215375 -0.000006 -0.000003  0.000000 0.000000 0.629342
21  4.220532 -0.244859 -0.431466  0.001333 0.026242 0.148339
22  1.350415 -0.000009 -0.000000  0.000000 0.000000 0.873033
23  1.350407 -0.000006 0.000000  0.000000 -0.000000 0.836604
24  -2.057095 -0.109079 -2.739568  1.105529 1.046666 -2.558801
25  4.640933 -0.000004 -0.000015  -0.479907 -1.033431 0.356061
26  10.828044 0.000002 0.000012  0.924323 -0.208898 -1.997237
27  9.393344 0.000015 -0.000001  0.689442 0.034656 -0.306254
28  1.442245 0.107455 1.746180  -1.888420 -0.457269 0.743468
29  1.063451 0.000002 0.000003  -0.000000 -0.000000 0.366432
30  1.376311 -0.000005 0.000001  0.000000 0.000000 0.811279
31  4.172845 -0.251365 1.312738  0.001190 -0.096055 0.052286
32  1.215374 -0.000001 -0.000001  0.000000 0.000000 0.131134
33  1.215370 0.000000 -0.000000  0.000000 -0.000000 1.151670
34  4.220532 -0.244854 0.431466  0.001184 -0.026242 0.052369
35  1.350411 -0.000001 -0.000002  0.000000 0.000000 0.977293
36  1.350414 -0.000000 0.000004  0.000000 -0.000000 1.518100
37  4.262827 -0.232720 -1.392176  0.001188 0.078478 0.052533
38  2.110545 -0.000004 0.000001  -0.086687 -0.146643 -0.247467
39  0.891930 2.373049 -0.014527  -3.141592 -0.000001 1.413797
40  7.228124 5.709445 3.726568  3.140796 -1.570796 0.000000
41  2.450423 5.076128 0.001325  2.945947 -1.570796 0.000000
42  6.312404 -4.528057 0.001311  3.140791 -1.570796 0.000000
43  2.233306 1.152535 -7.309138  -1.547499 -1.529963 -0.511445
44  3.061500 2.842763 2.243589  0.000000 -0.000000 1.570796
time 14
0  0.575200 4.310483 37.675537  0.000000 -0.000000 -1.710440
1  -2.015360 0.519547 -0.000004  -0.000030 -1.597053 -1.570772
2  -0.000002 0.000009 4.427393  -0.166533 -3.109995 -0.060575
3  18.465944 0.000001 -0.000000  -0.000000 -0.000000 -0.587848
4  14.875444 -0.000000 0.000001  0.007162 0.010945 0.509876
5  0.000007 -0.000003 -4.427392  0.116463 3.120497 -0.423723
6  18.465942 -0.000001 -0.000000  0.000000 -0.000000 -0.543001
7  14.875441 0.000000 0.000000  -0.010242 -0.002542 0.116648
8  2.255211 -0.007573 -0.058593  -0.052407 0.081737 0.209446
9  9.514215 -0.009358 -0.000000  -0.007954 -0.013386 -0.112550
10  11.752187 -0.001495 -0.000000  0.324339 -0.000277 0.391625
11  -2.037566 1.566741 2.270814  0.172913 -1.182186 2.599314
12  4.640937 0.000001 0.000005  -0.936416 0.591444 -1.802780
13  10.828058 -0.000000 -0.000010  0.060654 0.104843 -0.690484
14  9.393340 -0.000005 0.000010  2.671085 0.025383 0.084565
15  1.442242 0.107459 -1.746180  1.686435 0.539209 0.325885
16  1.063444 0.000001 0.000003  0.000000 0.000000 0.199056
17  1.376307 -0.000002 0.000002  -0.000000 -0.000000 0.199049
18  4.172847 -0.251368 -1.312748  0.008050 0.095731 0.148659
19  1.215373 0.000005 0.000003  -0.000000 -0.000000 0.645758
20  1.215367 -0.000008 -0.000002  -0.000000 -0.000000 0.645758
21  4.220532 -0.244858 -0.431465  0.001333 0.026242 0.148339
22  1.350414 0.000001 0.000001  -0.000000 -0.000000 0.863926
23  1.350408 -0.000000 -0.000000  -0.000000 -0.000000 0.863926
24  -2.041469 -0.120800 -2.751289  1.111916 1.038587 -2.527863
25  4.640933 -0.000003 -0.000018  -0.548104 -1.026110 0.427833
26  10.828041 -0.000001 0.000012  0.945113 -0.170309 -2.051685
27  9.393345 0.000008 0.000001  0.673917 0.039712 -0.319671
28  1.442244 0.107455 1.746178  -1.888420 -0.457213 0.743623
29  1.063455 0.000000 -0.000002  -0.000000 -0.000000 0.366516
30  1.376307 0.000004 -0.000001  -0.000000 0.000000 0.811565
31  4.172846 -0.251366 1.312742  0.001190 -0.096055 0.052246
32  1.215374 -0.000002 0.000004  0.000000 0.000000 0.130882
33  1.215374 0.000002 -0.000001  0.000000 -0.000000 1.151880
34  4.220531 -0.244854 0.431469  0.001184 -0.026242 0.052329
35  1.350414 -0.000002 -0.000003  0.000000 0.000000 0.977377
36  1.350414 -0.000002 -0.000004  -0.000000 0.000000 1.518434
37  4.262826 -0.232722 -1.392184  0.001188 0.078478 0.052453
38  2.110544 -0.000004 0.000001  -0.101752 -0.137141 -0.226843
39  0.891928 2.373050 -0.014527  -3.141592 -0.000001 1.413797
40  7.228127 5.709446 3.726568  3.140796 -1.570796 0.000000
41  2.450427 5.076127 0.001325  2.945859 -1.570796 0.000000
42  6.312401 -4.528057 0.001311  3.140791 -1.570796 0.000000
43  2.233307 1.152536 -7.309138  -1.600420 -1.534681 -0.460799
44  3.061500 2.842763 2.243589  0.000000 -0.000000 1.570796
time 15
0  0.571294 4.034829 37.833107  0.000000 -0.000000 -1.710440
1  -2.284900 0.585955 0.000004  -0.000030 -1.599180 -1.570772
2  -0.000004 0.000009 4.427393  -0.167492 -3.113120 -0.047326
3  18.465942 0.000001 -0.000001  -0.000000 -0.000000 -0.555754
4  14.875442 -0.000000 0.000001  0.007660 0.013925 0.491783
5  0.000005 -0.000003 -4.427393  0.116942 3.121454 -0.405755
6  18.465946 -0.000003 -0.000001  0.000000 -0.000000 -0.504603
7  14.875440 -0.000000 -0.000000  -0.010733 0.000550 0.096051
8  2.255205 -0.007574 -0.062499  -0.039876 0.086254 0.226652
9  9.514220 -0.009358 0.000000  -0.001651 -0.006115 -0.090209
10  11.752189 -0.001496 0.000000  0.285976 0.018036 0.364207
11  -2.107886 1.414396 2.309878  0.215120 -1.168386 2.586294
12  4.640937 0.000002 0.000009  -0.951545 0.582168 -1.836128
13  10.828054 -0.000003 -0.000010  0.060527 0.106445 -0.689773
14  9.393342 -0.000004 0.000009  2.700020 0.023737 0.097831
15  1.442243 0.107451 -1.746179  1.643242 0.492658 0.260187
16  1.063447 0.000001 0.000004  0.000000 0.000000 0.199056
17  1.376303 -0.000002 0.000001  -0.000000 -0.000000 0.199049
18  4.172850 -0.251370 -1.312749  0.008026 0.059059 0.148379
19  1.215373 -0.000004 0.000002  -0.000000 -0.000000 0.645758
20  1.215375 -0.000007 -0.000003  0.000000 0.000000 0.707621
21  4.220535 -0.244859 -0.431465  0.001333 0.026242 0.148339
22  1.350415 0.000002 0.000001  0.000000 0.000000 0.829539
23  1.350408 -0.000001 -0.000002  -0.000000 -0.000000 0.967046
24  -2.010217 -0.077827 -2.774728  1.005555 1.111365 -2.581107
25  4.640934 -0.000003 -0.000017  -0.571841 -1.022970 0.452887
26  10.828050 0.000000 0.000012  0.952502 -0.156596 -2.071035
27  9.393345 0.000007 0.000000  0.668367 0.041489 -0.324444
28  1.442246 0.107455 1.746178  -1.886692 -0.456595 0.746146
29  1.063452 0.000003 0.000003  -0.000000 -0.000000 0.366540
30  1.376308 0.000004 -0.000001  -0.000000 -0.000000 0.811654
31  4.172847 -0.251366 1.312739  0.001190 -0.096055 0.052246
32  1.215375 -0.000001 -0.000001  0.000000 -0.000000 0.130798
33  1.215373 0.000002 -0.000003  -0.000000 -0.000000 1.151964
34  4.220533 -0.244854 0.431464  0.001184 -0.026242 0.052329
35  1.350412 -0.000002 0.000000  0.000000 0.000000 0.977377
36  1.350413 -0.000001 0.000004  -0.000000 0.000000 1.518530
37  4.262828 -0.232721 -1.392180  0.001188 0.078478 0.052453
38  2.110540 -0.000002 -0.000000  -0.086584 -0.130707 -0.231787
39  0.891931 2.373048 -0.014527  -3.141592 -0.000001 1.413797
40  7.228121 5.709446 3.726568  3.140796 -1.570796 0.000000
41  2.450429 5.076126 0.001325  2.939715 -1.570796 0.000000
42  6.312404 -4.528057 0.001311  3.140791 -1.570796 0.000000
43  2.233308 1.152536 -7.309138  -1.568399 -1.534273 -0.482628
44  3.061500 2.842763 2.243589  0.000000 -0.000000 1.570796
time 16
0  0.563481 3.527982 38.037945  0.000000 -0.000000 -1.710440
1  -2.675536 0.683615 -0.000004  -0.000030 -1.602428 -1.570772
2  -0.000010 0.000009 4.427393  -0.169120 -3.118233 -0.022926
3  18.465935 0.000000 0.000001  -0.000000 -0.000000 -0.505017
4  14.875440 -0.000001 -0.000000  0.008513 0.018118 0.466422
5  0.000001 -0.000004 -4.427393  0.117421 3.122506 -0.378147
6  18.465940 -0.000000 -0.000001  0.000000 0.000000 -0.452619
7  14.875443 0.000000 -0.000000  -0.011505 0.005824 0.071139
8  2.255205 -0.007573 -0.070312  -0.043758 0.093697 0.246736
9  9.514225 -0.009356 -0.000000  0.009304 0.003723 -0.044661
10  11.752182 -0.001498 -0.000000  0.224507 0.040267 0.332765
11  -2.186011 1.195639 2.360660  0.328021 -1.146302 2.508173
12  4.640937 0.000001 0.000005  -0.600462 0.620441 -1.524002
13  10.828059 0.000002 -0.000008  -0.146457 0.030439 -0.931816
14  9.393340 -0.000006 0.000011  2.700020 0.023737 0.097831
15  1.442242 0.107457 -1.746180  1.582852 0.412743 0.161999
16  1.063444 0.000002 -0.000001  0.000000 0.000000 0.199056
17  1.376306 -0.000002 -0.000003  -0.000000 -0.000000 0.199049
18  4.172848 -0.251368 -1.312749  0.008002 -0.000169 0.147898
19  1.215373 -0.000001 0.000001  -0.000000 0.000000 0.645758
20  1.215370 -0.000010 0.000000  -0.000000 -0.000000 0.807582
21  4.220534 -0.244856 -0.431467  0.001333 0.026242 0.148339
22  1.350415 -0.000007 0.000001  0.000000 0.000000 0.773997
23  1.350412 -0.000001 -0.000001  0.000000 0.000000 1.133631
24  -1.971160 0.019833 -2.802072  -2.438735 1.907398 0.332380
25  4.640930 -0.000002 -0.000015  -0.571841 -1.022970 0.452887
26  10.828046 -0.000001 0.000012  0.952502 -0.156596 -2.071035
27  9.393344 0.000010 -0.000001  0.668367 0.041489 -0.324444
28  1.442244 0.107454 1.746179  -1.884783 -0.455977 0.748515
29  1.063448 0.000002 0.000004  -0.000000 0.000000 0.366528
30  1.376308 0.000003 0.000002  -0.000000 -0.000000 0.811609
31  4.172846 -0.251366 1.312739  0.001190 -0.096055 0.052246
32  1.215372 -0.000001 0.000001  -0.000000 -0.000000 0.130840
33  1.215373 0.000001 -0.000004  0.000000 -0.000000 1.151922
34  4.220531 -0.244855 0.431466  0.001184 -0.026242 0.052329
35  1.350417 -0.000001 0.000003  0.000000 0.000000 0.977377
36  1.350412 -0.000002 0.000002  -0.000000 -0.000000 1.518482
37  4.262827 -0.232720 -1.392179  0.001188 0.078478 0.052453
38  2.110543 -0.000002 -0.000000  -0.039436 -0.117777 -0.258956
39  0.891924 2.373048 -0.014527  -3.141592 -0.000001 1.413797
40  7.228115 5.709445 3.726568  3.140796 -1.570796 0.000000
41  2.450431 5.076127 0.001325  2.923829 -1.570796 0.000000
42  6.312408 -4.528055 0.001311  3.140791 -1.570796 0.000000
43  2.233303 1.152534 -7.309137  -1.510014 -1.531681 -0.527530
44  3.061500 2.842763 2.243589  0.000000 -0.000000 1.570796
time 17
0  0.575200 3.287897 37.911892  0.000000 -0.000000 -1.710440
1  -2.999764 0.718772 0.000000  -0.000030 -1.596952 -1.570772
2  -0.000003 0.000008 4.427393  -0.169791 -3.124293 -0.036746
3  18.465939 0.000000 -0.000000  -0.000000 -0.000000 -0.532286
4  14.875444 -0.000001 0.000000  0.009259 0.021098 0.480209
5  0.000010 -0.000004 -4.427393  0.114450 3.113035 -0.396958
6  18.465946 -0.000004 -0.000002  0.000000 0.000000 -0.487407
7  14.875443 0.000000 0.000000  -0.011892 0.008068 0.086859
8  2.255211 -0.007575 -0.058593  -0.049285 0.092420 0.260600
9  9.514219 -0.009356 -0.000000  0.017521 -0.000013 0.000000
10  11.752186 -0.001497 -0.000000  0.150862 0.062307 0.299429
11  -2.260234 0.941723 2.399725  0.347173 -1.138496 2.520332
12  4.640937 -0.000001 0.000007  -0.204465 0.628090 -1.197852
13  10.828060 0.000000 -0.000010  -0.353338 -0.045566 -1.173860
14  9.393340 -0.000004 0.000013  2.700020 0.023737 0.097831
15  1.442243 0.107451 -1.746181  1.545041 0.350655 0.094987
16  1.063445 0.000000 0.000005  0.000000 0.000000 0.199056
17  1.376305 -0.000001 -0.000002  -0.000000 -0.000000 0.199049
18  4.172849 -0.251373 -1.312749  0.008014 -0.043889 0.147537
19  1.215374 0.000006 0.000002  -0.000000 -0.000000 0.645758
20  1.215374 -0.000004 0.000001  -0.000000 -0.000000 0.881369
21  4.220533 -0.244861 -0.431466  0.001333 0.026242 0.148339
22  1.350416 -0.000002 0.000001  0.000000 0.000000 0.733035
23  1.350409 -0.000006 -0.000001  -0.000000 0.000000 1.256600
24  -1.935999 0.148744 -2.829416  -2.831964 1.845362 0.001204
25  4.640937 -0.000002 -0.000010  -0.571841 -1.022970 0.452887
26  10.828041 -0.000002 0.000012  0.952502 -0.156596 -2.071035
27  9.393344 0.000010 0.000000  0.668367 0.041489 -0.324444
28  1.442245 0.107455 1.746176  -1.888420 -0.457213 0.743623
29  1.063452 0.000002 0.000000  -0.000000 0.000000 0.366516
30  1.376309 -0.000001 0.000000  -0.000000 -0.000000 0.811565
31  4.172847 -0.251365 1.312741  0.001190 -0.096055 0.052246
32  1.215375 -0.000001 0.000004  0.000000 -0.000000 0.130882
33  1.215371 0.000001 -0.000011  -0.000000 -0.000000 1.151880
34  4.220532 -0.244854 0.431466  0.001184 -0.026242 0.052329
35  1.350414 -0.000002 0.000003  0.000000 0.000000 0.977377
36  1.350414 -0.000002 0.000007  0.000000 0.000000 1.518434
37  4.262828 -0.232721 -1.392184  0.001188 0.078478 0.052453
38  2.110539 -0.000001 0.000001  0.018767 -0.077756 -0.279156
39  0.891924 2.373050 -0.014527  -3.141592 -0.000001 1.413797
40  7.228120 5.709445 3.726567  3.140796 -1.570796 0.000000
41  2.450424 5.076128 0.001325  2.897323 -1.570796 0.000000
42  6.312400 -4.528055 0.001311  3.140791 -1.570796 0.000000
43  2.233310 1.152534 -7.309138  -1.599845 -1.536866 -0.451990
44  3.061500 2.842763 2.243589  0.000000 -0.000000 1.570796
time 18
0  0.602545 3.332357 37.076782  0.000000 -0.000000 -1.710248
1  -3.198990 0.628925 0.000004  -0.000026 -1.572132 -1.570724
2  -0.000006 0.000009 4.427393  -0.170653 -3.136224 -0.107946
3  18.465939 0.000000 -0.000001  -0.000000 -0.000000 -0.688590
4  14.875445 0.000001 0.000001  0.009295 0.020608 0.564114
5  0.000004 -0.000003 -4.427393  0.100936 3.082902 -0.493820
6  18.465944 -0.000001 -0.000001  -0.000000 -0.000000 -0.676374
7  14.875442 0.000000 0.000000  -0.011856 0.005006 0.179227
8  2.255204 -0.007574 0.000003  -0.053167 0.071564 0.262949
9  9.514218 -0.009357 -0.000000  0.017896 -0.032565 0.041262
10  11.752185 -0.001496 0.000000  0.076546 0.081087 0.267198
11  -2.326640 0.691717 2.427070  0.220264 -1.155065 2.668435
12  4.640939 0.000002 0.000007  -0.328919 0.634495 -1.296327
13  10.828053 -0.000000 -0.000011  -0.297508 -0.029093 -1.101687
14  9.393341 -0.000005 0.000011  2.700020 0.023737 0.097831
15  1.442241 0.107446 -1.746179  1.536867 0.335635 0.079717
16  1.063446 0.000001 0.000011  0.000000 -0.000000 0.199056
17  1.376306 -0.000003 0.000001  -0.000000 -0.000000 0.199049
18  4.172848 -0.251380 -1.312749  0.008014 -0.054232 0.147457
19  1.215371 0.000002 -0.000000  -0.000000 0.000000 0.645758
20  1.215369 -0.000011 0.000000  -0.000000 0.000000 0.898805
21  4.220534 -0.244868 -0.431468  0.001333 0.026242 0.148339
22  1.350415 0.000002 0.000001  -0.000000 -0.000000 0.723315
23  1.350412 -0.000005 -0.000001  -0.000000 0.000000 1.285718
24  -1.900844 0.289374 -2.841135  0.229465 1.295656 3.094338
25  4.640933 0.000001 -0.000022  -0.571841 -1.022970 0.452887
26  10.828044 -0.000004 0.000013  0.952502 -0.156596 -2.071035
27  9.393345 0.000011 -0.000001  0.668367 0.041489 -0.324444
28  1.442246 0.107454 1.746181  -1.904148 -0.462662 0.722974
29  1.063451 0.000005 0.000004  0.000000 -0.000000 0.366516
30  1.376307 0.000004 0.000001  -0.000000 -0.000000 0.811565
31  4.172848 -0.251366 1.312743  0.001190 -0.096055 0.052246
32  1.215373 -0.000001 0.000003  0.000000 0.000000 0.130882
33  1.215374 0.000001 0.000005  -0.000000 -0.000000 1.151880
34  4.220533 -0.244854 0.431467  0.001184 -0.026242 0.052329
35  1.350415 -0.000002 0.000002  0.000000 0.000000 0.977377
36  1.350412 -0.000002 0.000006  0.000000 0.000000 1.518434
37  4.262829 -0.232721 -1.392176  0.001188 0.078478 0.052453
38  2.110536 0.000001 0.000000  0.074707 -0.002525 -0.284760
39  0.891930 2.373050 -0.014529  -3.141592 -0.000001 1.413797
40  7.228120 5.709446 3.726568  3.140796 -1.570796 0.000000
41  2.450433 5.076127 0.001325  2.847647 -1.570796 0.000000
42  6.312410 -4.528057 0.001311  3.140791 -1.570796 0.000000
43  2.233299 1.152536 -7.309138  -2.474683 -1.551457 0.350026
44  3.061500 2.842763 2.243589  0.000000 -0.000000 1.570796
time 19
0  0.629889 3.385709 35.879269  0.000000 -0.000000 -1.710056
1  -3.335712 0.480483 -0.000004  -0.000030 -1.538589 -1.570772
2  -0.000001 0.000009 4.427393  -0.174869 3.129255 -0.180958
3  18.465942 0.000001 -0.000000  -0.000000 -0.000000 -0.858857
4  14.875444 0.000000 0.000001  0.009082 0.017778 0.659791
5  0.000006 -0.000004 -4.427392  0.077551 3.049324 -0.598543
6  18.465944 -0.000004 -0.000001  -0.000000 -0.000000 -0.879716
7  14.875445 -0.000000 -0.000000  -0.011084 0.000277 0.279399
8  2.255210 -0.007574 0.070318  -0.058694 0.041889 0.259376
9  9.514223 -0.009359 -0.000000  0.013169 -0.078046 0.081766
10  11.752188 -0.001498 0.000000  0.013638 0.094749 0.239977
11  -2.373519 0.480773 2.430972  0.044480 -1.168689 2.858471
12  4.640938 0.000003 0.000005  -0.568062 0.634718 -1.491810
13  10.828054 0.000001 -0.000008  -0.178986 0.008355 -0.953433
14  9.393341 -0.000009 0.000009  2.700020 0.023737 0.097831
15  1.442241 0.107458 -1.746178  1.540918 0.343169 0.087331
16  1.063445 0.000000 0.000010  0.000000 0.000000 0.199056
17  1.376306 -0.000002 -0.000001  0.000000 -0.000000 0.199049
18  4.172846 -0.251368 -1.312747  0.008014 -0.049066 0.147497
19  1.215373 -0.000001 0.000002  -0.000000 -0.000000 0.645758
20  1.215372 -0.000008 -0.000001  0.000000 0.000000 0.890107
21  4.220533 -0.244860 -0.431466  0.001333 0.026242 0.148339
22  1.350417 -0.000000 -0.000000  0.000000 0.000000 0.728175
23  1.350408 -0.000001 -0.000003  -0.000000 0.000000 1.271180
24  -1.873495 0.410470 -2.845044  0.355913 1.277650 -3.049881
25  4.640934 -0.000005 -0.000016  -0.571841 -1.022970 0.452887
26  10.828046 -0.000003 0.000012  0.952502 -0.156596 -2.071035
27  9.393346 0.000011 -0.000001  0.668367 0.041489 -0.324444
28  1.442245 0.107455 1.746175  -1.925149 -0.470528 0.695063
29  1.063449 0.000004 0.000001  -0.000000 -0.000000 0.366516
30  1.376309 0.000002 -0.000001  -0.000000 -0.000000 0.811565
31  4.172847 -0.251366 1.312739  0.001190 -0.096055 0.052246
32  1.215375 -0.000001 -0.000001  0.000000 0.000000 0.130882
33  1.215373 0.000000 -0.000005  -0.000000 -0.000000 1.151880
34  4.220533 -0.244854 0.431468  0.001184 -0.026242 0.052329
35  1.350413 -0.000001 0.000003  0.000000 0.000000 0.977377
36  1.350413 -0.000002 0.000005  0.000000 0.000000 1.518434
37  4.262827 -0.232720 -1.392179  0.001188 0.078478 0.052453
38  2.110540 -0.000001 -0.000001  0.122987 0.080855 -0.282641
39  0.891930 2.373047 -0.014526  -3.141592 -0.000001 1.413797
40  7.228119 5.709445 3.726568  3.140796 -1.570796 0.000000
41  2.450430 5.076126 0.001325  2.787262 -1.570796 0.000000
42  6.312408 -4.528058 0.001311  3.140791 -1.570796 0.000000
43  2.233305 1.152535 -7.309136  -0.546548 -1.608281 -1.678680
44  3.061500 2.842763 2.243589  0.000000 -0.000000 1.570796
time 20
0  0.653328 3.447954 35.107185  0.000000 -0.000000 -1.709864
1  -3.398215 0.386731 -0.000004  -0.000030 -1.518469 -1.570772
2  -0.000007 0.000009 4.427393  -0.179180 3.118556 -0.222134
3  18.465944 0.000001 -0.000000  0.000000 -0.000000 -0.955870
4  14.875443 -0.000001 -0.000000  0.009188 0.016075 0.714820
5  0.000012 -0.000003 -4.427393  0.060971 3.031627 -0.657877
6  18.465940 -0.000001 -0.000000  -0.000000 -0.000000 -0.990248
7  14.875443 0.000000 0.000000  -0.010277 -0.002512 0.332149
8  2.255210 -0.007574 0.117194  -0.061900 0.023900 0.256596
9  9.514220 -0.009356 -0.000000  0.009117 -0.105397 0.104605
10  11.752183 -0.001495 0.000000  -0.025347 0.102407 0.222105
11  -2.396957 0.347959 2.427069  -0.076902 -1.170628 2.988863
12  4.640938 0.000000 0.000005  -0.731151 0.624222 -1.630834
13  10.828051 -0.000001 -0.000008  -0.071229 0.048822 -0.831494
14  9.393341 -0.000010 0.000011  2.700020 0.023737 0.097831
15  1.442243 0.107458 -1.746180  1.545041 0.350655 0.094987
16  1.063444 0.000002 0.000012  0.000000 0.000000 0.199056
17  1.376306 -0.000001 -0.000001  -0.000000 -0.000000 0.199049
18  4.172849 -0.251368 -1.312748  0.008014 -0.043889 0.147537
19  1.215372 0.000006 0.000000  -0.000000 -0.000000 0.645758
20  1.215372 -0.000003 0.000001  0.000000 0.000000 0.881369
21  4.220535 -0.244856 -0.431467  0.001333 0.026242 0.148339
22  1.350418 -0.000002 0.000001  0.000000 -0.000000 0.733035
23  1.350405 -0.000004 -0.000004  0.000000 0.000000 1.256600
24  -1.861786 0.480791 -2.841136  0.431633 1.264487 -2.966211
25  4.640934 -0.000004 -0.000020  -0.571841 -1.022970 0.452887
26  10.828040 0.000001 0.000013  0.952502 -0.156596 -2.071035
27  9.393343 0.000014 -0.000004  0.668367 0.041489 -0.324444
28  1.442245 0.107455 1.746179  -1.937605 -0.475472 0.678379
29  1.063453 -0.000005 0.000001  -0.000000 -0.000000 0.366516
30  1.376309 0.000009 -0.000000  -0.000000 0.000000 0.811565
31  4.172847 -0.251365 1.312741  0.001190 -0.096055 0.052246
32  1.215375 -0.000000 0.000001  0.000000 0.000000 0.130882
33  1.215372 -0.000000 -0.000003  -0.000000 -0.000000 1.151880
34  4.220532 -0.244853 0.431467  0.001184 -0.026242 0.052329
35  1.350414 -0.000003 0.000008  0.000000 0.000000 0.977377
36  1.350413 -0.000001 0.000009  0.000000 0.000000 1.518434
37  4.262828 -0.232720 -1.392179  0.001188 0.078478 0.052453
38  2.110538 0.000002 0.000000  0.153425 0.132272 -0.272705
39  0.891934 2.373049 -0.014526  -3.141592 -0.000001 1.413797
40  7.228115 5.709446 3.726568  3.140796 -1.570796 0.000000
41  2.450433 5.076128 0.001325  2.753560 -1.570796 0.000000
42  6.312410 -4.528056 0.001311  3.140791 -1.570796 0.000000
43  2.233306 1.152535 -7.309138  -0.795283 -1.630910 -1.498050
44  3.061500 2.842763 2.243589  0.000000 -0.000000 1.570796
time 21
0  0.680672 3.501306 35.170212  0.000000 -0.000000 -1.709673
1  -3.433372 0.371105 0.000004  -0.000030 -1.513496 -1.570772
2  -0.000003 0.000009 4.427394  -0.180426 3.113253 -0.222229
3  18.465940 -0.000000 -0.000000  -0.000000 -0.000000 -0.947317
4  14.875443 -0.000001 0.000001  0.009473 0.016607 0.706208
5  0.000017 -0.000004 -4.427392  0.058095 3.027896 -0.657690
6  18.465939 0.000002 -0.000002  -0.000000 -0.000000 -0.982372
7  14.875444 0.000000 -0.000000  -0.010067 -0.002724 0.324833
8  2.255211 -0.007574 0.128913  -0.063546 0.020208 0.257258
9  9.514216 -0.009354 -0.000000  0.008254 -0.112385 0.111619
10  11.752185 -0.001497 0.000000  -0.045386 0.106410 0.210823
11  -2.412585 0.277642 2.423162  -0.126255 -1.168613 3.045347
12  4.640937 0.000003 0.000004  -0.784040 0.616644 -1.677939
13  10.828056 0.000000 -0.000009  -0.011266 0.077838 -0.773975
14  9.393339 -0.000002 0.000010  2.700020 0.023737 0.097831
15  1.442241 0.107458 -1.746178  1.545041 0.350655 0.094987
16  1.063447 0.000000 0.000007  0.000000 0.000000 0.199056
17  1.376305 -0.000002 -0.000001  -0.000000 -0.000000 0.199049
18  4.172848 -0.251371 -1.312747  0.008014 -0.043889 0.147537
19  1.215372 0.000008 0.000001  -0.000000 0.000000 0.645758
20  1.215375 -0.000004 0.000000  0.000000 0.000000 0.881369
21  4.220534 -0.244859 -0.431466  0.001333 0.026242 0.148339
22  1.350416 0.000003 0.000001  0.000000 0.000000 0.733035
23  1.350407 -0.000005 -0.000002  -0.000000 0.000000 1.256600
24  -1.853964 0.515939 -2.841136  0.411731 1.266000 -2.975527
25  4.640931 -0.000004 -0.000012  -0.571841 -1.022970 0.452887
26  10.828045 0.000000 0.000013  0.952502 -0.156596 -2.071035
27  9.393345 0.000014 -0.000001  0.668367 0.041489 -0.324444
28  1.442245 0.107453 1.746180  -1.940696 -0.476707 0.674311
29  1.063453 -0.000001 0.000001  -0.000000 -0.000000 0.366516
30  1.376310 0.000002 0.000002  0.000000 0.000000 0.811565
31  4.172848 -0.251366 1.312737  0.001190 -0.096055 0.052246
32  1.215376 -0.000001 0.000001  0.000000 0.000000 0.130882
33  1.215373 0.000001 -0.000007  -0.000000 -0.000000 1.151880
34  4.220532 -0.244855 0.431460  0.001184 -0.026242 0.052329
35  1.350414 -0.000002 0.000001  0.000000 0.000000 0.977377
36  1.350413 -0.000002 0.000003  0.000000 0.000000 1.518434
37  4.262829 -0.232722 -1.392182  0.001188 0.078478 0.052453
38  2.110539 -0.000004 0.000000  0.169724 0.150704 -0.262017
39  0.891926 2.373049 -0.014526  -3.141592 -0.000001 1.413797
40  7.228121 5.709444 3.726568  3.140796 -1.570796 0.000000
41  2.450426 5.076129 0.001325  2.746714 -1.570796 0.000000
42  6.312400 -4.528054 0.001311  3.140791 -1.570796 0.000000
43  2.233314 1.152535 -7.309137  -0.849451 -1.639735 -1.459275
44  3.061500 2.842763 2.243589  0.000000 -0.000000 1.570796
time 22
0  0.708017 3.563550 35.642918  0.000000 -0.000000 -1.709385
1  -3.476342 0.371105 0.000004  -0.000030 -1.510478 -1.570772
2  -0.000006 0.000008 4.427393  -0.180809 3.105584 -0.202022
3  18.465937 0.000000 -0.000001  -0.000000 -0.000000 -0.884517
4  14.875442 -0.000000 0.000001  0.009793 0.017607 0.664176
5  0.000010 -0.000004 -4.427393  0.059245 3.026748 -0.630831
6  18.465942 -0.000001 -0.000001  -0.000000 0.000000 -0.919951
7  14.875443 -0.000001 -0.000000  -0.009926 -0.002391 0.289304
8  2.255208 -0.007574 0.132820  -0.066162 0.019226 0.259409
9  9.514217 -0.009357 -0.000000  0.007841 -0.117331 0.116598
10  11.752188 -0.001497 -0.000000  -0.060019 0.109454 0.200763
11  -2.424300 0.219041 2.419256  -0.161412 -1.166095 3.087471
12  4.640937 -0.000001 0.000010  -0.810688 0.612578 -1.701911
13  10.828058 -0.000000 -0.000010  0.019436 0.094887 -0.744463
14  9.393341 -0.000002 0.000010  2.700020 0.023737 0.097831
15  1.442243 0.107456 -1.746181  1.545041 0.350655 0.094987
16  1.063445 -0.000000 0.000006  0.000000 0.000000 0.199056
17  1.376304 -0.000002 0.000000  -0.000000 -0.000000 0.199049
18  4.172847 -0.251369 -1.312750  0.008014 -0.043889 0.147537
19  1.215373 0.000004 0.000001  -0.000000 -0.000000 0.645758
20  1.215371 -0.000003 0.000002  -0.000000 0.000000 0.881369
21  4.220534 -0.244856 -0.431468  0.001333 0.026242 0.148339
22  1.350417 -0.000005 0.000003  0.000000 -0.000000 0.733035
23  1.350409 -0.000001 -0.000000  0.000000 0.000000 1.256600
24  -1.850057 0.535468 -2.841136  0.389237 1.267634 -2.988005
25  4.640934 -0.000003 -0.000022  -0.571841 -1.022970 0.452887
26  10.828048 0.000002 0.000012  0.952502 -0.156596 -2.071035
27  9.393345 0.000015 0.000002  0.668367 0.041489 -0.324444
28  1.442245 0.107453 1.746178  -1.942423 -0.477438 0.671994
29  1.063452 -0.000001 -0.000001  -0.000000 -0.000000 0.366516
30  1.376309 -0.000004 -0.000001  0.000000 0.000000 0.811565
31  4.172847 -0.251368 1.312737  0.001190 -0.096055 0.052246
32  1.215374 -0.000000 -0.000001  0.000000 0.000000 0.130882
33  1.215371 0.000001 -0.000009  0.000000 -0.000000 1.151880
34  4.220533 -0.244856 0.431464  0.001184 -0.026242 0.052329
35  1.350414 -0.000003 -0.000000  0.000000 0.000000 0.977377
36  1.350413 0.000000 0.000005  0.000000 0.000000 1.518434
37  4.262829 -0.232723 -1.392180  0.001188 0.078478 0.052453
38  2.110541 -0.000008 0.000001  0.183143 0.162702 -0.253777
39  0.891920 2.373048 -0.014526  -3.141592 -0.000001 1.413797
40  7.228126 5.709443 3.726567  3.140796 -1.570796 0.000000
41  2.450425 5.076128 0.001325  2.742238 -1.570796 0.000000
42  6.312403 -4.528057 0.001311  3.140791 -1.570796 0.000000
43  2.233306 1.152534 -7.309138  -0.860381 -1.642327 -1.440414
44  3.061500 2.842763 2.243589  0.000000 -0.000000 1.570796
time 23
0  0.735361 3.625795 35.989567  0.000000 -0.000000 -1.709193
1  -3.519311 0.386731 0.000000  -0.000030 -1.509070 -1.570772
2  -0.000013 0.000008 4.427393  -0.181001 3.100281 -0.187820
3  18.465940 0.000001 -0.000000  -0.000000 -0.000000 -0.838314
4  14.875443 0.000001 0.000001  0.010219 0.019033 0.632613
5  0.000007 -0.000004 -4.427393  0.060396 3.026174 -0.610897
6  18.465944 -0.000001 -0.000001  -0.000000 0.000000 -0.871380
7  14.875443 0.000001 -0.000000  -0.009891 -0.001724 0.260603
8  2.255208 -0.007574 0.136726  -0.069326 0.020247 0.262387
9  9.514216 -0.009357 -0.000000  0.007766 -0.120436 0.119672
10  11.752183 -0.001497 0.000000  -0.069595 0.111623 0.192478
11  -2.432120 0.179986 2.415349  -0.183516 -1.163728 3.115905
12  4.640938 0.000002 0.000008  -0.820418 0.611053 -1.710705
13  10.828055 0.000000 -0.000008  0.030769 0.102938 -0.733585
14  9.393339 -0.000001 0.000010  2.700020 0.023737 0.097831
15  1.442242 0.107454 -1.746180  1.545041 0.350655 0.094987
16  1.063447 0.000000 0.000009  0.000000 0.000000 0.199056
17  1.376305 -0.000001 0.000004  -0.000000 -0.000000 0.199049
18  4.172849 -0.251376 -1.312750  0.008014 -0.043889 0.147537
19  1.215371 -0.000004 0.000001  -0.000000 0.000000 0.645758
20  1.215373 -0.000011 0.000000  -0.000000 -0.000000 0.881369
21  4.220534 -0.244863 -0.431468  0.001333 0.026242 0.148339
22  1.350416 -0.000002 0.000003  0.000000 -0.000000 0.733035
23  1.350405 0.000002 -0.000003  -0.000000 0.000000 1.256600
24  -1.846161 0.543290 -2.841137  0.366836 1.269117 -3.001679
25  4.640933 -0.000004 -0.000016  -0.571841 -1.022970 0.452887
26  10.828045 0.000003 0.000013  0.952502 -0.156596 -2.071035
27  9.393343 0.000010 0.000008  0.668367 0.041489 -0.324444
28  1.442245 0.107455 1.746176  -1.943151 -0.477719 0.671015
29  1.063450 -0.000000 0.000003  0.000000 0.000000 0.366516
30  1.376310 0.000005 0.000001  -0.000000 -0.000000 0.811565
31  4.172846 -0.251366 1.312743  0.001190 -0.096055 0.052246
32  1.215375 -0.000002 -0.000002  -0.000000 0.000000 0.130882
33  1.215372 -0.000000 -0.000002  -0.000000 -0.000000 1.151880
34  4.220532 -0.244854 0.431467  0.001184 -0.026242 0.052329
35  1.350414 -0.000002 -0.000002  0.000000 0.000000 0.977377
36  1.350413 -0.000002 0.000005  0.000000 0.000000 1.518434
37  4.262828 -0.232721 -1.392178  0.001188 0.078478 0.052453
38  2.110533 0.000002 -0.000001  0.193324 0.169166 -0.248079
39  0.891931 2.373047 -0.014527  -3.141592 -0.000001 1.413797
40  7.228117 5.709444 3.726568  3.140796 -1.570796 0.000000
41  2.450423 5.076127 0.001324  2.740219 -1.570796 0.000000
42  6.312401 -4.528056 0.001311  3.140791 -1.570796 0.000000
43  2.233303 1.152535 -7.309138  -0.853957 -1.641540 -1.430266
44  3.061500 2.842763 2.243589  0.000000 -0.000000 1.570796
time 24
0  0.762706 3.688039 36.036835  0.000000 -0.000000 -1.709001
1  -3.558377 0.406262 -0.000004  -0.000030 -1.508984 -1.570772
2  -0.000003 0.000009 4.427394  -0.181767 3.098766 -0.189250
3  18.465940 0.000000 0.000000  -0.000000 -0.000000 -0.832611
4  14.875443 -0.000002 0.000000  0.010717 0.020800 0.625818
5  0.000010 -0.000004 -4.427393  0.060300 3.025313 -0.609025
6  18.465948 -0.000002 -0.000001  0.000000 -0.000000 -0.859894
7  14.875443 0.000000 0.000000  -0.009891 -0.000845 0.250961
8  2.255211 -0.007574 0.136726  -0.072406 0.022564 0.265596
9  9.514219 -0.009354 0.000000  0.007991 -0.121861 0.121079
10  11.752184 -0.001497 -0.000000  -0.074436 0.112966 0.186403
11  -2.436023 0.152640 2.411443  -0.194091 -1.162041 3.131605
12  4.640934 0.000002 0.000008  -0.821804 0.610834 -1.711959
13  10.828053 -0.000000 -0.000010  0.032624 0.104961 -0.731963
14  9.393338 -0.000013 0.000010  2.700020 0.023737 0.097831
15  1.442243 0.107456 -1.746179  1.545041 0.350655 0.094987
16  1.063445 0.000001 -0.000001  0.000000 0.000000 0.199056
17  1.376306 -0.000002 0.000000  0.000000 -0.000000 0.199049
18  4.172849 -0.251370 -1.312748  0.008014 -0.043889 0.147537
19  1.215371 -0.000003 0.000002  -0.000000 0.000000 0.645758
20  1.215374 -0.000005 0.000000  -0.000000 0.000000 0.881369
21  4.220534 -0.244858 -0.431465  0.001333 0.026242 0.148339
22  1.350415 -0.000006 0.000002  0.000000 -0.000000 0.733035
23  1.350402 -0.000007 -0.000003  0.000000 -0.000000 1.256600
24  -1.842251 0.547193 -2.841135  0.347119 1.270236 -3.014670
25  4.640934 -0.000003 -0.000011  -0.571841 -1.022970 0.452887
26  10.828042 -0.000002 0.000013  0.952502 -0.156596 -2.071035
27  9.393345 0.000019 -0.000002  0.668367 0.041489 -0.324444
28  1.442246 0.107454 1.746172  -1.943060 -0.477663 0.671170
29  1.063453 -0.000003 -0.000003  0.000000 -0.000000 0.366516
30  1.376309 0.000004 0.000001  0.000000 -0.000000 0.811565
31  4.172847 -0.251366 1.312738  0.001190 -0.096055 0.052246
32  1.215373 -0.000000 -0.000003  0.000000 0.000000 0.130882
33  1.215373 -0.000000 -0.000010  -0.000000 -0.000000 1.151880
34  4.220533 -0.244854 0.431461  0.001184 -0.026242 0.052329
35  1.350414 -0.000001 -0.000006  0.000000 0.000000 0.977377
36  1.350412 -0.000002 0.000005  0.000000 0.000000 1.518434
37  4.262829 -0.232721 -1.392184  0.001188 0.078478 0.052453
38  2.110541 -0.000002 0.000000  0.199905 0.171061 -0.245066
39  0.891930 2.373049 -0.014526  -3.141592 -0.000001 1.413797
40  7.228118 5.709445 3.726568  3.140796 -1.570796 0.000000
41  2.450426 5.076129 0.001325  2.740570 -1.570796 0.000000
42  6.312407 -4.528054 0.001311  3.140791 -1.570796 0.000000
43  2.233312 1.152535 -7.309139  -0.848109 -1.640171 -1.425191
44  3.061500 2.842763 2.243589  0.000000 -0.000000 1.570796
time 25
0  0.790051 3.759176 36.052593  0.000000 -0.000000 -1.708810
1  -3.589626 0.429701 0.000004  -0.000030 -1.509889 -1.570772
2  -0.000008 0.000009 4.427393  -0.182438 3.098672 -0.193253
3  18.465940 -0.000000 0.000001  -0.000000 0.000000 -0.834512
4  14.875443 -0.000002 0.000001  0.011179 0.022609 0.623922
5  0.000013 -0.000004 -4.427392  0.060300 3.025122 -0.609961
6  18.465942 -0.000002 -0.000000  0.000000 0.000000 -0.854905
7  14.875443 -0.000000 -0.000001  -0.009926 0.000095 0.244920
8  2.255211 -0.007574 0.136726  -0.074980 0.025471 0.268475
9  9.514220 -0.009358 -0.000000  0.008366 -0.121807 0.120971
10  11.752185 -0.001498 0.000000  -0.074916 0.113505 0.183010
11  -2.439936 0.144832 2.407536  -0.194377 -1.161235 3.135148
12  4.640938 0.000001 0.000005  -0.821113 0.612313 -1.709978
13  10.828051 0.000006 -0.000010  0.033231 0.104282 -0.731789
14  9.393341 -0.000008 0.000010  2.698158 0.023675 0.097661
15  1.442241 0.107451 -1.746178  1.545041 0.350655 0.094987
16  1.063446 0.000001 0.000002  0.000000 0.000000 0.199056
17  1.376306 -0.000002 -0.000002  -0.000000 -0.000000 0.199049
18  4.172848 -0.251376 -1.312748  0.008014 -0.043889 0.147537
19  1.215374 0.000002 0.000000  -0.000000 0.000000 0.645758
20  1.215373 -0.000006 -0.000002  -0.000000 0.000000 0.881369
21  4.220533 -0.244863 -0.431466  0.001333 0.026242 0.148339
22  1.350415 0.000003 -0.000001  -0.000000 -0.000000 0.733035
23  1.350410 -0.000002 -0.000002  -0.000000 0.000000 1.256600
24  -1.842252 0.539380 -2.841135  0.332678 1.270932 -3.024925
25  4.640934 -0.000002 -0.000012  -0.567629 -1.023550 0.448438
26  10.828051 -0.000004 0.000012  0.951184 -0.159041 -2.067584
27  9.393345 0.000011 -0.000003  0.669358 0.041173 -0.323592
28  1.442245 0.107454 1.746184  -1.942333 -0.477382 0.672097
29  1.063452 -0.000005 -0.000000  -0.000000 -0.000000 0.366516
30  1.376307 0.000009 0.000001  -0.000000 0.000000 0.811565
31  4.172846 -0.251366 1.312741  0.001190 -0.096055 0.052246
32  1.215375 -0.000002 -0.000003  0.000000 0.000000 0.130882
33  1.215372 0.000000 -0.000003  -0.000000 -0.000000 1.151880
34  4.220532 -0.244854 0.431467  0.001184 -0.026242 0.052329
35  1.350414 -0.000001 0.000003  0.000000 0.000000 0.977377
36  1.350412 -0.000001 0.000002  0.000000 0.000000 1.518434
37  4.262827 -0.232721 -1.392177  0.001188 0.078478 0.052453
38  2.110538 -0.000000 0.000000  0.202784 0.169166 -0.244642
39  0.891930 2.373048 -0.014527  -3.141592 -0.000001 1.413797
40  7.228121 5.709443 3.726568  3.140796 -1.570796 0.000000
41  2.450433 5.076124 0.001325  2.743379 -1.570796 0.000000
42  6.312407 -4.528056 0.001311  3.140791 -1.570796 0.000000
43  2.233306 1.152535 -7.309138  -0.848876 -1.639152 -1.422989
44  3.061500 2.842763 2.243589  0.000000 -0.000000 1.570796
time 26
0  0.817395 3.830312 36.021080  0.000000 -0.000000 -1.708618
1  -3.605253 0.449232 -0.000004  -0.000030 -1.511484 -1.570772
2  -0.000008 0.000010 4.427393  -0.182917 3.099618 -0.198781
3  18.465944 -0.000000 0.000002  0.000000 0.000000 -0.841092
4  14.875443 -0.000000 0.000000  0.011641 0.024248 0.625226
5  0.000014 -0.000003 -4.427393  0.060587 3.025409 -0.612581
6  18.465940 0.000001 -0.000001  -0.000000 -0.000000 -0.854315
7  14.875443 0.000000 0.000000  -0.009926 0.000974 0.241619
8  2.255213 -0.007574 0.132820  -0.076499 0.028260 0.270394
9  9.514219 -0.009357 0.000000  0.008817 -0.120423 0.119542
10  11.752184 -0.001493 0.000000  -0.071404 0.113241 0.182773
11  -2.439929 0.152640 2.407537  -0.185516 -1.161461 3.127201
12  4.640939 0.000000 0.000003  -0.819179 0.616688 -1.704253
13  10.828056 0.000001 -0.000008  0.034177 0.102405 -0.731515
14  9.393341 -0.000002 0.000011  2.692750 0.023499 0.097184
15  1.442242 0.107449 -1.746179  1.545041 0.350655 0.094987
16  1.063445 0.000001 0.000003  0.000000 0.000000 0.199056
17  1.376306 -0.000003 0.000000  -0.000000 -0.000000 0.199049
18  4.172846 -0.251375 -1.312747  0.008014 -0.043889 0.147537
19  1.215372 -0.000005 0.000000  -0.000000 0.000000 0.645758
20  1.215376 -0.000005 -0.000000  0.000000 -0.000000 0.881369
21  4.220534 -0.244868 -0.431466  0.001333 0.026242 0.148339
22  1.350416 -0.000003 0.000001  0.000000 -0.000000 0.733035
23  1.350412 0.000001 0.000000  -0.000000 0.000000 1.256600
24  -1.842245 0.527660 -2.845042  0.326198 1.271114 -3.030395
25  4.640934 -0.000005 -0.000010  -0.555259 -1.025196 0.435381
26  10.828047 -0.000001 0.000012  0.947331 -0.166193 -2.057493
27  9.393345 0.000010 0.000001  0.672253 0.040247 -0.321103
28  1.442245 0.107454 1.746181  -1.941242 -0.476932 0.673590
29  1.063450 0.000000 0.000001  -0.000000 -0.000000 0.366516
30  1.376309 0.000005 0.000003  -0.000000 0.000000 0.811565
31  4.172847 -0.251366 1.312738  0.001190 -0.096055 0.052246
32  1.215373 -0.000001 0.000004  -0.000000 0.000000 0.130882
33  1.215371 0.000001 -0.000003  0.000000 -0.000000 1.151880
34  4.220532 -0.244854 0.431465  0.001184 -0.026242 0.052329
35  1.350414 -0.000002 -0.000006  0.000000 0.000000 0.977377
36  1.350413 -0.000002 0.000004  0.000000 0.000000 1.518434
37  4.262828 -0.232721 -1.392181  0.001188 0.078478 0.052453
38  2.110539 -0.000001 0.000001  0.201653 0.164355 -0.246619
39  0.891926 2.373048 -0.014527  -3.141592 -0.000001 1.413797
40  7.228122 5.709446 3.726567  3.140796 -1.570796 0.000000
41  2.450431 5.076126 0.001325  2.748469 -1.570796 0.000000
42  6.312407 -4.528057 0.001311  3.140791 -1.570796 0.000000
43  2.233310 1.152535 -7.309138  -0.849547 -1.637434 -1.423660
44  3.061500 2.842763 2.243589  0.000000 -0.000000 1.570796
time 27
0  0.844740 3.901448 35.989567  0.000000 -0.000000 -1.708426
1  -3.597440 0.460952 0.000000  -0.000030 -1.513453 -1.570772
2  -0.000009 0.000009 4.427394  -0.183205 3.101323 -0.204214
3  18.465942 -0.000001 0.000001  -0.000000 0.000000 -0.849207
4  14.875443 -0.000001 0.000001  0.011997 0.025525 0.628031
5  0.000008 -0.000004 -4.427393  0.061162 3.026174 -0.615576
6  18.465940 -0.000002 -0.000000  -0.000000 -0.000000 -0.855956
7  14.875443 0.000000 -0.000001  -0.009891 0.001611 0.240081
8  2.255209 -0.007574 0.128913  -0.076457 0.030184 0.270758
9  9.514221 -0.009356 -0.000001  0.009229 -0.117923 0.117009
10  11.752184 -0.001492 -0.000000  -0.064261 0.112103 0.186126
11  -2.436021 0.179982 2.411443  -0.168367 -1.162645 3.108246
12  4.640936 0.000001 0.000010  -0.816171 0.623867 -1.695086
13  10.828060 -0.000002 -0.000010  0.035386 0.099570 -0.731158
14  9.393339 -0.000006 0.000009  2.684066 0.023230 0.096451
15  1.442243 0.107453 -1.746179  1.545041 0.350655 0.094987
16  1.063446 0.000001 0.000005  0.000000 0.000000 0.199056
17  1.376307 -0.000004 0.000001  -0.000000 -0.000000 0.199049
18  4.172848 -0.251373 -1.312748  0.008014 -0.043889 0.147537
19  1.215371 0.000002 0.000000  -0.000000 0.000000 0.645758
20  1.215374 -0.000007 -0.000000  -0.000000 -0.000000 0.881369
21  4.220533 -0.244861 -0.431466  0.001333 0.026242 0.148339
22  1.350417 0.000003 0.000003  0.000000 0.000000 0.733035
23  1.350406 -0.000000 -0.000003  -0.000000 0.000000 1.256600
24  -1.846158 0.515942 -2.845041  0.330456 1.270751 -3.029028
25  4.640933 -0.000003 -0.000009  -0.535067 -1.027702 0.414090
26  10.828044 0.000001 0.000013  0.941092 -0.177774 -2.041153
27  9.393348 0.000011 -0.000000  0.676931 0.038740 -0.317074
28  1.442245 0.107456 1.746175  -1.939969 -0.476427 0.675238
29  1.063448 0.000002 0.000002  0.000000 0.000000 0.366516
30  1.376309 0.000008 -0.000002  -0.000000 0.000000 0.811565
31  4.172847 -0.251364 1.312742  0.001190 -0.096055 0.052246
32  1.215374 -0.000001 0.000005  0.000000 0.000000 0.130882
33  1.215373 0.000001 -0.000005  -0.000000 -0.000000 1.151880
34  4.220532 -0.244853 0.431467  0.001184 -0.026242 0.052329
35  1.350414 -0.000002 -0.000004  0.000000 0.000000 0.977377
36  1.350412 -0.000003 0.000002  0.000000 0.000000 1.518434
37  4.262828 -0.232720 -1.392182  0.001188 0.078478 0.052453
38  2.110538 -0.000000 0.000000  0.196409 0.157440 -0.250716
39  0.891929 2.373047 -0.014527  -3.141592 -0.000001 1.413797
40  7.228120 5.709450 3.726567  3.140796 -1.570796 0.000000
41  2.450431 5.076126 0.001324  2.756017 -1.570796 0.000000
42  6.312402 -4.528056 0.001310  3.140791 -1.570796 0.000000
43  2.233309 1.152535 -7.309137  -0.847534 -1.635045 -1.427298
44  3.061500 2.842763 2.243589  0.000000 -0.000000 1.570796
time 28
0  0.872084 3.972585 35.958054  0.000000 -0.000000 -1.708234
1  -3.566189 0.457045 0.000000  -0.000030 -1.515480 -1.570772
2  -0.000011 0.000009 4.427393  -0.183109 3.103406 -0.208218
3  18.465942 0.000000 0.000000  0.000000 -0.000000 -0.855932
4  14.875443 0.000001 0.000000  0.012281 0.026185 0.630756
5  0.000008 -0.000004 -4.427393  0.061929 3.027418 -0.617728
6  18.465939 -0.000002 -0.000001  -0.000000 0.000000 -0.857597
7  14.875443 -0.000000 -0.000001  -0.009786 0.001914 0.239480
8  2.255204 -0.007575 0.125007  -0.074305 0.030557 0.269004
9  9.514216 -0.009356 -0.000000  0.009454 -0.114455 0.113546
10  11.752189 -0.001498 0.000000  -0.053919 0.110018 0.193504
11  -2.428207 0.219047 2.415348  -0.144071 -1.164710 3.078759
12  4.640936 0.000001 0.000010  -0.812209 0.633761 -1.682757
13  10.828057 -0.000003 -0.000007  0.036785 0.096015 -0.730737
14  9.393341 -0.000007 0.000010  2.672373 0.022884 0.095513
15  1.442241 0.107459 -1.746179  1.545041 0.350655 0.094987
16  1.063448 0.000001 0.000005  0.000000 0.000000 0.199056
17  1.376307 -0.000002 0.000001  -0.000000 -0.000000 0.199049
18  4.172847 -0.251368 -1.312749  0.008014 -0.043889 0.147537
19  1.215373 0.000002 0.000002  -0.000000 0.000000 0.645758
20  1.215376 -0.000012 0.000001  -0.000000 0.000000 0.881369
21  4.220533 -0.244857 -0.431467  0.001333 0.026242 0.148339
22  1.350416 -0.000006 0.000002  0.000000 -0.000000 0.733035
23  1.350409 0.000001 0.000000  -0.000000 -0.000000 1.256600
24  -1.850061 0.504222 -2.845042  0.347952 1.269722 -3.018944
25  4.640933 0.000000 -0.000012  -0.507337 -1.030783 0.384894
26  10.828041 -0.000003 0.000012  0.932615 -0.193507 -2.018953
27  9.393347 0.000014 0.000001  0.683267 0.036682 -0.311603
28  1.442245 0.107454 1.746181  -1.938878 -0.475977 0.676783
29  1.063449 0.000003 0.000001  0.000000 0.000000 0.366516
30  1.376308 0.000005 0.000000  0.000000 0.000000 0.811565
31  4.172847 -0.251366 1.312738  0.001190 -0.096055 0.052246
32  1.215374 -0.000001 0.000002  0.000000 0.000000 0.130882
33  1.215371 0.000002 0.000000  0.000000 -0.000000 1.151880
34  4.220532 -0.244855 0.431463  0.001184 -0.026242 0.052329
35  1.350414 -0.000001 -0.000007  0.000000 0.000000 0.977377
36  1.350412 -0.000002 0.000001  0.000000 0.000000 1.518434
37  4.262829 -0.232721 -1.392181  0.001188 0.078478 0.052453
38  2.110540 0.000002 -0.000001  0.186742 0.149201 -0.256602
39  0.891933 2.373049 -0.014526  -3.141592 -0.000001 1.413797
40  7.228122 5.709443 3.726568  3.140796 -1.570796 0.000000
41  2.450428 5.076127 0.001325  2.765935 -1.570796 0.000000
42  6.312402 -4.528056 0.001311  3.140791 -1.570796 0.000000
43  2.233302 1.152534 -7.309138  -0.840151 -1.632016 -1.434287
44  3.061500 2.842763 2.243589  0.000000 -0.000000 1.570796
time 29
0  0.899429 4.043722 35.942295  0.000000 -0.000000 -1.708043
1  -3.499781 0.433607 0.000004  -0.000030 -1.517262 -1.570772
2  -0.000008 0.000009 4.427393  -0.182726 3.105584 -0.209647
3  18.465939 0.000000 0.000000  0.000000 -0.000000 -0.858418
4  14.875443 -0.000002 0.000000  0.012459 0.026057 0.631784
5  0.000012 -0.000004 -4.427393  0.063079 3.029140 -0.617728
6  18.465946 -0.000001 -0.000000  -0.000000 -0.000000 -0.857137
7  14.875443 0.000000 -0.000000  -0.009505 0.001702 0.238880
8  2.255208 -0.007574 0.121100  -0.069664 0.028692 0.264504
9  9.514211 -0.009354 -0.000000  0.009492 -0.110222 0.109346
10  11.752181 -0.001494 0.000000  -0.040784 0.106842 0.205378
11  -2.416492 0.273738 2.419254  -0.113297 -1.167455 3.038837
12  4.640937 0.000002 0.000004  -0.807381 0.646278 -1.667524
13  10.828053 0.000003 -0.000008  0.038299 0.091981 -0.730270
14  9.393341 -0.000010 0.000010  2.657940 0.022482 0.094422
15  1.442240 0.107457 -1.746179  1.545041 0.350655 0.094987
16  1.063445 0.000001 0.000002  -0.000000 0.000000 0.199056
17  1.376306 -0.000001 0.000002  -0.000000 -0.000000 0.199049
18  4.172847 -0.251371 -1.312748  0.008014 -0.043889 0.147537
19  1.215373 0.000007 0.000001  -0.000000 -0.000000 0.645758
20  1.215375 -0.000005 0.000001  -0.000000 0.000000 0.881369
21  4.220534 -0.244860 -0.431468  0.001333 0.026242 0.148339
22  1.350416 -0.000002 0.000003  0.000000 -0.000000 0.733035
23  1.350409 -0.000007 -0.000001  -0.000000 -0.000000 1.256600
24  -1.853970 0.488600 -2.845042  0.380998 1.267816 -2.998517
25  4.640931 -0.000001 -0.000019  -0.472339 -1.034093 0.348115
26  10.828048 -0.000005 0.000012  0.922050 -0.213116 -1.991284
27  9.393345 0.000015 -0.000002  0.691130 0.034098 -0.304788
28  1.442245 0.107456 1.746175  -1.937969 -0.475584 0.677916
29  1.063449 0.000001 0.000002  -0.000000 -0.000000 0.366516
30  1.376308 -0.000001 0.000001  0.000000 0.000000 0.811565
31  4.172847 -0.251365 1.312735  0.001190 -0.096055 0.052246
32  1.215374 -0.000001 0.000001  0.000000 0.000000 0.130882
33  1.215372 0.000002 -0.000004  0.000000 -0.000000 1.151880
34  4.220533 -0.244853 0.431462  0.001184 -0.026242 0.052329
35  1.350414 -0.000003 -0.000005  0.000000 0.000000 0.977377
36  1.350413 -0.000001 0.000005  0.000000 0.000000 1.518434
37  4.262828 -0.232720 -1.392185  0.001188 0.078478 0.052453
38  2.110537 0.000000 0.000000  0.172449 0.140511 -0.264041
39  0.891935 2.373048 -0.014525  -3.141592 -0.000001 1.413797
40  7.228122 5.709447 3.726568  3.140796 -1.570796 0.000000
41  2.450424 5.076128 0.001325  2.778222 -1.570796 0.000000
42  6.312398 -4.528054 0.001311  3.140791 -1.570796 0.000000
43  2.233303 1.152535 -7.309138  -0.824045 -1.628347 -1.445680
44  3.061500 2.842763 2.243589  0.000000 -0.000000 1.570796
time 30
0  0.926773 4.114858 35.989567  0.000000 -0.000000 -1.707755
1  -3.398216 0.386731 0.000000  -0.000030 -1.518469 -1.570772
2  -0.000012 0.000009 4.427393  -0.182055 3.107383 -0.206978
3  18.465946 0.000001 0.000001  0.000000 0.000000 -0.853666
4  14.875443 -0.000000 0.000001  0.012601 0.024886 0.629532
5  0.000011 -0.000004 -4.427393  0.064421 3.031149 -0.614266
6  18.465942 -0.000004 -0.000000  0.000000 0.000000 -0.852280
7  14.875442 0.000000 -0.000000  -0.009084 0.000883 0.237379
8  2.255205 -0.007575 0.117194  -0.061900 0.023900 0.256596
9  9.514215 -0.009356 -0.000001  0.009117 -0.105397 0.104605
10  11.752189 -0.001497 -0.000000  -0.025347 0.102407 0.222105
11  -2.396962 0.347952 2.427069  -0.076902 -1.170628 2.988863
12  4.640938 0.000000 -0.000002  -0.801748 0.661327 -1.649626
13  10.828053 0.000003 -0.000010  0.039853 0.087708 -0.729775
14  9.393339 -0.000001 0.000008  2.641037 0.022043 0.093226
15  1.442242 0.107450 -1.746180  1.545041 0.350655 0.094987
16  1.063444 0.000001 0.000006  0.000000 0.000000 0.199056
17  1.376307 -0.000001 -0.000004  -0.000000 -0.000000 0.199049
18  4.172848 -0.251373 -1.312748  0.008014 -0.043889 0.147537
19  1.215374 0.000008 0.000000  0.000000 0.000000 0.645758
20  1.215373 -0.000005 0.000000  0.000000 0.000000 0.881369
21  4.220533 -0.244857 -0.431465  0.001333 0.026242 0.148339
22  1.350416 -0.000002 0.000001  0.000000 -0.000000 0.733035
23  1.350409 -0.000002 -0.000003  0.000000 -0.000000 1.256600
24  -1.861791 0.480784 -2.841136  0.431633 1.264487 -2.966211
25  4.640933 -0.000000 -0.000013  -0.430379 -1.037236 0.304108
26  10.828053 -0.000002 0.000012  0.909546 -0.236324 -1.958538
27  9.393345 0.000010 0.000000  0.700390 0.031013 -0.296729
28  1.442245 0.107455 1.746181  -1.937605 -0.475472 0.678379
29  1.063450 -0.000003 0.000000  0.000000 0.000000 0.366516
30  1.376309 -0.000001 -0.000002  -0.000000 0.000000 0.811565
31  4.172847 -0.251366 1.312741  0.001190 -0.096055 0.052246
32  1.215374 -0.000001 -0.000000  -0.000000 0.000000 0.130882
33  1.215371 0.000001 -0.000003  -0.000000 -0.000000 1.151880
34  4.220533 -0.244854 0.431465  0.001184 -0.026242 0.052329
35  1.350413 -0.000003 0.000000  0.000000 0.000000 0.977377
36  1.350413 -0.000002 0.000002  0.000000 0.000000 1.518434
37  4.262828 -0.232720 -1.392182  0.001188 0.078478 0.052453
38  2.110533 -0.000007 -0.000000  0.153425 0.132272 -0.272705
39  0.891928 2.373047 -0.014528  -3.141592 -0.000001 1.413797
40  7.228121 5.709445 3.726568  3.140796 -1.570796 0.000000
41  2.450427 5.076127 0.001325  2.792880 -1.570796 0.000000
42  6.312405 -4.528056 0.001311  3.140791 -1.570796 0.000000
43  2.233302 1.152536 -7.309137  -0.794996 -1.624094 -1.463392
44  3.061500 2.842763 2.243589  0.000000 -0.000000 1.570796
time 31
0  0.958024 4.194886 36.052593  0.000000 -0.000000 -1.707563
1  -3.245866 0.312510 0.000000  -0.000030 -1.519403 -1.570772
2  -0.000006 0.000009 4.427394  -0.181097 3.109466 -0.200592
3  18.465942 0.000000 0.000001  -0.000000 0.000000 -0.843504
4  14.875444 0.000000 0.000002  0.012672 0.022567 0.625463
5  0.000012 -0.000003 -4.427393  0.066146 3.033731 -0.608183
6  18.465942 -0.000001 -0.000000  -0.000000 -0.000000 -0.845126
7  14.875443 0.000000 0.000000  -0.008452 -0.000632 0.236441
8  2.255210 -0.007574 0.113289  -0.050213 0.015907 0.244585
9  9.514221 -0.009357 -0.000000  0.008366 -0.099201 0.098695
10  11.752186 -0.001498 -0.000000  -0.004710 0.095804 0.246013
11  -2.373518 0.449530 2.438787  -0.062610 -1.180322 2.953441
12  4.640937 0.000002 0.000005  -0.795356 0.678811 -1.629286
13  10.828055 -0.000001 -0.000007  0.041372 0.083434 -0.729269
14  9.393340 -0.000011 0.000009  2.621930 0.021583 0.091979
15  1.442241 0.107453 -1.746177  1.555144 0.368371 0.113438
16  1.063444 0.000001 0.000002  0.000000 -0.000000 0.199056
17  1.376307 -0.000002 0.000005  0.000000 -0.000000 0.199049
18  4.172848 -0.251376 -1.312749  0.008014 -0.031581 0.147657
19  1.215374 0.000005 0.000000  -0.000000 -0.000000 0.645758
20  1.215376 -0.000005 0.000000  -0.000000 0.000000 0.860585
21  4.220534 -0.244861 -0.431465  0.001333 0.026242 0.148339
22  1.350419 -0.000004 0.000003  0.000000 -0.000000 0.744552
23  1.350410 -0.000001 -0.000001  -0.000000 -0.000000 1.222009
24  -1.869594 0.472977 -2.837230  0.511519 1.257466 -2.913479
25  4.640935 -0.000002 -0.000018  -0.381840 -1.039780 0.253311
26  10.828046 -0.000002 0.000012  0.895252 -0.262854 -1.921104
27  9.393345 0.000008 0.000001  0.710913 0.027453 -0.287523
28  1.442245 0.107454 1.746180  -1.937605 -0.475472 0.678379
29  1.063450 -0.000001 0.000001  0.000000 -0.000000 0.366516
30  1.376308 0.000003 0.000002  -0.000000 -0.000000 0.811565
31  4.172847 -0.251366 1.312740  0.001190 -0.096055 0.052246
32  1.215375 -0.000000 0.000002  -0.000000 0.000000 0.130882
33  1.215373 0.000001 0.000003  0.000000 -0.000000 1.151880
34  4.220532 -0.244854 0.431465  0.001184 -0.026242 0.052329
35  1.350413 -0.000002 -0.000008  0.000000 0.000000 0.977377
36  1.350413 -0.000002 0.000006  0.000000 0.000000 1.518434
37  4.262828 -0.232721 -1.392179  0.001188 0.078478 0.052453
38  2.110541 0.000005 -0.000001  0.126689 0.122801 -0.284147
39  0.891929 2.373046 -0.014527  -3.141592 -0.000001 1.413797
40  7.228120 5.709446 3.726568  3.140796 -1.570796 0.000000
41  2.450427 5.076126 0.001325  2.811486 -1.570796 0.000000
42  6.312409 -4.528059 0.001311  3.140791 -1.570796 0.000000
43  2.233309 1.152535 -7.309138  -0.748689 -1.619172 -1.491922
44  3.061500 2.842763 2.243589  0.000000 -0.000000 1.570796
time 32
0  0.985369 4.274915 36.115620  0.000000 -0.000000 -1.707372
1  -3.046642 0.214850 0.000004  -0.000030 -1.520567 -1.570772
2  -0.000015 0.000009 4.427393  -0.179564 3.112212 -0.192109
3  18.465939 0.000001 -0.000000  -0.000000 -0.000000 -0.832099
4  14.875443 -0.000000 0.000000  0.012566 0.019289 0.621987
5  0.000007 -0.000003 -4.427393  0.068255 3.037175 -0.600976
6  18.465940 -0.000001 -0.000000  0.000000 0.000000 -0.839218
7  14.875442 -0.000000 -0.000000  -0.007715 -0.002633 0.237755
8  2.255204 -0.007574 0.113288  -0.034560 0.005380 0.228604
9  9.514224 -0.009357 -0.000000  0.007316 -0.091016 0.091118
10  11.752183 -0.001494 0.000000  0.022879 0.086204 0.277889
11  -2.334461 0.586248 2.446599  -0.034790 -1.191226 2.897340
12  4.640939 0.000000 0.000010  -0.788244 0.698631 -1.606710
13  10.828050 -0.000002 -0.000009  0.042783 0.079400 -0.728771
14  9.393340 -0.000006 0.000009  2.600888 0.021124 0.090729
15  1.442241 0.107458 -1.746178  1.567260 0.388501 0.135009
16  1.063444 0.000001 0.000002  0.000000 0.000000 0.199056
17  1.376305 -0.000003 -0.000003  -0.000000 0.000000 0.199049
18  4.172847 -0.251370 -1.312748  0.008014 -0.017439 0.147737
19  1.215373 0.000004 0.000000  0.000000 -0.000000 0.645758
20  1.215371 -0.000006 0.000001  -0.000000 -0.000000 0.836738
21  4.220532 -0.244858 -0.431465  0.001333 0.026242 0.148339
22  1.350418 -0.000002 0.000000  0.000000 0.000000 0.757825
23  1.350405 -0.000002 0.000000  -0.000000 -0.000000 1.182231
24  -1.881315 0.465158 -2.829417  0.620472 1.244242 -2.841262
25  4.640933 -0.000001 -0.000014  -0.327236 -1.041275 0.196289
26  10.828043 -0.000003 0.000013  0.879318 -0.292430 -1.879373
27  9.393344 0.000011 0.000001  0.722565 0.023443 -0.277270
28  1.442245 0.107455 1.746179  -1.937605 -0.475472 0.678379
29  1.063448 -0.000001 0.000002  -0.000000 0.000000 0.366516
30  1.376310 0.000003 -0.000000  0.000000 0.000000 0.811565
31  4.172847 -0.251365 1.312739  0.001190 -0.096055 0.052246
32  1.215374 -0.000001 0.000001  0.000000 0.000000 0.130882
33  1.215372 0.000000 -0.000009  0.000000 -0.000000 1.151880
34  4.220533 -0.244853 0.431464  0.001184 -0.026242 0.052329
35  1.350414 -0.000002 -0.000000  0.000000 0.000000 0.977377
36  1.350413 -0.000002 0.000002  0.000000 0.000000 1.518434
37  4.262828 -0.232720 -1.392180  0.001188 0.078478 0.052453
38  2.110537 -0.000001 -0.000000  0.091057 0.110473 -0.299074
39  0.891922 2.373049 -0.014526  -3.141592 -0.000001 1.413797
40  7.228119 5.709446 3.726568  3.140796 -1.570796 0.000000
41  2.450430 5.076128 0.001324  2.834833 -1.570796 0.000000
42  6.312406 -4.528055 0.001310  3.140791 -1.570796 0.000000
43  2.233300 1.152535 -7.309138  -0.681482 -1.613639 -1.537399
44  3.061500 2.842763 2.243589  0.000000 -0.000000 1.570796
time 33
0  1.012714 4.354943 36.178646  0.000000 -0.000000 -1.707180
1  -2.804446 0.105472 0.000008  -0.000030 -1.521918 -1.570772
2  -0.000009 0.000009 4.427393  -0.177743 3.115526 -0.181815
3  18.465940 -0.000000 -0.000000  0.000000 -0.000000 -0.819233
4  14.875442 -0.000001 0.000001  0.012246 0.015394 0.618945
5  0.000010 -0.000004 -4.427393  0.070746 3.041097 -0.592741
6  18.465939 0.000001 -0.000001  0.000000 -0.000000 -0.834164
7  14.875443 0.000000 0.000000  -0.006978 -0.004967 0.240869
8  2.255203 -0.007574 0.109381  -0.015700 -0.006855 0.209413
9  9.514218 -0.009357 -0.000000  0.005965 -0.081285 0.082199
10  11.752187 -0.001496 -0.000000  0.055333 0.073632 0.315525
11  -2.279759 0.742502 2.454413  0.008084 -1.201601 2.820847
12  4.640938 0.000002 0.000003  -0.780451 0.720679 -1.582092
13  10.828060 0.000001 -0.000009  0.044010 0.075846 -0.728298
14  9.393341 -0.000008 0.000012  2.578179 0.020682 0.089529
15  1.442242 0.107453 -1.746180  1.580359 0.408988 0.157729
16  1.063445 0.000001 -0.000000  0.000000 0.000000 0.199056
17  1.376306 -0.000001 -0.000001  -0.000000 -0.000000 0.199049
18  4.172848 -0.251375 -1.312749  0.008002 -0.002866 0.147858
19  1.215369 0.000005 0.000001  -0.000000 -0.000000 0.645758
20  1.215369 -0.000002 0.000001  -0.000000 -0.000000 0.812156
21  4.220533 -0.244864 -0.431467  0.001333 0.026242 0.148339
22  1.350416 -0.000003 0.000001  0.000000 0.000000 0.771465
23  1.350402 -0.000002 -0.000000  -0.000000 0.000000 1.141228
24  -1.893026 0.453440 -2.825511  -2.399024 1.917384 0.378530
25  4.640931 -0.000002 -0.000009  -0.267240 -1.041277 0.133765
26  10.828045 0.000000 0.000013  0.861892 -0.324773 -1.833737
27  9.393345 0.000017 0.000000  0.735211 0.019008 -0.266069
28  1.442245 0.107455 1.746178  -1.937605 -0.475472 0.678379
29  1.063450 -0.000000 -0.000002  -0.000000 -0.000000 0.366516
30  1.376310 0.000003 0.000003  -0.000000 -0.000000 0.811565
31  4.172846 -0.251365 1.312739  0.001190 -0.096055 0.052246
32  1.215375 -0.000001 0.000004  0.000000 0.000000 0.130882
33  1.215372 0.000000 -0.000000  -0.000000 -0.000000 1.151880
34  4.220532 -0.244854 0.431462  0.001184 -0.026242 0.052329
35  1.350414 -0.000004 0.000004  0.000000 0.000000 0.977377
36  1.350412 -0.000002 0.000007  0.000000 0.000000 1.518434
37  4.262828 -0.232721 -1.392178  0.001188 0.078478 0.052453
38  2.110543 -0.000000 0.000000  0.048794 0.096130 -0.315884
39  0.891923 2.373047 -0.014527  -3.141592 -0.000001 1.413797
40  7.228122 5.709445 3.726568  3.140796 -1.570796 0.000000
41  2.450425 5.076128 0.001325  2.861953 -1.570796 0.000000
42  6.312404 -4.528057 0.001311  3.140791 -1.570796 0.000000
43  2.233307 1.152535 -7.309138  -0.586431 -1.607786 -1.607736
44  3.061500 2.842763 2.243589  0.000000 -0.000000 1.570796
time 34
0  1.040058 4.434972 36.257431  0.000000 -0.000000 -1.706988
1  -2.530999 -0.007813 0.000000  -0.000030 -1.523427 -1.570772
2  -0.000007 0.000009 4.427394  -0.175635 3.118934 -0.170092
3  18.465942 0.000000 0.000000  -0.000000 -0.000000 -0.805123
4  14.875442 -0.000001 0.000001  0.011713 0.011137 0.616061
5  0.000011 -0.000004 -4.427393  0.073430 3.045307 -0.583850
6  18.465940 -0.000000 -0.000001  -0.000000 0.000000 -0.829504
7  14.875441 -0.000000 0.000001  -0.006241 -0.007423 0.245258
8  2.255208 -0.007574 0.105475  0.005523 -0.020092 0.187708
9  9.514215 -0.009356 -0.000000  0.004390 -0.070453 0.072219
10  11.752187 -0.001496 -0.000000  0.090556 0.058244 0.356948
11  -2.213364 0.918282 2.454412  0.066965 -1.209508 2.724632
12  4.640937 0.000004 0.000009  -0.772019 0.744844 -1.555612
13  10.828058 0.000005 -0.000009  0.044978 0.073010 -0.727868
14  9.393339 -0.000015 0.000009  2.554071 0.020277 0.088428
15  1.442241 0.107452 -1.746183  1.593171 0.427886 0.179444
16  1.063447 0.000002 0.000006  0.000000 -0.000000 0.199056
17  1.376305 -0.000003 0.000004  -0.000000 -0.000000 0.199049
18  4.172847 -0.251370 -1.312751  0.008002 0.010761 0.147978
19  1.215371 -0.000001 0.000001  -0.000000 0.000000 0.645758
20  1.215374 -0.000005 -0.000001  -0.000000 0.000000 0.789125
21  4.220532 -0.244859 -0.431468  0.001333 0.026242 0.148339
22  1.350415 0.000003 0.000002  0.000000 -0.000000 0.784248
23  1.350402 -0.000008 -0.000002  0.000000 -0.000000 1.102920
24  -1.912574 0.441719 -2.813792  -2.277574 1.943620 0.451517
25  4.640930 -0.000004 -0.000018  -0.202707 -1.039366 0.066642
26  10.828041 -0.000003 0.000012  0.843124 -0.359608 -1.784584
27  9.393345 0.000014 -0.000001  0.748719 0.014176 -0.254017
28  1.442245 0.107456 1.746178  -1.937605 -0.475472 0.678379
29  1.063450 -0.000002 0.000001  0.000000 -0.000000 0.366516
30  1.376310 0.000001 0.000003  -0.000000 0.000000 0.811565
31  4.172846 -0.251363 1.312743  0.001190 -0.096055 0.052246
32  1.215375 -0.000001 -0.000001  0.000000 0.000000 0.130882
33  1.215372 0.000000 -0.000003  -0.000000 0.000000 1.151880
34  4.220532 -0.244853 0.431466  0.001184 -0.026242 0.052329
35  1.350413 -0.000003 0.000004  0.000000 0.000000 0.977377
36  1.350412 -0.000001 0.000007  0.000000 0.000000 1.518434
37  4.262828 -0.232719 -1.392184  0.001188 0.078478 0.052453
38  2.110535 -0.000008 -0.000000  0.001954 0.080765 -0.332976
39  0.891937 2.373045 -0.014527  -3.141592 -0.000001 1.413797
40  7.228121 5.709445 3.726567  3.140796 -1.570796 0.000000
41  2.450429 5.076128 0.001325  2.891706 -1.570796 0.000000
42  6.312405 -4.528057 0.001311  3.140791 -1.570796 0.000000
43  2.233306 1.152535 -7.309138  -0.452209 -1.602019 -1.715348
44  3.061500 2.842763 2.243589  0.000000 -0.000000 1.570796
time 35
0  1.063496 4.515000 36.320457  0.000000 -0.000000 -1.706796
1  -2.234117 -0.125004 0.000000  -0.000030 -1.525051 -1.570772
2  -0.000008 0.000009 4.427393  -0.173432 3.122438 -0.157129
3  18.465942 0.000001 -0.000000  0.000000 0.000000 -0.789770
4  14.875442 -0.000002 0.000001  0.011037 0.006795 0.613098
5  0.000012 -0.000004 -4.427393  0.076114 3.049611 -0.574211
6  18.465940 -0.000001 -0.000000  0.000000 -0.000000 -0.824975
7  14.875443 -0.000000 -0.000000  -0.005644 -0.009848 0.250323
8  2.255213 -0.007574 0.101569  0.028392 -0.033584 0.164249
9  9.514213 -0.009356 -0.000000  0.002551 -0.058934 0.061525
10  11.752186 -0.001496 -0.000000  0.126593 0.040435 0.400186
11  -2.139138 1.097981 2.446600  0.132611 -1.214595 2.619036
12  4.640937 0.000002 0.000004  -0.763005 0.771008 -1.527440
13  10.828062 0.000001 -0.000008  0.045614 0.071133 -0.727500
14  9.393342 -0.000003 0.000011  2.528832 0.019928 0.087478
15  1.442246 0.107447 -1.746179  1.606342 0.446243 0.201261
16  1.063447 0.000000 0.000006  0.000000 -0.000000 0.199056
17  1.376306 -0.000002 0.000002  -0.000000 -0.000000 0.199049
18  4.172851 -0.251379 -1.312749  0.008014 0.024183 0.148098
19  1.215372 0.000002 0.000002  -0.000000 -0.000000 0.645758
20  1.215371 -0.000005 -0.000002  0.000000 -0.000000 0.766503
21  4.220538 -0.244865 -0.431466  0.001333 0.026242 0.148339
22  1.350418 -0.000000 0.000001  0.000000 0.000000 0.796827
23  1.350405 -0.000003 -0.000001  -0.000000 0.000000 1.065143
24  -1.928191 0.430004 -2.805979  -2.166215 1.974305 0.512197
25  4.640933 -0.000004 -0.000023  -0.134664 -1.035176 -0.004010
26  10.828050 -0.000002 0.000010  0.823163 -0.396658 -1.732307
27  9.393343 0.000009 -0.000001  0.762955 0.008977 -0.241213
28  1.442245 0.107453 1.746176  -1.937605 -0.475472 0.678379
29  1.063452 0.000000 -0.000003  0.000000 -0.000000 0.366516
30  1.376309 -0.000005 -0.000001  0.000000 0.000000 0.811565
31  4.172848 -0.251367 1.312736  0.001190 -0.096055 0.052246
32  1.215375 -0.000002 -0.000002  0.000000 0.000000 0.130882
33  1.215373 0.000002 0.000001  0.000000 -0.000000 1.151880
34  4.220532 -0.244856 0.431464  0.001184 -0.026242 0.052329
35  1.350415 -0.000001 -0.000001  0.000000 0.000000 0.977377
36  1.350413 -0.000002 0.000005  0.000000 0.000000 1.518434
37  4.262829 -0.232722 -1.392183  0.001188 0.078478 0.052453
38  2.110537 0.000002 -0.000001  -0.047303 0.065310 -0.349362
39  0.891926 2.373049 -0.014526  -3.141592 -0.000001 1.413797
40  7.228120 5.709446 3.726568  3.140796 -1.570796 0.000000
41  2.450425 5.076127 0.001325  2.923127 -1.570796 0.000000
42  6.312402 -4.528056 0.001311  3.140791 -1.570796 0.000000
43  2.233312 1.152535 -7.309138  -0.262382 -1.596835 -1.877533
44  3.061500 2.842763 2.243589  0.000000 -0.000000 1.570796
time 36
0  1.094747 4.595029 36.399242  0.000000 -0.000000 -1.706605
1  -1.929419 -0.238289 0.000000  -0.000030 -1.526776 -1.570772
2  -0.000006 0.000009 4.427394  -0.171228 3.125752 -0.143404
3  18.465942 0.000000 0.000001  -0.000000 -0.000000 -0.773321
4  14.875443 -0.000002 0.000001  0.010184 0.002666 0.609859
5  0.000015 -0.000004 -4.427392  0.078893 3.053820 -0.564197
6  18.465942 -0.000002 -0.000001  0.000000 -0.000000 -0.820052
7  14.875443 0.000000 0.000000  -0.005118 -0.012031 0.255538
8  2.255213 -0.007574 0.097662  0.052062 -0.046683 0.139830
9  9.514217 -0.009355 -0.000000  0.000600 -0.047188 0.050419
10  11.752183 -0.001498 0.000000  0.161672 0.020876 0.443345
11  -2.053194 1.273771 2.434883  0.195017 -1.217617 2.516120
12  4.640936 0.000002 0.000006  -0.753483 0.799053 -1.497736
13  10.828057 0.000003 -0.000009  0.045843 0.070454 -0.727211
14  9.393340 -0.000012 0.000010  2.502729 0.019653 0.086730
15  1.442244 0.107453 -1.746180  1.621035 0.465560 0.225070
16  1.063445 0.000001 -0.000001  0.000000 0.000000 0.199056
17  1.376306 -0.000002 -0.000002  -0.000000 -0.000000 0.199049
18  4.172852 -0.251372 -1.312752  0.008014 0.038517 0.148218
19  1.215371 0.000006 0.000002  -0.000000 -0.000000 0.645758
20  1.215376 -0.000004 0.000002  0.000000 -0.000000 0.742289
21  4.220535 -0.244855 -0.431466  0.001333 0.026242 0.148339
22  1.350420 0.000000 -0.000000  0.000000 0.000000 0.810263
23  1.350407 -0.000002 -0.000003  -0.000000 -0.000000 1.024835
24  -1.943817 0.426098 -2.794258  -2.069574 2.006806 0.558092
25  4.640933 -0.000002 -0.000025  -0.064271 -1.028418 -0.076993
26  10.828049 -0.000001 0.000013  0.802157 -0.435645 -1.677296
27  9.393345 0.000007 0.000004  0.777791 0.003441 -0.227752
28  1.442245 0.107455 1.746178  -1.937605 -0.475472 0.678379
29  1.063452 0.000005 0.000004  -0.000000 -0.000000 0.366516
30  1.376308 0.000001 -0.000004  0.000000 -0.000000 0.811565
31  4.172847 -0.251364 1.312744  0.001190 -0.096055 0.052246
32  1.215374 0.000001 0.000004  -0.000000 0.000000 0.130882
33  1.215372 0.000003 -0.000005  0.000000 -0.000000 1.151880
34  4.220533 -0.244852 0.431466  0.001184 -0.026242 0.052329
35  1.350414 0.000000 0.000003  0.000000 0.000000 0.977377
36  1.350412 -0.000002 0.000005  -0.000000 0.000000 1.518434
37  4.262829 -0.232719 -1.392182  0.001188 0.078478 0.052453
38  2.110540 0.000002 0.000000  -0.096970 0.050666 -0.363959
39  0.891921 2.373049 -0.014527  -3.141592 -0.000001 1.413797
40  7.228123 5.709442 3.726568  3.140796 -1.570796 0.000000
41  2.450424 5.076128 0.001325  2.955074 -1.570796 0.000000
42  6.312407 -4.528056 0.001311  3.140791 -1.570796 0.000000
43  2.233305 1.152535 -7.309137  -0.001512 -1.592844 -2.110852
44  3.061500 2.842763 2.243589  0.000000 -0.000000 1.570796
time 37
0  1.122092 4.675057 36.462269  0.000000 -0.000000 -1.706413
1  -1.620816 -0.339854 0.000004  -0.000030 -1.528572 -1.570772
2  -0.000009 0.000008 4.427394  -0.169025 3.128687 -0.129488
3  18.465942 0.000001 0.000000  -0.000000 -0.000000 -0.756141
4  14.875445 0.000001 0.000000  0.009224 -0.001101 0.606185
5  0.000006 -0.000004 -4.427392  0.081577 3.057838 -0.553996
6  18.465944 -0.000003 -0.000000  0.000000 0.000000 -0.814605
7  14.875443 -0.000000 0.000000  -0.004732 -0.013910 0.260340
8  2.255205 -0.007574 0.093756  0.075563 -0.058820 0.115345
9  9.514219 -0.009357 -0.000000  -0.001426 -0.035643 0.039227
10  11.752188 -0.001497 -0.000000  0.194186 0.000466 0.484611
11  -1.963356 1.441744 2.419256  0.251992 -1.218725 2.419043
12  4.640937 0.000002 0.000008  -0.750850 0.828733 -1.466405
13  10.828059 0.000003 -0.000009  0.039627 0.070486 -0.726988
14  9.393339 -0.000004 0.000012  2.475971 0.019458 0.086201
15  1.442242 0.107450 -1.746180  1.636507 0.484692 0.249637
16  1.063444 0.000002 -0.000002  0.000000 0.000000 0.199056
17  1.376306 -0.000002 -0.000006  -0.000000 -0.000000 0.199049
18  4.172848 -0.251372 -1.312749  0.008014 0.052970 0.148298
19  1.215374 0.000005 0.000001  -0.000000 -0.000000 0.645758
20  1.215368 -0.000004 -0.000001  0.000000 0.000000 0.717911
21  4.220534 -0.244861 -0.431467  0.001333 0.026242 0.148339
22  1.350417 -0.000008 -0.000000  -0.000000 0.000000 0.823822
23  1.350407 0.000003 -0.000001  0.000000 -0.000000 0.984199
24  -1.963345 0.422189 -2.782540  -1.989410 2.037975 0.589884
25  4.640932 -0.000002 -0.000017  0.007241 -1.018894 -0.151041
26  10.828046 -0.000001 0.000016  0.780257 -0.476294 -1.619940
27  9.393345 0.000016 0.000001  0.793098 -0.002398 -0.213733
28  1.442245 0.107454 1.746175  -1.937605 -0.475472 0.678379
29  1.063451 -0.000003 0.000001  0.000000 -0.000000 0.366516
30  1.376309 -0.000000 0.000000  -0.000000 0.000000 0.811565
31  4.172847 -0.251365 1.312737  0.001190 -0.096055 0.052246
32  1.215375 0.000001 -0.000002  0.000000 0.000000 0.130882
33  1.215372 0.000002 -0.000004  -0.000000 -0.000000 1.151880
34  4.220532 -0.244854 0.431462  0.001184 -0.026242 0.052329
35  1.350413 -0.000002 -0.000004  0.000000 0.000000 0.977377
36  1.350412 -0.000002 0.000004  0.000000 0.000000 1.518434
37  4.262829 -0.232720 -1.392187  0.001188 0.078478 0.052453
38  2.110538 -0.000002 0.000000  -0.145044 0.037557 -0.376249
39  0.891926 2.373050 -0.014527  -3.141592 -0.000001 1.413797
40  7.228123 5.709445 3.726568  3.140796 -1.570796 0.000000
41  2.450424 5.076128 0.001325  2.986583 -1.570796 0.000000
42  6.312400 -4.528057 0.001311  3.140791 -1.570796 0.000000
43  2.233299 1.152534 -7.309137  0.320906 -1.590718 -2.406784
44  3.061500 2.842763 2.243589  0.000000 -0.000000 1.570796
time 38
0  1.149436 4.763978 36.541054  0.000000 -0.000000 -1.706125
1  -1.323932 -0.425794 0.000000  -0.000030 -1.530383 -1.570772
2  -0.000009 0.000009 4.427393  -0.167012 3.131244 -0.115762
3  18.465942 0.000001 -0.000000  -0.000000 -0.000000 -0.738376
4  14.875442 -0.000003 0.000000  0.008228 -0.004273 0.601919
5  0.000008 -0.000004 -4.427392  0.084068 3.061569 -0.543701
6  18.465948 -0.000002 -0.000001  0.000000 0.000000 -0.808172
7  14.875443 0.000000 0.000000  -0.004451 -0.015365 0.264204
8  2.255207 -0.007575 0.089849  0.097967 -0.069504 0.091688
9  9.514219 -0.009356 -0.000000  -0.003489 -0.024730 0.028251
10  11.752182 -0.001496 -0.000000  0.222794 -0.019620 0.522483
11  -1.873507 1.590186 2.395817  0.302393 -1.218322 2.331062
12  4.640937 0.000002 0.000002  -0.759285 0.859301 -1.432294
13  10.828055 0.000004 -0.000010  0.022757 0.070709 -0.726692
14  9.393340 -0.000007 0.000009  2.448535 0.019305 0.085784
15  1.442241 0.107459 -1.746179  1.651871 0.502581 0.273568
16  1.063446 -0.000000 0.000005  0.000000 -0.000000 0.199056
17  1.376305 -0.000001 0.000001  -0.000000 -0.000000 0.199049
18  4.172847 -0.251366 -1.312748  0.008026 0.066717 0.148419
19  1.215373 -0.000003 0.000002  -0.000000 0.000000 0.645758
20  1.215375 -0.000003 0.000002  -0.000000 0.000000 0.694717
21  4.220534 -0.244859 -0.431466  0.001333 0.026242 0.148339
22  1.350415 0.000001 0.000002  0.000000 0.000000 0.836727
23  1.350409 0.000002 0.000000  -0.000000 0.000000 0.945524
24  -1.975064 0.422190 -2.770820  -1.925630 2.064605 0.609883
25  4.640933 -0.000002 -0.000016  0.078657 -1.006518 -0.224909
26  10.828047 -0.000001 0.000013  0.757610 -0.518326 -1.560632
27  9.393347 0.000008 0.000002  0.808754 -0.008505 -0.199250
28  1.442245 0.107453 1.746172  -1.937605 -0.475472 0.678379
29  1.063452 -0.000002 0.000004  -0.000000 -0.000000 0.366516
30  1.376310 0.000005 0.000001  -0.000000 -0.000000 0.811565
31  4.172846 -0.251365 1.312735  0.001190 -0.096055 0.052246
32  1.215375 0.000001 0.000000  0.000000 0.000000 0.130882
33  1.215372 0.000002 -0.000006  0.000000 -0.000000 1.151880
34  4.220532 -0.244854 0.431459  0.001184 -0.026242 0.052329
35  1.350415 -0.000003 -0.000001  0.000000 0.000000 0.977377
36  1.350411 -0.000002 0.000003  0.000000 0.000000 1.518434
37  4.262828 -0.232722 -1.392183  0.001188 0.078478 0.052453
38  2.110539 0.000003 -0.000000  -0.189570 0.026491 -0.385713
39  0.891925 2.373045 -0.014527  -3.141592 -0.000001 1.413797
40  7.228119 5.709445 3.726568  3.140796 -1.570796 0.000000
41  2.450425 5.076128 0.001325  3.016512 -1.570796 0.000000
42  6.312403 -4.528056 0.001311  3.140791 -1.570796 0.000000
43  2.233301 1.152535 -7.309137  -2.493762 -1.550933 0.432364
44  3.061500 2.842763 2.243589  0.000000 -0.000000 1.570796
time 39
0  1.180687 4.844006 36.619835  0.000000 -0.000000 -1.705933
1  -1.050486 -0.496109 0.000000  -0.000030 -1.532208 -1.570772
2  -0.000003 0.000009 4.427394  -0.165096 3.133137 -0.102799
3  18.465937 0.000001 0.000000  -0.000000 -0.000000 -0.720611
4  14.875443 -0.000002 0.000001  0.007162 -0.006763 0.596902
5  0.000011 -0.000003 -4.427393  0.086273 3.064822 -0.533781
6  18.465946 -0.000002 -0.000000  -0.000000 -0.000000 -0.800558
7  14.875441 0.000000 -0.000000  -0.004311 -0.016365 0.266568
8  2.255209 -0.007573 0.085943  0.118304 -0.078341 0.069883
9  9.514217 -0.009356 -0.000000  -0.005478 -0.014865 0.017838
10  11.752188 -0.001497 -0.000000  0.246343 -0.038088 0.555464
11  -1.787566 1.715182 2.376286  0.345553 -1.216962 2.254569
12  4.640939 0.000002 0.000003  -0.773889 0.889830 -1.393846
13  10.828056 -0.000003 -0.000008  -0.002104 0.071314 -0.726153
14  9.393342 -0.000003 0.000010  2.420339 0.019140 0.085335
15  1.442241 0.107452 -1.746183  1.666109 0.518242 0.295345
16  1.063446 0.000000 0.000003  0.000000 0.000000 0.199056
17  1.376307 -0.000002 -0.000001  -0.000000 -0.000000 0.199049
18  4.172848 -0.251372 -1.312754  0.008038 0.078965 0.148539
19  1.215373 -0.000000 -0.000002  -0.000000 0.000000 0.645758
20  1.215373 0.000001 0.000001  -0.000000 -0.000000 0.674055
21  4.220532 -0.244858 -0.431468  0.001333 0.026242 0.148339
22  1.350420 -0.000006 -0.000000  0.000000 0.000000 0.848203
23  1.350409 -0.000006 -0.000002  -0.000000 0.000000 0.911055
24  -1.986791 0.426093 -2.759102  -1.877773 2.083458 0.620395
25  4.640933 -0.000003 -0.000017  0.148851 -0.991307 -0.297450
26  10.828045 -0.000001 0.000011  0.734368 -0.561466 -1.499761
27  9.393345 0.000005 0.000000  0.824638 -0.014840 -0.184398
28  1.442245 0.107455 1.746182  -1.937605 -0.475472 0.678379
29  1.063450 0.000002 -0.000001  0.000000 0.000000 0.366516
30  1.376309 -0.000002 0.000003  -0.000000 0.000000 0.811565
31  4.172847 -0.251364 1.312742  0.001190 -0.096055 0.052246
32  1.215373 -0.000001 0.000002  0.000000 0.000000 0.130882
33  1.215373 0.000003 -0.000001  -0.000000 -0.000000 1.151880
34  4.220532 -0.244853 0.431467  0.001184 -0.026242 0.052329
35  1.350415 -0.000001 -0.000004  0.000000 0.000000 0.977377
36  1.350413 -0.000002 -0.000001  -0.000000 0.000000 1.518434
37  4.262828 -0.232719 -1.392177  0.001188 0.078478 0.052453
38  2.110538 -0.000002 0.000000  -0.228646 0.017741 -0.392117
39  0.891931 2.373049 -0.014526  -3.141592 -0.000001 1.413797
40  7.228118 5.709446 3.726569  3.140796 -1.570796 0.000000
41  2.450423 5.076127 0.001325  3.043895 -1.570796 0.000000
42  6.312402 -4.528056 0.001311  3.140791 -1.570796 0.000000
43  2.233309 1.152536 -7.309139  -2.226468 -1.549506 0.186598
44  3.061500 2.842763 2.243589  0.000000 -0.000000 1.570796
time 40
0  1.208032 4.932927 36.698620  0.000000 -0.000000 -1.705742
1  -0.812198 -0.546892 0.000008  -0.000030 -1.534005 -1.570772
2  0.000003 0.000009 4.427393  -0.163467 3.134558 -0.091076
3  18.465942 0.000000 0.000000  -0.000000 0.000000 -0.703357
4  14.875443 -0.000001 0.000000  0.006202 -0.008444 0.591174
5  0.000014 -0.000003 -4.427392  0.088285 3.067500 -0.524423
6  18.465940 -0.000003 -0.000000  0.000000 0.000000 -0.791566
7  14.875443 0.000000 -0.000000  -0.004241 -0.016911 0.266943
8  2.255214 -0.007574 0.078130  0.135561 -0.084999 0.050924
9  9.514221 -0.009357 -0.000000  -0.007203 -0.006478 0.008313
10  11.752184 -0.001496 0.000000  0.263841 -0.053524 0.582094
11  -1.717253 1.808942 2.356754  0.381567 -1.215199 2.191288
12  4.640935 0.000001 0.000002  -0.789550 0.919307 -1.349349
13  10.828050 0.000001 -0.000008  -0.032293 0.072493 -0.725200
14  9.393339 -0.000006 0.000008  2.391303 0.018911 0.084712
15  1.442243 0.107452 -1.746179  1.678046 0.530738 0.313345
16  1.063446 0.000001 0.000002  0.000000 0.000000 0.199056
17  1.376306 -0.000002 -0.000006  -0.000000 -0.000000 0.199049
18  4.172850 -0.251375 -1.312747  0.008038 0.088912 0.148619
19  1.215376 -0.000002 0.000000  0.000000 0.000000 0.645758
20  1.215370 -0.000006 0.000002  -0.000000 0.000000 0.657273
21  4.220534 -0.244858 -0.431463  0.001333 0.026242 0.148339
22  1.350416 -0.000006 0.000001  0.000000 0.000000 0.857514
23  1.350408 -0.000004 -0.000002  -0.000000 0.000000 0.883121
24  -1.998509 0.433912 -2.751290  -1.845929 2.091477 0.623728
25  4.640932 -0.000004 -0.000014  0.216863 -0.973384 -0.367682
26  10.828044 -0.000001 0.000013  0.710677 -0.605437 -1.437718
27  9.393345 0.000010 0.000001  0.840634 -0.021365 -0.169274
28  1.442245 0.107455 1.746181  -1.937605 -0.475472 0.678379
29  1.063451 -0.000005 0.000003  -0.000000 0.000000 0.366516
30  1.376309 0.000005 0.000001  0.000000 -0.000000 0.811565
31  4.172847 -0.251365 1.312741  0.001190 -0.096055 0.052246
32  1.215374 0.000001 -0.000008  0.000000 -0.000000 0.130882
33  1.215373 0.000001 -0.000003  0.000000 -0.000000 1.151880
34  4.220533 -0.244853 0.431464  0.001184 -0.026242 0.052329
35  1.350414 -0.000000 -0.000003  0.000000 0.000000 0.977377
36  1.350411 0.000000 0.000001  0.000000 0.000000 1.518434
37  4.262829 -0.232720 -1.392178  0.001188 0.078478 0.052453
38  2.110534 0.000000 0.000001  -0.260421 0.011397 -0.395272
39  0.891929 2.373050 -0.014527  -3.141592 -0.000001 1.413797
40  7.228117 5.709445 3.726568  3.140796 -1.570796 0.000000
41  2.450430 5.076126 0.001325  3.067593 -1.570796 0.000000
42  6.312407 -4.528056 0.001311  3.140791 -1.570796 0.000000
43  2.233312 1.152534 -7.309137  -2.038654 -1.547554 0.016277
44  3.061500 2.842763 2.243589  0.000000 -0.000000 1.570796
time 41
0  1.235377 5.012957 36.777405  0.000000 -0.000000 -1.705550
1  -0.620785 -0.578143 0.000004  -0.000030 -1.535729 -1.570772
2  -0.000005 0.000009 4.427394  -0.162509 3.135599 -0.081354
3  18.465940 -0.000000 -0.000000  -0.000000 -0.000000 -0.687054
4  14.875443 -0.000002 0.000001  0.005775 -0.009360 0.584656
5  0.000012 -0.000003 -4.427393  0.089915 3.069796 -0.515813
6  18.465940 -0.000003 -0.000001  0.000000 -0.000000 -0.780999
7  14.875443 0.000000 0.000000  -0.004170 -0.016972 0.264842
8  2.255210 -0.007574 0.074224  0.148725 -0.089182 0.035803
9  9.514216 -0.009357 0.000000  -0.008629 -0.000000 -0.000000
10  11.752185 -0.001496 0.000000  0.274375 -0.064466 0.601030
11  -1.666463 1.875355 2.345033  0.410817 -1.213587 2.142463
12  4.640939 0.000001 0.000010  -0.801006 0.946579 -1.296993
13  10.828055 -0.000000 -0.000009  -0.065146 0.074437 -0.723662
14  9.393340 -0.000007 0.000009  2.361346 0.018566 0.083775
15  1.442243 0.107448 -1.746177  1.686435 0.539209 0.325885
16  1.063445 0.000002 0.000002  0.000000 -0.000000 0.199056
17  1.376304 -0.000002 0.000000  -0.000000 -0.000000 0.199049
18  4.172850 -0.251378 -1.312746  0.008050 0.095731 0.148659
19  1.215373 0.000000 -0.000002  -0.000000 0.000000 0.645758
20  1.215371 -0.000006 0.000002  -0.000000 -0.000000 0.645758
21  4.220536 -0.244866 -0.431465  0.001333 0.026242 0.148339
22  1.350417 -0.000001 0.000000  0.000000 -0.000000 0.863926
23  1.350405 -0.000001 -0.000004  0.000000 -0.000000 0.863926
24  -2.002404 0.445634 -2.747382  -1.831211 2.085757 0.620823
25  4.640934 -0.000003 -0.000017  0.281928 -0.952958 -0.434827
26  10.828043 -0.000000 0.000012  0.686689 -0.649961 -1.374894
27  9.393344 0.000010 0.000001  0.856631 -0.028036 -0.153969
28  1.442245 0.107454 1.746178  -1.937605 -0.475472 0.678379
29  1.063451 0.000002 0.000000  -0.000000 0.000000 0.366516
30  1.376309 0.000006 0.000005  -0.000000 0.000000 0.811565
31  4.172847 -0.251364 1.312739  0.001190 -0.096055 0.052246
32  1.215372 0.000000 -0.000003  -0.000000 0.000000 0.130882
33  1.215373 0.000000 -0.000008  0.000000 0.000000 1.151880
34  4.220532 -0.244854 0.431463  0.001184 -0.026242 0.052329
35  1.350414 -0.000002 -0.000006  0.000000 0.000000 0.977377
36  1.350412 -0.000001 0.000000  0.000000 0.000000 1.518434
37  4.262828 -0.232719 -1.392185  0.001188 0.078478 0.052453
38  2.110542 0.000003 -0.000000  -0.283147 0.007278 -0.394989
39  0.891926 2.373047 -0.014527  -3.141592 -0.000001 1.413797
40  7.228122 5.709445 3.726568  3.140796 -1.570796 0.000000
41  2.450428 5.076127 0.001325  3.086550 -1.570796 0.000000
42  6.312402 -4.528058 0.001311  3.140791 -1.570796 0.000000
43  2.233304 1.152536 -7.309138  -1.919198 -1.545894 -0.090665
44  3.061500 2.842763 2.243589  0.000000 -0.000000 1.570796
time 42
0  1.266628 5.101875 36.856186  0.000000 -0.000000 -1.705358
1  -0.472344 -0.593768 0.000004  -0.000030 -1.537454 -1.570772
2  -0.000007 0.000010 4.427393  -0.162605 3.136357 -0.073538
3  18.465939 0.000001 -0.000000  -0.000000 -0.000000 -0.671994
4  14.875443 0.000001 0.000001  0.006273 -0.009636 0.577466
5  0.000008 -0.000004 -4.427393  0.091161 3.071709 -0.508139
6  18.465944 -0.000002 -0.000001  0.000000 -0.000000 -0.768725
7  14.875443 0.000000 -0.000001  -0.003960 -0.016608 0.260265
8  2.255211 -0.007574 0.070318  0.157627 -0.090989 0.024586
9  9.514226 -0.009356 -0.000000  -0.009642 0.004583 -0.007209
10  11.752189 -0.001496 0.000000  0.277947 -0.070398 0.612273
11  -1.635219 1.902692 2.341128  0.431016 -1.212958 2.110583
12  4.640938 0.000001 0.000008  -0.803015 0.970310 -1.235037
13  10.828058 0.000000 -0.000008  -0.097999 0.077336 -0.721370
14  9.393341 -0.000007 0.000010  2.330386 0.018054 0.082382
15  1.442247 0.107442 -1.746181  1.691492 0.544195 0.333397
16  1.063448 0.000000 -0.000000  0.000000 -0.000000 0.199056
17  1.376306 -0.000001 0.000002  0.000000 -0.000000 0.199049
18  4.172852 -0.251382 -1.312750  0.008050 0.099770 0.148699
19  1.215372 0.000000 0.000001  -0.000000 -0.000000 0.645758
20  1.215371 -0.000001 0.000005  -0.000000 -0.000000 0.638938
21  4.220537 -0.244867 -0.431465  0.001333 0.026242 0.148339
22  1.350415 -0.000001 -0.000000  0.000000 0.000000 0.867724
23  1.350405 -0.000007 -0.000003  0.000000 -0.000000 0.852532
24  -2.006321 0.457350 -2.743477  -1.837691 2.061548 0.608516
25  4.640934 -0.000003 -0.000019  0.343499 -0.930309 -0.498327
26  10.828039 -0.000000 0.000010  0.662551 -0.694762 -1.311680
27  9.393345 0.000013 0.000000  0.872522 -0.034810 -0.138579
28  1.442245 0.107456 1.746174  -1.938696 -0.474966 0.679976
29  1.063452 -0.000000 -0.000003  -0.000000 -0.000000 0.367307
30  1.376309 0.000000 0.000001  -0.000000 0.000000 0.814474
31  4.172847 -0.251364 1.312734  0.001226 -0.096055 0.051805
32  1.215375 -0.000001 -0.000003  0.000000 -0.000000 0.128448
33  1.215374 0.000003 -0.000005  -0.000000 -0.000000 1.154314
34  4.220532 -0.244854 0.431461  0.001196 -0.026242 0.051889
35  1.350414 -0.000000 0.000001  0.000000 0.000000 0.977881
36  1.350412 -0.000001 0.000003  -0.000000 -0.000000 1.521535
37  4.262828 -0.232720 -1.392182  0.001116 0.078478 0.051538
38  2.110535 -0.000003 -0.000000  -0.296978 0.004962 -0.391222
39  0.891925 2.373049 -0.014527  -3.141592 -0.000001 1.413797
40  7.228124 5.709445 3.726568  3.140796 -1.570796 0.000000
41  2.450431 5.076128 0.001325  3.100857 -1.570796 0.000000
42  6.312408 -4.528058 0.001311  3.140791 -1.570796 0.000000
43  2.233303 1.152536 -7.309137  -1.855059 -1.545108 -0.147821
44  3.061500 2.842763 2.243589  0.000000 -0.000000 1.570796
time 43
0  1.293972 5.190796 36.934971  0.000000 -0.000000 -1.705166
1  -0.362965 -0.593768 -0.000004  -0.000030 -1.539207 -1.570772
2  -0.000008 0.000009 4.427393  -0.162988 3.136735 -0.067342
3  18.465944 0.000001 0.000001  -0.000000 -0.000000 -0.657885
4  14.875444 0.000001 -0.000000  0.006984 -0.009338 0.569763
5  0.000005 -0.000004 -4.427393  0.092215 3.073240 -0.500932
6  18.465940 -0.000003 0.000000  -0.000000 0.000000 -0.755204
7  14.875443 -0.000000 -0.000000  -0.003784 -0.015911 0.253812
8  2.255206 -0.007574 0.066411  0.163155 -0.090891 0.016446
9  9.514223 -0.009356 0.000000  -0.010355 0.007701 -0.013703
10  11.752186 -0.001496 0.000000  0.275873 -0.072136 0.617362
11  -1.623498 1.910506 2.345035  0.441210 -1.213940 2.095073
12  4.640939 0.000002 0.000001  -0.790681 0.988912 -1.162124
13  10.828056 -0.000001 -0.000010  -0.128188 0.081383 -0.718153
14  9.393342 -0.000003 0.000011  2.298345 0.017321 0.080389
15  1.442244 0.107451 -1.746182  1.694453 0.547076 0.337789
16  1.063445 -0.000000 -0.000001  0.000000 0.000000 0.199056
17  1.376304 -0.000001 -0.000001  -0.000000 -0.000000 0.199049
18  4.172847 -0.251373 -1.312749  0.008050 0.102119 0.148699
19  1.215371 0.000003 0.000003  0.000000 0.000000 0.645758
20  1.215372 -0.000006 -0.000001  -0.000000 0.000000 0.634937
21  4.220532 -0.244859 -0.431465  0.001333 0.026242 0.148339
22  1.350418 -0.000003 -0.000002  -0.000000 0.000000 0.869930
23  1.350407 0.000000 -0.000003  -0.000000 -0.000000 0.845916
24  -2.002409 0.472977 -2.739568  -1.868146 2.018910 0.582107
25  4.640932 -0.000003 -0.000015  0.401224 -0.905770 -0.557827
26  10.828045 -0.000001 0.000013  0.638413 -0.739563 -1.248465
27  9.393344 0.000010 0.000001  0.888206 -0.041640 -0.123196
28  1.442245 0.107454 1.746172  -1.941514 -0.473730 0.683992
29  1.063451 0.000002 -0.000002  0.000000 -0.000000 0.369333
30  1.376307 -0.000004 0.000001  -0.000000 0.000000 0.821878
31  4.172848 -0.251366 1.312733  0.001334 -0.096055 0.050643
32  1.215375 -0.000001 0.000003  -0.000000 -0.000000 0.122195
33  1.215372 0.000002 -0.000005  0.000000 -0.000000 1.160441
34  4.220532 -0.244855 0.431460  0.001220 -0.026242 0.050728
35  1.350414 0.000000 0.000001  0.000000 0.000000 0.979266
36  1.350415 0.000000 0.000007  -0.000000 0.000000 1.529455
37  4.262829 -0.232722 -1.392185  0.000924 0.078478 0.049070
38  2.110539 0.000003 0.000001  -0.303919 0.003820 -0.384489
39  0.891932 2.373048 -0.014527  -3.141592 -0.000001 1.413797
40  7.228123 5.709446 3.726568  3.140796 -1.570796 0.000000
41  2.450435 5.076127 0.001325  3.111477 -1.570796 0.000000
42  6.312407 -4.528057 0.001311  3.140791 -1.570796 0.000000
43  2.233300 1.152536 -7.309138  -1.831953 -1.545312 -0.168695
44  3.061500 2.842763 2.243589  0.000000 -0.000000 1.570796
time 44
0  1.321317 5.270824 37.013756  0.000000 -0.000000 -1.704975
1  -0.277026 -0.585955 0.000000  -0.000030 -1.541004 -1.570772
2  -0.000006 0.000009 4.427393  -0.163467 3.137019 -0.062291
3  18.465940 0.000001 0.000000  -0.000000 -0.000000 -0.644579
4  14.875443 0.000000 0.000000  0.007766 -0.008572 0.561704
5  0.000009 -0.000004 -4.427393  0.093173 3.074579 -0.494101
6  18.465944 -0.000001 -0.000001  -0.000000 -0.000000 -0.740435
7  14.875443 0.000000 -0.000000  -0.003679 -0.015001 0.245708
8  2.255208 -0.007574 0.062505  0.165897 -0.089261 0.010822
9  9.514223 -0.009357 -0.000001  -0.010805 0.009583 -0.019613
10  11.752189 -0.001496 0.000000  0.269126 -0.070351 0.617323
11  -1.631304 1.890974 2.352847  0.443687 -1.216483 2.092584
12  4.640936 0.000001 0.000004  -0.759951 1.000528 -1.077767
13  10.828064 0.000001 -0.000011  -0.153049 0.086768 -0.713840
14  9.393335 -0.000011 0.000011  2.265145 0.016317 0.077656
15  1.442243 0.107448 -1.746177  1.695651 0.548233 0.339554
16  1.063446 0.000000 0.000004  -0.000000 -0.000000 0.199056
17  1.376307 -0.000006 0.000001  -0.000000 -0.000000 0.199049
18  4.172847 -0.251377 -1.312747  0.008050 0.103066 0.148739
19  1.215371 0.000003 0.000003  -0.000000 -0.000000 0.645758
20  1.215371 -0.000007 0.000002  -0.000000 0.000000 0.633344
21  4.220531 -0.244863 -0.431459  0.001333 0.026242 0.148339
22  1.350416 -0.000008 0.000003  -0.000000 0.000000 0.870787
23  1.350409 -0.000003 -0.000001  0.000000 0.000000 0.843261
24  -1.998497 0.492504 -2.743477  -1.926278 1.962867 0.535956
25  4.640933 -0.000003 -0.000018  0.454926 -0.879704 -0.613145
26  10.828046 -0.000002 0.000011  0.614424 -0.784087 -1.185641
27  9.393343 0.000006 0.000000  0.903587 -0.048478 -0.107913
28  1.442246 0.107454 1.746177  -1.945242 -0.472101 0.689451
29  1.063452 -0.000003 -0.000002  -0.000000 -0.000000 0.372065
30  1.376309 0.000004 -0.000001  0.000000 0.000000 0.831883
31  4.172847 -0.251367 1.312741  0.001490 -0.096055 0.049080
32  1.215374 0.000001 -0.000005  -0.000000 -0.000000 0.113801
33  1.215372 0.000001 -0.000006  -0.000000 -0.000000 1.168667
34  4.220533 -0.244854 0.431461  0.001268 -0.026242 0.049166
35  1.350415 -0.000002 -0.000004  0.000000 -0.000000 0.981112
36  1.350411 -0.000002 0.000004  0.000000 0.000000 1.540094
37  4.262829 -0.232721 -1.392181  0.000673 0.078478 0.045806
38  2.110542 0.000002 -0.000000  -0.305050 0.003429 -0.375260
39  0.891933 2.373049 -0.014527  -3.141592 -0.000001 1.413797
40  7.228124 5.709445 3.726569  3.140796 -1.570796 0.000000
41  2.450430 5.076127 0.001325  3.119112 -1.570796 0.000000
42  6.312406 -4.528057 0.001311  3.140791 -1.570796 0.000000
43  2.233307 1.152535 -7.309138  -1.840294 -1.546419 -0.162184
44  3.061500 2.842763 2.243589  0.000000 -0.000000 1.570796
time 45
0  1.352568 5.359746 37.092541  0.000000 -0.000000 -1.704783
1  -0.222337 -0.566424 0.000004  -0.000030 -1.542814 -1.570772
2  -0.000005 0.000009 4.427393  -0.164042 3.137019 -0.058192
3  18.465942 0.000001 0.000000  -0.000000 -0.000000 -0.631858
4  14.875442 0.000001 0.000001  0.008584 -0.007423 0.553330
5  0.000008 -0.000004 -4.427392  0.094036 3.075823 -0.487643
6  18.465944 -0.000005 -0.000001  0.000000 -0.000000 -0.724617
7  14.875443 -0.000000 0.000000  -0.003574 -0.013940 0.236254
8  2.255209 -0.007573 0.058599  0.166319 -0.086432 0.007248
9  9.514221 -0.009356 -0.000000  -0.011030 0.010497 -0.025047
10  11.752192 -0.001496 -0.000000  0.258615 -0.065760 0.613102
11  -1.646934 1.859719 2.368472  0.440067 -1.220386 2.100530
12  4.640937 0.000001 0.000002  -0.708213 1.003063 -0.982927
13  10.828049 0.000000 -0.000008  -0.169919 0.093682 -0.708262
14  9.393340 -0.000000 0.000010  2.230710 0.014990 0.074042
15  1.442240 0.107457 -1.746181  1.695471 0.548049 0.339267
16  1.063448 0.000000 0.000002  -0.000000 0.000000 0.199056
17  1.376307 -0.000005 0.000001  -0.000000 -0.000000 0.199049
18  4.172847 -0.251371 -1.312751  0.008050 0.102922 0.148739
19  1.215372 0.000002 0.000000  -0.000000 -0.000000 0.645758
20  1.215372 -0.000001 0.000003  0.000000 -0.000000 0.633589
21  4.220531 -0.244857 -0.431467  0.001333 0.026242 0.148339
22  1.350417 -0.000001 0.000001  0.000000 0.000000 0.870665
23  1.350408 -0.000006 -0.000003  0.000000 -0.000000 0.843670
24  -1.990691 0.508127 -2.743476  -2.022457 1.899046 0.457671
25  4.640933 -0.000003 -0.000016  0.504560 -0.852499 -0.664238
26  10.828053 0.000002 0.000015  0.590734 -0.828057 -1.123598
27  9.393348 0.000012 -0.000000  0.918573 -0.055277 -0.092824
28  1.442247 0.107455 1.746171  -1.949242 -0.470247 0.695218
29  1.063452 0.000003 -0.000002  -0.000000 0.000000 0.374977
30  1.376310 0.000002 0.000002  -0.000000 0.000000 0.842505
31  4.172847 -0.251366 1.312739  0.001645 -0.096055 0.047397
32  1.215374 0.000000 0.000003  0.000000 -0.000000 0.104862
33  1.215372 0.000003 -0.000003  -0.000000 -0.000000 1.177481
34  4.220533 -0.244854 0.431462  0.001304 -0.026242 0.047484
35  1.350414 -0.000004 0.000002  0.000000 0.000000 0.983085
36  1.350411 -0.000001 -0.000001  0.000000 -0.000000 1.551496
37  4.262829 -0.232721 -1.392179  0.000397 0.078478 0.042304
38  2.110541 -0.000002 -0.000000  -0.301297 0.003489 -0.364147
39  0.891935 2.373047 -0.014527  -3.141592 -0.000001 1.413797
40  7.228121 5.709445 3.726568  3.140796 -1.570796 0.000000
41  2.450427 5.076127 0.001325  3.124203 -1.570796 0.000000
42  6.312400 -4.528057 0.001311  3.140791 -1.570796 0.000000
43  2.233304 1.152535 -7.309137  -1.875862 -1.548137 -0.131450
44  3.061500 2.842763 2.243589  0.000000 -0.000000 1.570796
time 46
0  1.379912 5.448666 37.187080  0.000000 -0.000000 -1.704495
1  -0.179367 -0.542985 0.000004  -0.000030 -1.544668 -1.570772
2  -0.000001 0.000010 4.427393  -0.164617 3.136925 -0.054761
3  18.465937 0.000001 0.000000  -0.000000 -0.000000 -0.619503
4  14.875443 -0.000001 0.000001  0.009331 -0.005975 0.544639
5  0.000007 -0.000004 -4.427393  0.094803 3.076875 -0.481186
6  18.465944 -0.000004 0.000000  0.000000 -0.000000 -0.707814
7  14.875440 0.000000 -0.000000  -0.003504 -0.012728 0.225674
8  2.255210 -0.007574 0.054692  0.165053 -0.082701 0.005230
9  9.514216 -0.009357 0.000000  -0.011068 0.010671 -0.030134
10  11.752191 -0.001497 -0.000000  0.245217 -0.059133 0.605685
11  -1.674279 1.808937 2.388005  0.432159 -1.225423 2.116039
12  4.640938 0.000001 0.000001  -0.634722 0.994320 -0.880416
13  10.828060 0.000002 -0.000008  -0.176135 0.102317 -0.701247
14  9.393342 -0.000009 0.000010  2.194968 0.013287 0.069403
15  1.442241 0.107455 -1.746176  1.694261 0.546891 0.337502
16  1.063445 0.000000 0.000004  -0.000000 0.000000 0.199056
17  1.376305 -0.000007 0.000004  -0.000000 0.000000 0.199049
18  4.172849 -0.251372 -1.312747  0.008050 0.101963 0.148699
19  1.215373 0.000003 0.000000  -0.000000 -0.000000 0.645758
20  1.215371 -0.000006 0.000004  -0.000000 -0.000000 0.635222
21  4.220536 -0.244858 -0.431464  0.001333 0.026242 0.148339
22  1.350414 0.000000 0.000003  0.000000 0.000000 0.869766
23  1.350407 -0.000001 -0.000003  -0.000000 0.000000 0.846365
24  -1.982879 0.531566 -2.743476  -2.177693 1.834347 0.324260
25  4.640934 -0.000003 -0.000020  0.550179 -0.824545 -0.711164
26  10.828044 0.000002 0.000012  0.567491 -0.871197 -1.062727
27  9.393345 0.000010 0.000002  0.933079 -0.061986 -0.078020
28  1.442245 0.107454 1.746173  -1.952697 -0.468674 0.700316
29  1.063451 -0.000004 -0.000001  0.000000 0.000000 0.377530
30  1.376310 -0.000000 0.000001  0.000000 -0.000000 0.851870
31  4.172847 -0.251366 1.312733  0.001789 -0.096055 0.045915
32  1.215374 0.000000 0.000002  0.000000 -0.000000 0.097014
33  1.215372 -0.000002 -0.000004  -0.000000 -0.000000 1.185203
34  4.220532 -0.244855 0.431462  0.001340 -0.026242 0.046043
35  1.350414 -0.000005 0.000001  0.000000 -0.000000 0.984847
36  1.350411 -0.000001 -0.000005  -0.000000 -0.000000 1.561467
37  4.262827 -0.232722 -1.392180  0.000157 0.078478 0.039240
38  2.110541 -0.000002 0.000000  -0.293584 0.003760 -0.351575
39  0.891934 2.373046 -0.014527  -3.141592 -0.000001 1.413797
40  7.228122 5.709445 3.726568  3.140796 -1.570796 0.000000
41  2.450425 5.076127 0.001325  3.127450 -1.570796 0.000000
42  6.312404 -4.528057 0.001311  3.140791 -1.570796 0.000000
43  2.233311 1.152536 -7.309137  -1.938085 -1.550263 -0.076593
44  3.061500 2.842763 2.243589  0.000000 -0.000000 1.570796
time 47
0  1.407257 5.537587 37.265862  0.000000 -0.000000 -1.704303
1  -0.148115 -0.515641 0.000004  -0.000030 -1.546522 -1.570772
2  -0.000009 0.000009 4.427394  -0.165000 3.136641 -0.051711
3  18.465942 0.000001 0.000000  0.000000 -0.000000 -0.607221
4  14.875443 -0.000000 0.000000  0.009970 -0.004315 0.535711
5  0.000007 -0.000004 -4.427393  0.095665 3.077927 -0.474822
6  18.465942 -0.000001 -0.000001  0.000000 -0.000000 -0.690158
7  14.875443 0.000000 -0.000001  -0.003468 -0.011455 0.214306
8  2.255207 -0.007574 0.050786  0.162648 -0.078361 0.004237
9  9.514222 -0.009356 -0.000000  -0.010993 0.010349 -0.034962
10  11.752185 -0.001496 -0.000000  0.229769 -0.051247 0.596020
11  -1.709443 1.754250 2.407536  0.421488 -1.231341 2.136431
12  4.640938 0.000002 0.000004  -0.539214 0.973213 -0.775829
13  10.828053 0.000001 -0.000007  -0.168997 0.114887 -0.677217
14  9.393337 -0.000015 0.000011  2.159627 -0.003408 0.048963
15  1.442243 0.107449 -1.746180  1.692439 0.545118 0.334792
16  1.063449 0.000000 0.000005  0.000000 0.000000 0.199056
17  1.376305 -0.000001 0.000003  -0.000000 -0.000000 0.199049
18  4.172850 -0.251378 -1.312751  0.008050 0.100513 0.148699
19  1.215371 0.000001 0.000004  0.000000 0.000000 0.645758
20  1.215372 -0.000003 0.000001  -0.000000 0.000000 0.637672
21  4.220535 -0.244865 -0.431466  0.001333 0.026242 0.148339
22  1.350416 0.000002 0.000003  0.000000 0.000000 0.868419
23  1.350407 -0.000003 -0.000003  -0.000000 0.000000 0.850408
24  -1.975064 0.551097 -2.747384  -2.426608 1.777789 0.099232
25  4.640934 -0.000002 -0.000013  0.591900 -0.796235 -0.754046
26  10.828040 -0.000001 0.000012  0.544845 -0.913229 -1.003418
27  9.393345 0.000011 0.000001  0.947024 -0.068556 -0.063595
28  1.442245 0.107453 1.746176  -1.954970 -0.467606 0.703612
29  1.063451 0.000002 0.000001  -0.000000 -0.000000 0.379208
30  1.376309 0.000008 0.000002  -0.000000 -0.000000 0.857996
31  4.172848 -0.251368 1.312740  0.001885 -0.096055 0.044953
32  1.215375 -0.000002 -0.000003  0.000000 -0.000000 0.091852
33  1.215373 0.000003 -0.000009  -0.000000 -0.000000 1.190239
34  4.220534 -0.244856 0.431462  0.001364 -0.026242 0.045082
35  1.350415 -0.000004 0.000003  0.000000 0.000000 0.985980
36  1.350411 -0.000003 0.000014  -0.000000 -0.000000 1.568003
37  4.262827 -0.232723 -1.392179  0.000002 0.078478 0.037210
38  2.110536 -0.000001 -0.000000  -0.282941 0.004060 -0.338014
39  0.891932 2.373048 -0.014526  -3.141592 -0.000001 1.413797
40  7.228123 5.709445 3.726567  3.140796 -1.570796 0.000000
41  2.450431 5.076128 0.001325  3.129293 -1.570796 0.000000
42  6.312406 -4.528057 0.001311  3.140791 -1.570796 0.000000
43  2.233304 1.152536 -7.309138  -2.026478 -1.552476 0.003158
44  3.061500 2.842763 2.243589  0.000000 -0.000000 1.570796
time 48
0  1.438508 5.617615 37.344646  0.000000 -0.000000 -1.704112
1  -0.124677 -0.484390 0.000004  -0.000030 -1.548391 -1.570772
2  -0.000005 0.000009 4.427394  -0.165384 3.136262 -0.048851
3  18.465937 0.000000 -0.000001  -0.000000 -0.000000 -0.594939
4  14.875443 0.000001 0.000001  0.010468 -0.002570 0.526586
5  0.000005 -0.000003 -4.427394  0.096528 3.078980 -0.468271
6  18.465939 0.000000 -0.000000  -0.000000 -0.000000 -0.671780
7  14.875442 0.000000 -0.000000  -0.003468 -0.010181 0.202338
8  2.255205 -0.007573 0.046879  0.159610 -0.073726 0.003774
9  9.514221 -0.009357 -0.000000  -0.010843 0.009771 -0.039681
10  11.752186 -0.001497 0.000000  0.213182 -0.042810 0.585131
11  -1.744599 1.691753 2.427068  0.409960 -1.237963 2.158833
12  4.640938 0.000002 0.000004  -0.432117 0.943330 -0.678330
13  10.828053 0.000000 -0.000008  -0.149898 0.131575 -0.629148
14  9.393339 -0.000007 0.000010  2.128844 -0.041897 0.005720
15  1.442243 0.107452 -1.746180  1.690366 0.543087 0.331734
16  1.063446 -0.000001 0.000006  -0.000000 0.000000 0.199056
17  1.376307 -0.000004 0.000003  0.000000 0.000000 0.199049
18  4.172850 -0.251374 -1.312751  0.008050 0.098871 0.148699
19  1.215374 0.000000 -0.000004  -0.000000 -0.000000 0.645758
20  1.215373 -0.000005 -0.000002  -0.000000 0.000000 0.640449
21  4.220533 -0.244859 -0.431465  0.001333 0.026242 0.148339
22  1.350415 -0.000003 -0.000001  0.000000 -0.000000 0.866867
23  1.350405 -0.000004 -0.000000  -0.000000 -0.000000 0.855064
24  -1.967251 0.574539 -2.747383  0.346009 1.400239 2.896060
25  4.640933 -0.000002 -0.000021  0.629876 -0.767956 -0.793044
26  10.828043 0.000001 0.000012  0.522944 -0.953878 -0.946062
27  9.393344 0.000005 0.000002  0.960331 -0.074937 -0.049642
28  1.442243 0.107453 1.746179  -1.955333 -0.467438 0.704127
29  1.063451 -0.000001 0.000004  -0.000000 0.000000 0.379472
30  1.376307 0.000000 -0.000001  0.000000 -0.000000 0.858966
31  4.172846 -0.251366 1.312738  0.001897 -0.096055 0.044793
32  1.215374 -0.000002 0.000002  0.000000 -0.000000 0.091055
33  1.215372 0.000002 -0.000008  0.000000 -0.000000 1.191036
34  4.220531 -0.244853 0.431460  0.001376 -0.026242 0.044922
35  1.350415 -0.000003 0.000002  0.000000 0.000000 0.986148
36  1.350412 -0.000002 0.000009  -0.000000 0.000000 1.569053
37  4.262827 -0.232721 -1.392181  -0.000022 0.078478 0.036891
38  2.110537 0.000002 -0.000000  -0.270345 0.004271 -0.323936
39  0.891931 2.373049 -0.014526  -3.141592 -0.000001 1.413797
40  7.228127 5.709446 3.726568  3.140796 -1.570796 0.000000
41  2.450428 5.076127 0.001325  3.130347 -1.570796 0.000000
42  6.312406 -4.528058 0.001311  3.140791 -1.570796 0.000000
43  2.233308 1.152535 -7.309138  -2.138169 -1.554544 0.105602
44  3.061500 2.842763 2.243589  0.000000 -0.000000 1.570796
time 49
0  1.465852 5.706536 37.423431  0.000000 -0.000000 -1.703920
1  -0.101239 -0.453139 0.000004  -0.000030 -1.550259 -1.570772
2  -0.000006 0.000008 4.427393  -0.165479 3.135789 -0.045897
3  18.465940 0.000000 0.000001  -0.000000 0.000000 -0.582292
4  14.875443 -0.000002 0.000001  0.010788 -0.000782 0.517263
5  0.000008 -0.000004 -4.427393  0.097390 3.080032 -0.461439
6  18.465944 -0.000001 -0.000001  -0.000000 0.000000 -0.652876
7  14.875441 0.000000 -0.000000  -0.003468 -0.008878 0.190070
8  2.255210 -0.007574 0.042973  0.156572 -0.069052 0.003311
9  9.514216 -0.009356 -0.000000  -0.010692 0.009180 -0.044379
10  11.752181 -0.001496 -0.000000  0.196368 -0.034529 0.573967
11  -1.779759 1.625343 2.442693  0.399765 -1.245115 2.180087
12  4.640941 0.000002 0.000008  -0.326871 0.910448 -0.594045
13  10.828058 0.000000 -0.000009  -0.122309 0.149526 -0.569710
14  9.393337 -0.000008 0.000009  2.105786 -0.090288 -0.049023
15  1.442244 0.107453 -1.746181  1.688424 0.541191 0.328861
16  1.063444 0.000000 -0.000000  0.000000 -0.000000 0.199056
17  1.376307 0.000000 -0.000000  -0.000000 -0.000000 0.199049
18  4.172848 -0.251371 -1.312749  0.008050 0.097313 0.148659
19  1.215376 0.000002 -0.000002  0.000000 0.000000 0.645758
20  1.215374 -0.000001 0.000003  -0.000000 -0.000000 0.643063
21  4.220536 -0.244860 -0.431469  0.001333 0.026242 0.148339
22  1.350418 0.000001 0.000001  0.000000 0.000000 0.865396
23  1.350403 -0.000005 -0.000002  0.000000 -0.000000 0.859434
24  -1.963353 0.597979 -2.751290  -0.075638 1.408197 2.496940
25  4.640933 -0.000003 -0.000017  0.664276 -0.740084 -0.828337
26  10.828041 -0.000004 0.000012  0.501938 -0.992865 -0.891050
27  9.393347 0.000010 0.000003  0.972930 -0.081079 -0.036256
28  1.442243 0.107454 1.746176  -1.953061 -0.468505 0.700831
29  1.063451 0.000004 0.000001  0.000000 0.000000 0.377794
30  1.376309 0.000002 0.000002  -0.000000 0.000000 0.852840
31  4.172845 -0.251366 1.312737  0.001801 -0.096055 0.045754
32  1.215375 -0.000003 -0.000000  -0.000000 -0.000000 0.096175
33  1.215373 0.000000 -0.000010  -0.000000 -0.000000 1.186000
34  4.220531 -0.244855 0.431459  0.001352 -0.026242 0.045883
35  1.350414 -0.000003 -0.000001  0.000000 -0.000000 0.985015
36  1.350410 -0.000001 0.000011  0.000000 0.000000 1.562517
37  4.262825 -0.232722 -1.392183  0.000133 0.078478 0.038921
38  2.110532 0.000001 0.000000  -0.256668 0.004211 -0.309857
39  0.891929 2.373049 -0.014527  -3.141592 -0.000001 1.413797
40  7.228122 5.709446 3.726568  3.140796 -1.570796 0.000000
41  2.450428 5.076128 0.001325  3.131312 -1.570796 0.000000
42  6.312402 -4.528056 0.001311  3.140791 -1.570796 0.000000
43  2.233308 1.152534 -7.309137  -2.262612 -1.556292 0.221065
44  3.061500 2.842763 2.243589  0.000000 -0.000000 1.570796
time 50
0  1.493197 5.795457 37.517971  0.000000 -0.000000 -1.703728
1  -0.069987 -0.425794 0.000000  -0.000030 -1.552113 -1.570772
2  -0.000007 0.000009 4.427394  -0.165288 3.135315 -0.042465
3  18.465944 0.000000 0.000001  -0.000000 -0.000000 -0.568986
4  14.875443 -0.000001 0.000001  0.010824 0.000984 0.507782
5  0.000004 -0.000003 -4.427393  0.098349 3.081180 -0.454233
6  18.465942 -0.000003 -0.000001  0.000000 0.000000 -0.633579
7  14.875443 -0.000000 0.000000  -0.003504 -0.007635 0.177801
8  2.255204 -0.007574 0.039067  0.154041 -0.064672 0.002417
9  9.514221 -0.009357 -0.000000  -0.010617 0.008803 -0.049185
10  11.752183 -0.001496 0.000000  0.180332 -0.027002 0.563631
11  -1.811002 1.566748 2.462226  0.393191 -1.252695 2.196649
12  4.640938 0.000001 0.000006  -0.233344 0.881053 -0.525356
13  10.828049 0.000000 -0.000008  -0.089704 0.165883 -0.511570
14  9.393340 -0.000010 0.000010  2.090348 -0.136975 -0.103851
15  1.442242 0.107455 -1.746181  1.686998 0.539763 0.326726
16  1.063445 0.000000 0.000002  0.000000 0.000000 0.199056
17  1.376307 -0.000004 0.000001  -0.000000 -0.000000 0.199049
18  4.172846 -0.251369 -1.312749  0.008050 0.096175 0.148659
19  1.215371 0.000000 0.000000  -0.000000 0.000000 0.645758
20  1.215371 -0.000005 0.000000  -0.000000 -0.000000 0.644982
21  4.220532 -0.244858 -0.431466  0.001333 0.026242 0.148339
22  1.350416 -0.000001 0.000000  0.000000 0.000000 0.864335
23  1.350406 -0.000004 -0.000001  -0.000000 -0.000000 0.862660
24  -1.955533 0.617510 -2.751289  -0.408883 1.395246 2.182772
25  4.640934 -0.000003 -0.000022  0.695267 -0.712983 -0.860102
26  10.828049 0.000002 0.000014  0.481976 -1.029914 -0.838772
27  9.393345 0.000006 0.000002  0.984751 -0.086933 -0.023529
28  1.442246 0.107455 1.746174  -1.947424 -0.471089 0.692592
29  1.063451 0.000002 -0.000000  0.000000 -0.000000 0.373647
30  1.376309 -0.000002 0.000001  -0.000000 0.000000 0.837679
31  4.172848 -0.251366 1.312738  0.001574 -0.096055 0.048159
32  1.215375 -0.000000 -0.000001  0.000000 -0.000000 0.108933
33  1.215373 0.000002 -0.000005  -0.000000 -0.000000 1.173494
34  4.220532 -0.244854 0.431461  0.001292 -0.026242 0.048245
35  1.350414 -0.000002 -0.000004  0.000000 0.000000 0.982203
36  1.350413 -0.000001 0.000001  -0.000000 0.000000 1.546296
37  4.262827 -0.232722 -1.392178  0.000517 0.078478 0.043896
38  2.110541 0.000001 0.000000  -0.243043 0.003790 -0.296154
39  0.891928 2.373049 -0.014527  -3.141592 -0.000001 1.413797
40  7.228122 5.709445 3.726568  3.140796 -1.570796 0.000000
41  2.450434 5.076126 0.001325  3.132541 -1.570796 0.000000
42  6.312411 -4.528057 0.001311  3.140791 -1.570796 0.000000
43  2.233304 1.152535 -7.309137  -2.377086 -1.557632 0.327530
44  3.061500 2.842763 2.243589  0.000000 -0.000000 1.570796
time 51
0  1.520542 5.875485 37.596756  0.000000 -0.000000 -1.703536
1  -0.030925 -0.402356 0.000000  -0.000030 -1.553967 -1.570772
2  -0.000003 0.000009 4.427393  -0.164617 3.134747 -0.038271
3  18.465940 0.000001 -0.000000  -0.000000 -0.000000 -0.554876
4  14.875443 -0.000001 0.000000  0.010326 0.002645 0.498143
5  0.000014 -0.000004 -4.427393  0.099307 3.082519 -0.446652
6  18.465948 -0.000004 0.000000  0.000000 -0.000000 -0.614085
7  14.875442 -0.000000 -0.000000  -0.003539 -0.006483 0.165833
8  2.255212 -0.007574 0.035160  0.152522 -0.060843 0.000564
9  9.514217 -0.009357 -0.000000  -0.010617 0.008897 -0.054207
10  11.752186 -0.001496 0.000000  0.166070 -0.020818 0.555267
11  -1.834440 1.512054 2.473944  0.393286 -1.260652 2.204595
12  4.640938 0.000001 0.000007  -0.159435 0.861841 -0.472533
13  10.828052 0.000000 -0.000007  -0.055556 0.177792 -0.467396
14  9.393337 -0.000005 0.000010  2.077975 -0.171557 -0.146501
15  1.442240 0.107454 -1.746176  1.686435 0.539209 0.325885
16  1.063445 0.000001 0.000006  0.000000 -0.000000 0.199056
17  1.376305 -0.000003 0.000001  -0.000000 -0.000000 0.199049
18  4.172849 -0.251375 -1.312747  0.008050 0.095731 0.148659
19  1.215371 0.000000 -0.000000  -0.000000 0.000000 0.645758
20  1.215372 0.000000 0.000002  -0.000000 0.000000 0.645758
21  4.220534 -0.244863 -0.431463  0.001333 0.026242 0.148339
22  1.350413 -0.000001 0.000000  0.000000 0.000000 0.863926
23  1.350408 -0.000002 0.000000  -0.000000 -0.000000 0.863926
24  -1.947718 0.640944 -2.751290  -0.609571 1.379116 1.995861
25  4.640933 -0.000003 -0.000019  0.723007 -0.687007 -0.888506
26  10.828047 0.000001 0.000013  0.463207 -1.064749 -0.789619
27  9.393345 0.000013 0.000001  0.995732 -0.092449 -0.011558
28  1.442243 0.107453 1.746181  -1.937605 -0.475472 0.678379
29  1.063450 0.000005 0.000003  -0.000000 -0.000000 0.366516
30  1.376306 -0.000001 -0.000002  -0.000000 0.000000 0.811565
31  4.172846 -0.251366 1.312745  0.001190 -0.096055 0.052246
32  1.215374 -0.000001 0.000002  0.000000 0.000000 0.130882
33  1.215371 0.000001 -0.000005  0.000000 -0.000000 1.151880
34  4.220531 -0.244855 0.431469  0.001184 -0.026242 0.052329
35  1.350414 -0.000004 0.000003  0.000000 0.000000 0.977377
36  1.350415 -0.000000 0.000003  -0.000000 -0.000000 1.518434
37  4.262828 -0.232722 -1.392175  0.001188 0.078478 0.052453
38  2.110541 -0.000003 -0.000000  -0.230446 0.002888 -0.283441
39  0.891924 2.373049 -0.014527  -3.141592 -0.000001 1.413797
40  7.228125 5.709445 3.726568  3.140796 -1.570796 0.000000
41  2.450428 5.076127 0.001325  3.134735 -1.570796 0.000000
42  6.312403 -4.528058 0.001311  3.140791 -1.570796 0.000000
43  2.233313 1.152536 -7.309138  -2.447359 -1.558564 0.391772
44  3.061500 2.842763 2.243589  0.000000 -0.000000 1.570796
time 52
0  1.551793 5.964406 37.675537  0.000000 -0.000000 -1.703345
1  0.008140 -0.375011 0.000000  -0.000030 -1.555806 -1.570772
2  -0.000004 0.000008 4.427394  -0.164713 3.134368 -0.033887
3  18.465935 0.000000 0.000000  0.000000 -0.000000 -0.540401
4  14.875443 0.000001 -0.000000  0.010646 0.004156 0.488346
5  0.000010 -0.000005 -4.427393  0.100361 3.083763 -0.438697
6  18.465942 -0.000003 -0.000001  -0.000000 0.000000 -0.594000
7  14.875442 -0.000000 -0.000001  -0.003714 -0.005361 0.153528
8  2.255208 -0.007575 0.031254  0.151003 -0.057013 -0.001289
9  9.514219 -0.009357 -0.000000  -0.010655 0.008978 -0.059251
10  11.752184 -0.001496 -0.000000  0.151701 -0.014742 0.546746
11  -1.861790 1.461276 2.485662  0.402623 -1.271102 2.203351
12  4.640938 0.000002 0.000007  -0.112571 0.859446 -0.435199
13  10.828056 0.000001 -0.000010  -0.023335 0.182397 -0.449856
14  9.393342 -0.000009 0.000009  2.061098 -0.185021 -0.163710
15  1.442242 0.107454 -1.746178  1.686435 0.539209 0.325885
16  1.063447 -0.000000 0.000007  0.000000 0.000000 0.199056
17  1.376305 -0.000002 0.000002  -0.000000 -0.000000 0.199049
18  4.172848 -0.251372 -1.312748  0.008050 0.095731 0.148659
19  1.215372 0.000004 0.000000  0.000000 -0.000000 0.645758
20  1.215372 -0.000001 0.000003  -0.000000 -0.000000 0.645758
21  4.220535 -0.244861 -0.431465  0.001333 0.026242 0.148339
22  1.350414 0.000002 0.000002  0.000000 -0.000000 0.863926
23  1.350406 -0.000002 -0.000005  0.000000 0.000000 0.863926
24  -1.939911 0.664387 -2.751290  -0.721948 1.369766 1.894415
25  4.640933 -0.000003 -0.000021  0.747635 -0.662496 -0.913699
26  10.828035 -0.000002 0.000014  0.445781 -1.097092 -0.743982
27  9.393345 0.000014 0.000001  1.005810 -0.097579 -0.000436
28  1.442245 0.107453 1.746179  -1.922513 -0.481876 0.656545
29  1.063452 0.000002 -0.000001  0.000000 -0.000000 0.355646
30  1.376308 -0.000001 0.000002  -0.000000 -0.000000 0.771811
31  4.172847 -0.251367 1.312744  0.000591 -0.096055 0.058497
32  1.215374 -0.000002 0.000005  -0.000000 0.000000 0.164289
33  1.215373 0.000002 -0.000008  -0.000000 -0.000000 1.119061
34  4.220530 -0.244856 0.431469  0.001028 -0.026242 0.058535
35  1.350415 -0.000003 -0.000001  0.000000 0.000000 0.969991
36  1.350410 -0.000002 0.000002  -0.000000 0.000000 1.475926
37  4.262827 -0.232722 -1.392176  0.002207 0.078466 0.065507
38  2.110540 0.000002 0.000000  -0.214301 0.001835 -0.270728
39  0.891930 2.373049 -0.014527  -3.141592 -0.000001 1.413797
40  7.228112 5.709445 3.726568  3.140796 -1.570796 0.000000
41  2.450431 5.076127 0.001325  3.137105 -1.570796 0.000000
42  6.312410 -4.528056 0.001311  3.140791 -1.570796 0.000000
43  2.233306 1.152533 -7.309138  -2.463850 -1.559321 0.402972
44  3.061500 2.842763 2.243589  0.000000 -0.000000 1.570796
time 53
0  1.579137 6.053326 37.754322  0.000000 -0.000000 -1.703057
1  0.039391 -0.347667 0.000004  -0.000030 -1.557675 -1.570772
2  -0.000004 0.000009 4.427394  -0.164905 3.133895 -0.029979
3  18.465940 0.000001 -0.000000  -0.000000 -0.000000 -0.525999
4  14.875444 0.000002 0.000001  0.011037 0.005816 0.478273
5  0.000011 -0.000004 -4.427393  0.101512 3.085006 -0.430649
6  18.465942 -0.000003 -0.000001  0.000000 0.000000 -0.572734
7  14.875444 0.000000 0.000001  -0.003925 -0.004149 0.140209
8  2.255213 -0.007574 0.027348  0.148303 -0.052555 -0.002050
9  9.514219 -0.009356 -0.000000  -0.010542 0.008548 -0.064014
10  11.752187 -0.001496 -0.000000  0.135042 -0.007539 0.535778
11  -1.893031 1.394857 2.501290  0.420535 -1.285179 2.195596
12  4.640938 0.000001 0.000003  -0.088614 0.880085 -0.413601
13  10.828053 -0.000000 -0.000003  0.004132 0.173350 -0.461252
14  9.393339 -0.000011 0.000010  2.037511 -0.177294 -0.153917
15  1.442245 0.107453 -1.746177  1.686435 0.539209 0.325885
16  1.063445 0.000000 0.000005  0.000000 0.000000 0.199056
17  1.376304 -0.000001 -0.000002  -0.000000 -0.000000 0.199049
18  4.172850 -0.251374 -1.312747  0.008050 0.095731 0.148659
19  1.215374 -0.000000 -0.000000  -0.000000 0.000000 0.645758
20  1.215372 0.000000 0.000000  -0.000000 0.000000 0.645758
21  4.220538 -0.244862 -0.431464  0.001333 0.026242 0.148339
22  1.350415 0.000001 0.000004  0.000000 -0.000000 0.863926
23  1.350407 -0.000006 -0.000005  0.000000 0.000000 0.863926
24  -1.932098 0.687820 -2.751289  -0.790542 1.367436 1.837153
25  4.640933 -0.000003 -0.000020  0.769268 -0.639778 -0.935808
26  10.828041 0.000003 0.000011  0.429846 -1.126667 -0.702250
27  9.393347 0.000013 0.000002  1.014928 -0.102276 0.009739
28  1.442248 0.107456 1.746171  -1.902057 -0.489966 0.627193
29  1.063452 -0.000001 0.000002  0.000000 -0.000000 0.341145
30  1.376310 0.000000 -0.000002  0.000000 0.000000 0.718791
31  4.172849 -0.251364 1.312732  -0.000200 -0.096055 0.066832
32  1.215374 -0.000001 0.000003  0.000000 -0.000000 0.208859
33  1.215374 0.000001 -0.000006  0.000000 0.000000 1.075246
34  4.220535 -0.244853 0.431455  0.000812 -0.026254 0.066863
35  1.350415 -0.000004 0.000003  0.000000 -0.000000 0.960170
36  1.350414 -0.000003 0.000001  0.000000 0.000000 1.419297
37  4.262832 -0.232720 -1.392188  0.003573 0.078406 0.082939
38  2.110542 -0.000006 0.000001  -0.191164 0.000903 -0.256978
39  0.891924 2.373048 -0.014527  -3.141592 -0.000001 1.413797
40  7.228119 5.709445 3.726568  3.140796 -1.570796 0.000000
41  2.450432 5.076127 0.001325  3.138772 -1.570796 0.000000
42  6.312409 -4.528056 0.001311  3.140791 -1.570796 0.000000
43  2.233303 1.152535 -7.309137  -2.430294 -1.559962 0.363624
44  3.061500 2.842763 2.243589  0.000000 -0.000000 1.570796
time 54
0  1.606482 6.133355 37.848866  0.000000 -0.000000 -1.702865
1  0.058922 -0.316416 0.000004  -0.000030 -1.559543 -1.570772
2  -0.000003 0.000009 4.427393  -0.165096 3.133327 -0.026071
3  18.465940 0.000001 0.000000  -0.000000 -0.000000 -0.511524
4  14.875443 0.000001 0.000001  0.011428 0.007583 0.468002
5  0.000009 -0.000004 -4.427393  0.102662 3.086250 -0.422320
6  18.465942 -0.000002 -0.000001  0.000000 0.000000 -0.550483
7  14.875445 0.000000 -0.000000  -0.004205 -0.002936 0.126140
8  2.255209 -0.007574 0.023441  0.144843 -0.047704 -0.002215
9  9.514223 -0.009356 -0.000000  -0.010317 0.007795 -0.068647
10  11.752179 -0.001496 -0.000000  0.116886 0.000227 0.523194
11  -1.928194 1.324553 2.513009  0.445593 -1.301295 2.182289
12  4.640938 0.000001 0.000005  -0.076563 0.921170 -0.405419
13  10.828056 -0.000002 -0.000012  0.026608 0.149500 -0.491297
14  9.393340 -0.000005 0.000012  2.012052 -0.156606 -0.128319
15  1.442247 0.107452 -1.746181  1.686435 0.539209 0.325885
16  1.063447 0.000001 0.000005  0.000000 -0.000000 0.199056
17  1.376306 -0.000000 0.000000  -0.000000 -0.000000 0.199049
18  4.172854 -0.251375 -1.312751  0.008050 0.095731 0.148659
19  1.215373 0.000001 0.000002  -0.000000 0.000000 0.645758
20  1.215374 0.000002 0.000002  -0.000000 0.000000 0.645758
21  4.220539 -0.244860 -0.431468  0.001333 0.026242 0.148339
22  1.350414 -0.000005 0.000002  0.000000 0.000000 0.863926
23  1.350410 0.000002 0.000000  0.000000 -0.000000 0.863926
24  -1.924279 0.711264 -2.751290  -0.830902 1.372187 1.808095
25  4.640934 -0.000003 -0.000017  0.787995 -0.619170 -0.954930
26  10.828046 -0.000007 0.000011  0.415552 -1.153197 -0.664816
27  9.393344 0.000009 -0.000002  1.023026 -0.106492 0.018872
28  1.442247 0.107454 1.746173  -1.877055 -0.499011 0.591559
29  1.063452 -0.000003 0.000001  -0.000000 0.000000 0.323755
30  1.376309 -0.000001 -0.000000  -0.000000 0.000000 0.655150
31  4.172848 -0.251366 1.312738  -0.001171 -0.096055 0.076850
32  1.215371 -0.000001 -0.000002  0.000000 -0.000000 0.262368
33  1.215374 0.000001 -0.000005  -0.000000 -0.000000 1.022660
34  4.220534 -0.244854 0.431461  0.000549 -0.026254 0.076832
35  1.350414 -0.000002 0.000003  0.000000 0.000000 0.948377
36  1.350411 -0.000002 0.000004  -0.000000 -0.000000 1.351265
37  4.262830 -0.232722 -1.392184  0.005215 0.078322 0.103834
38  2.110544 0.000000 0.000000  -0.163862 -0.000059 -0.242570
39  0.891930 2.373049 -0.014527  -3.141592 -0.000001 1.413797
40  7.228112 5.709445 3.726567  3.140796 -1.570796 0.000000
41  2.450432 5.076128 0.001325  3.139650 -1.570796 0.000000
42  6.312407 -4.528056 0.001311  3.140791 -1.570796 0.000000
43  2.233311 1.152534 -7.309138  -2.327227 -1.560398 0.254668
44  3.061500 2.842763 2.243589  0.000000 -0.000000 1.570796
time 55
0  1.637733 6.213383 37.927647  0.000000 -0.000000 -1.702674
1  0.078455 -0.285165 0.000004  -0.000031 -1.561426 -1.570772
2  -0.000010 0.000009 4.427393  -0.165096 3.132759 -0.022258
3  18.465942 0.000001 -0.000000  -0.000000 -0.000000 -0.496829
4  14.875443 -0.000000 0.000001  0.011713 0.009413 0.457494
5  0.000003 -0.000004 -4.427392  0.103812 3.087494 -0.413616
6  18.465944 -0.000002 -0.000000  0.000000 -0.000000 -0.527248
7  14.875443 0.000000 0.000000  -0.004416 -0.001663 0.111470
8  2.255203 -0.007573 0.019535  0.141130 -0.042696 -0.002083
9  9.514221 -0.009357 -0.000000  -0.010092 0.006908 -0.073193
10  11.752185 -0.001498 0.000000  0.097974 0.008077 0.509859
11  -1.959443 1.250325 2.524728  0.475700 -1.318016 2.164578
12  4.640937 0.000001 -0.000008  -0.075144 0.975707 -0.408168
13  10.828058 -0.000000 -0.000009  0.044502 0.115782 -0.533775
14  9.393341 -0.000005 0.000010  1.987940 -0.126642 -0.092635
15  1.442238 0.107456 -1.746179  1.686435 0.539209 0.325885
16  1.063447 0.000002 0.000006  0.000000 -0.000000 0.199056
17  1.376307 -0.000004 0.000003  -0.000000 -0.000000 0.199049
18  4.172846 -0.251372 -1.312748  0.008050 0.095731 0.148659
19  1.215373 0.000000 0.000003  0.000000 0.000000 0.645758
20  1.215373 -0.000003 0.000002  -0.000000 -0.000000 0.645758
21  4.220533 -0.244859 -0.431466  0.001333 0.026242 0.148339
22  1.350414 0.000002 0.000002  0.000000 -0.000000 0.863926
23  1.350405 -0.000002 -0.000002  0.000000 -0.000000 0.863926
24  -1.916471 0.734697 -2.747384  -0.852006 1.383171 1.798096
25  4.640934 -0.000003 -0.000014  0.803881 -0.600975 -0.971139
26  10.828050 0.000003 0.000015  0.403047 -1.176405 -0.632069
27  9.393347 0.000011 0.000000  1.030047 -0.110183 0.026866
28  1.442244 0.107456 1.746171  -1.848326 -0.508168 0.550930
29  1.063451 -0.000005 -0.000001  0.000000 -0.000000 0.304173
30  1.376308 -0.000000 0.000002  -0.000000 0.000000 0.583553
31  4.172845 -0.251364 1.312735  -0.002250 -0.096043 0.088110
32  1.215373 -0.000000 0.000001  0.000000 -0.000000 0.322550
33  1.215372 0.000000 -0.000005  -0.000000 -0.000000 0.963486
34  4.220531 -0.244853 0.431458  0.000249 -0.026266 0.088042
35  1.350414 -0.000003 0.000004  0.000000 0.000000 0.935115
36  1.350413 -0.000003 0.000002  -0.000000 -0.000000 1.274788
37  4.262826 -0.232720 -1.392184  0.007048 0.078178 0.127395
38  2.110538 -0.000004 -0.000000  -0.135069 -0.001172 -0.227879
39  0.891936 2.373045 -0.014527  -3.141592 -0.000001 1.413797
40  7.228119 5.709445 3.726568  3.140796 -1.570796 0.000000
41  2.450432 5.076128 0.001325  3.140177 -1.570796 0.000000
42  6.312407 -4.528057 0.001311  3.140791 -1.570796 0.000000
43  2.233305 1.152536 -7.309136  -2.146320 -1.560282 0.068455
44  3.061500 2.842763 2.243589  0.000000 -0.000000 1.570796
time 56
0  1.665077 6.302303 38.006432  0.000000 -0.000000 -1.702482
1  0.097985 -0.253914 0.000008  -0.000031 -1.563280 -1.570772
2  -0.000008 0.000008 4.427392  -0.165288 3.132096 -0.018065
3  18.465942 0.000001 0.000000  -0.000000 -0.000000 -0.481623
4  14.875444 0.000002 0.000001  0.012104 0.011180 0.446828
5  0.000005 -0.000004 -4.427393  0.104674 3.088928 -0.404445
6  18.465944 -0.000002 -0.000001  0.000000 -0.000000 -0.503159
7  14.875442 0.000000 -0.000000  -0.004416 -0.000390 0.096388
8  2.255206 -0.007575 0.015628  0.137501 -0.037747 -0.002083
9  9.514223 -0.009357 -0.000000  -0.009867 0.006088 -0.077782
10  11.752187 -0.001496 -0.000000  0.079158 0.015519 0.496643
11  -1.990697 1.176107 2.536447  0.507903 -1.333905 2.144473
12  4.640937 0.000001 0.000006  -0.083802 1.036460 -0.420517
13  10.828051 0.000001 -0.000010  0.058225 0.077129 -0.582469
14  9.393342 -0.000007 0.000010  1.967903 -0.091404 -0.052358
15  1.442240 0.107451 -1.746175  1.686435 0.539209 0.325885
16  1.063445 0.000000 -0.000001  0.000000 0.000000 0.199056
17  1.376304 -0.000003 0.000005  -0.000000 -0.000000 0.199049
18  4.172849 -0.251376 -1.312747  0.008050 0.095731 0.148659
19  1.215372 -0.000000 0.000002  -0.000000 0.000000 0.645758
20  1.215373 -0.000005 0.000001  0.000000 -0.000000 0.645758
21  4.220534 -0.244863 -0.431463  0.001333 0.026242 0.148339
22  1.350417 0.000002 0.000003  -0.000000 0.000000 0.863926
23  1.350408 0.000001 -0.000002  0.000000 0.000000 0.863926
24  -1.912565 0.758137 -2.747383  -0.858764 1.399089 1.801600
25  4.640934 -0.000004 -0.000019  0.816960 -0.585487 -0.984474
26  10.828051 0.000003 0.000013  0.392482 -1.196014 -0.604400
27  9.393345 0.000013 0.000000  1.035934 -0.113302 0.033624
28  1.442246 0.107454 1.746180  -1.816960 -0.516876 0.506799
29  1.063451 -0.000000 0.000001  0.000000 0.000000 0.283152
30  1.376308 -0.000001 0.000001  -0.000000 -0.000000 0.506667
31  4.172848 -0.251366 1.312742  -0.003412 -0.096007 0.100212
32  1.215376 -0.000001 -0.000003  -0.000000 -0.000000 0.387181
33  1.215371 0.000000 -0.000005  0.000000 0.000000 0.899946
34  4.220534 -0.244855 0.431466  -0.000062 -0.026266 0.100094
35  1.350413 -0.000000 -0.000004  0.000000 0.000000 0.920888
36  1.350414 -0.000002 0.000001  0.000000 -0.000000 1.192587
37  4.262831 -0.232721 -1.392179  0.009026 0.077975 0.152668
38  2.110535 0.000001 -0.000000  -0.107562 -0.002555 -0.213282
39  0.891933 2.373051 -0.014527  -3.141592 -0.000001 1.413797
40  7.228124 5.709446 3.726568  3.140796 -1.570796 0.000000
41  2.450427 5.076127 0.001325  3.140264 -1.570796 0.000000
42  6.312407 -4.528057 0.001311  3.140791 -1.570796 0.000000
43  2.233301 1.152535 -7.309137  -1.914018 -1.559146 -0.167929
44  3.061500 2.842763 2.243589  0.000000 -0.000000 1.570796
time 57
0  1.692422 6.382332 38.085217  0.000000 -0.000000 -1.702290
1  0.117517 -0.222663 0.000008  -0.000031 -1.565177 -1.570772
2  -0.000003 0.000009 4.427394  -0.166533 3.131717 -0.013585
3  18.465940 0.000000 -0.000000  -0.000000 0.000000 -0.465978
4  14.875441 -0.000001 0.000001  0.013526 0.012755 0.435965
5  0.000006 -0.000003 -4.427393  0.105153 3.090459 -0.394805
6  18.465940 -0.000001 -0.000000  -0.000000 0.000000 -0.478086
7  14.875443 0.000000 -0.000001  -0.003925 0.000974 0.080818
8  2.255211 -0.007574 0.007816  0.133915 -0.032818 -0.002116
9  9.514220 -0.009356 -0.000000  -0.009604 0.005268 -0.082372
10  11.752186 -0.001496 0.000000  0.060175 0.022710 0.483269
11  -2.021955 1.097984 2.544260  0.543822 -1.349392 2.120826
12  4.640937 0.000001 0.000005  -0.101570 1.096087 -0.441129
13  10.828052 -0.000001 -0.000008  0.068185 0.038476 -0.631163
14  9.393336 -0.000007 0.000010  1.953471 -0.055386 -0.012623
15  1.442242 0.107452 -1.746177  1.686435 0.539209 0.325885
16  1.063447 0.000002 0.000002  0.000000 -0.000000 0.199056
17  1.376306 -0.000003 -0.000002  -0.000000 0.000000 0.199049
18  4.172850 -0.251374 -1.312747  0.008050 0.095731 0.148659
19  1.215375 -0.000001 0.000001  -0.000000 -0.000000 0.645758
20  1.215373 -0.000005 0.000002  -0.000000 -0.000000 0.645758
21  4.220535 -0.244861 -0.431464  0.001333 0.026242 0.148339
22  1.350418 0.000000 0.000001  -0.000000 -0.000000 0.863926
23  1.350407 -0.000006 -0.000002  -0.000000 0.000000 0.863926
24  -1.904757 0.785484 -2.743477  -0.858764 1.417397 1.811941
25  4.640933 -0.000003 -0.000019  0.827236 -0.572987 -0.994945
26  10.828048 -0.000003 0.000015  0.384005 -1.211747 -0.582199
27  9.393344 0.000010 0.000001  1.040627 -0.115804 0.039049
28  1.442247 0.107455 1.746171  -1.783866 -0.524629 0.460608
29  1.063452 -0.000008 -0.000001  -0.000000 -0.000000 0.261400
30  1.376308 -0.000002 0.000001  -0.000000 -0.000000 0.427093
31  4.172847 -0.251365 1.312736  -0.004611 -0.095959 0.112755
32  1.215373 -0.000001 -0.000007  -0.000000 -0.000000 0.454036
33  1.215373 0.000001 -0.000005  0.000000 -0.000000 0.834182
34  4.220534 -0.244854 0.431458  -0.000398 -0.026266 0.112585
35  1.350413 -0.000002 -0.000001  0.000000 0.000000 0.906157
36  1.350412 -0.000002 0.000001  0.000000 0.000000 1.107619
37  4.262829 -0.232720 -1.392183  0.011051 0.077711 0.178816
38  2.110532 0.000003 -0.000000  -0.080980 -0.004239 -0.198685
39  0.891935 2.373047 -0.014527  -3.141592 -0.000001 1.413797
40  7.228123 5.709446 3.726568  3.140796 -1.570796 0.000000
41  2.450428 5.076127 0.001325  3.140264 -1.570796 0.000000
42  6.312405 -4.528057 0.001311  3.140791 -1.570796 0.000000
43  2.233308 1.152535 -7.309138  -1.455461 -1.547030 -0.620590
44  3.061500 2.842763 2.243589  0.000000 -0.000000 1.570796
time 58
0  1.719766 6.462361 38.163998  0.000000 -0.000000 -1.702098
1  0.133144 -0.191412 0.000000  -0.000031 -1.567059 -1.570772
2  -0.000002 0.000009 4.427393  -0.167875 3.131244 -0.009010
3  18.465942 0.000001 -0.000000  -0.000000 -0.000000 -0.449967
4  14.875442 0.000001 0.000001  0.015126 0.014308 0.424904
5  0.000005 -0.000004 -4.427393  0.105441 3.092085 -0.384698
6  18.465944 -0.000004 -0.000001  0.000000 -0.000000 -0.451635
7  14.875442 0.000000 0.000000  -0.003328 0.002369 0.064461
8  2.255204 -0.007574 0.003909  0.130033 -0.027712 -0.001884
9  9.514217 -0.009357 -0.000000  -0.009342 0.004328 -0.086896
10  11.752188 -0.001496 0.000000  0.040424 0.029913 0.469146
11  -2.053198 1.019852 2.552074  0.587649 -1.365206 2.089808
12  4.640937 0.000001 0.000008  -0.125435 1.147294 -0.466922
13  10.828049 -0.000000 -0.000009  0.074792 0.004758 -0.673640
14  9.393342 -0.000005 0.000009  1.944742 -0.023465 0.021711
15  1.442243 0.107457 -1.746180  1.686435 0.539209 0.325885
16  1.063446 0.000002 0.000007  0.000000 -0.000000 0.199056
17  1.376305 -0.000003 -0.000001  -0.000000 0.000000 0.199049
18  4.172846 -0.251366 -1.312747  0.008050 0.095731 0.148659
19  1.215373 0.000001 0.000002  -0.000000 0.000000 0.645758
20  1.215374 -0.000004 0.000003  -0.000000 -0.000000 0.645758
21  4.220532 -0.244854 -0.431466  0.001333 0.026242 0.148339
22  1.350415 0.000002 -0.000002  0.000000 0.000000 0.863926
23  1.350409 -0.000003 -0.000001  0.000000 0.000000 0.863926
24  -1.896940 0.808921 -2.739569  -0.863577 1.435342 1.818437
25  4.640934 -0.000003 -0.000013  0.834680 -0.563747 -1.002527
26  10.828048 -0.000005 0.000015  0.377765 -1.223328 -0.565858
27  9.393343 0.000009 0.000002  1.044065 -0.117646 0.043044
28  1.442243 0.107453 1.746177  -1.750228 -0.530978 0.413902
29  1.063451 -0.000001 0.000001  -0.000000 0.000000 0.239647
30  1.376309 0.000002 -0.000001  -0.000000 0.000000 0.347541
31  4.172845 -0.251366 1.312742  -0.005809 -0.095887 0.125297
32  1.215372 -0.000001 0.000004  0.000000 0.000000 0.520933
33  1.215372 0.000001 -0.000002  -0.000000 -0.000000 0.768460
34  4.220533 -0.244855 0.431464  -0.000722 -0.026254 0.125037
35  1.350414 -0.000001 -0.000011  0.000000 0.000000 0.891427
36  1.350414 -0.000002 0.000006  0.000000 -0.000000 1.022603
37  4.262828 -0.232721 -1.392178  0.013077 0.077399 0.204965
38  2.110534 -0.000001 0.000000  -0.053370 -0.006073 -0.183759
39  0.891934 2.373046 -0.014527  -3.141592 -0.000001 1.413797
40  7.228123 5.709446 3.726568  3.140796 -1.570796 0.000000
41  2.450423 5.076128 0.001325  3.140264 -1.570796 0.000000
42  6.312404 -4.528057 0.001311  3.140791 -1.570796 0.000000
43  2.233310 1.152535 -7.309138  -1.291136 -1.548428 -0.694502
44  3.061500 2.842763 2.243589  0.000000 -0.000000 1.570796
time 59
0  1.751017 6.542389 38.242783  0.000000 -0.000000 -1.701907
1  0.148769 -0.160161 0.000000  -0.000033 -1.568913 -1.570820
2  -0.000002 0.000009 4.427393  -0.169312 3.130770 -0.004244
3  18.465939 0.000001 0.000000  -0.000000 0.000000 -0.433518
4  14.875442 0.000001 0.000001  0.016832 0.015883 0.413606
5  0.000008 -0.000004 -4.427393  0.105729 3.093903 -0.373842
6  18.465946 -0.000004 -0.000001  0.000000 -0.000000 -0.423805
7  14.875441 -0.000000 0.000000  -0.002696 0.003793 0.047315
8  2.255209 -0.007574 0.000003  0.126025 -0.022547 -0.001586
9  9.514228 -0.009356 -0.000000  -0.009042 0.003333 -0.091399
10  11.752182 -0.001497 0.000000  0.020266 0.036936 0.454589
11  -2.084450 0.941726 2.555978  0.639099 -1.380718 2.051514
12  4.640938 0.000003 0.000003  -0.148285 1.182998 -0.490878
13  10.828059 0.000001 -0.000009  0.078456 -0.019092 -0.703686
14  9.393337 -0.000009 0.000012  1.940624 -0.000670 0.045868
15  1.442244 0.107452 -1.746183  1.686435 0.539209 0.325885
16  1.063448 -0.000000 0.000000  0.000000 -0.000000 0.199056
17  1.376309 -0.000003 0.000001  -0.000000 0.000000 0.199049
18  4.172848 -0.251370 -1.312749  0.008050 0.095731 0.148659
19  1.215370 -0.000001 0.000002  -0.000000 0.000000 0.645758
20  1.215372 -0.000007 0.000002  -0.000000 0.000000 0.645758
21  4.220534 -0.244856 -0.431466  0.001333 0.026242 0.148339
22  1.350420 -0.000004 -0.000001  -0.000000 -0.000000 0.863926
23  1.350409 -0.000002 -0.000003  -0.000000 0.000000 0.863926
24  -1.893027 0.836264 -2.735663  -0.886071 1.450775 1.808010
25  4.640933 -0.000003 -0.000014  0.839227 -0.558025 -1.007157
26  10.828043 -0.000008 0.000013  0.373911 -1.230480 -0.555767
27  9.393345 0.000007 0.000000  1.046180 -0.118784 0.045511
28  1.442245 0.107454 1.746172  -1.717316 -0.535865 0.368433
29  1.063451 -0.000006 0.000001  -0.000000 -0.000000 0.218627
30  1.376309 0.000002 0.000000  -0.000000 0.000000 0.270656
31  4.172848 -0.251366 1.312736  -0.006972 -0.095815 0.137399
32  1.215375 -0.000001 -0.000001  -0.000000 -0.000000 0.585564
33  1.215373 0.000001 -0.000004  -0.000000 -0.000000 0.704921
34  4.220534 -0.244854 0.431457  -0.001033 -0.026242 0.137128
35  1.350415 -0.000000 -0.000003  0.000000 0.000000 0.877157
36  1.350410 -0.000003 0.000001  0.000000 0.000000 0.940401
37  4.262828 -0.232721 -1.392183  0.015030 0.077040 0.230237
38  2.110543 -0.000001 -0.000000  -0.025348 -0.008148 -0.168738
39  0.891924 2.373050 -0.014527  -3.141592 -0.000001 1.413797
40  7.228120 5.709446 3.726568  3.140796 -1.570796 0.000000
41  2.450428 5.076128 0.001325  3.140440 -1.570796 0.000000
42  6.312412 -4.528057 0.001311  3.140791 -1.570796 0.000000
43  2.233311 1.152534 -7.309138  -1.256813 -1.539516 -0.736052
44  3.061500 2.842763 2.243589  0.000000 -0.000000 1.570796
time 60
0  1.778362 6.613526 38.321568  0.000000 -0.000000 -1.701715
1  0.164395 -0.125004 0.000004  -1.570795 -1.570451 -0.000000
2  -0.000006 0.000009 4.427393  -0.170749 3.130202 0.000903
3  18.465944 0.000001 0.000000  -0.000000 -0.000000 -0.416557
4  14.875442 -0.000001 0.000001  0.018467 0.017437 0.402071
5  0.000005 -0.000005 -4.427392  0.106016 3.095625 -0.362237
6  18.465942 -0.000000 -0.000001  -0.000000 0.000000 -0.394334
7  14.875443 -0.000000 -0.000000  -0.002065 0.005218 0.029344
8  2.255206 -0.007574 0.000003  0.122101 -0.017401 -0.001322
9  9.514215 -0.009356 -0.000000  -0.008779 0.002352 -0.095902
10  11.752185 -0.001497 0.000000  0.000024 0.043599 0.440031
11  -2.111790 0.863599 2.563791  0.697218 -1.395374 2.006326
12  4.640937 0.000001 0.000003  -0.158619 1.196395 -0.501586
13  10.828053 -0.000002 -0.000007  0.079586 -0.028138 -0.715082
14  9.393337 -0.000014 0.000014  1.939538 0.008013 0.055012
15  1.442243 0.107456 -1.746180  1.686435 0.539209 0.325885
16  1.063447 -0.000000 0.000003  0.000000 0.000000 0.199056
17  1.376306 -0.000002 0.000005  -0.000000 0.000000 0.199049
18  4.172847 -0.251367 -1.312746  0.008050 0.095731 0.148659
19  1.215370 0.000005 0.000002  -0.000000 -0.000000 0.645758
20  1.215372 -0.000005 0.000002  -0.000000 0.000000 0.645758
21  4.220534 -0.244857 -0.431464  0.001333 0.026242 0.148339
22  1.350417 -0.000003 -0.000002  0.000000 -0.000000 0.863926
23  1.350407 -0.000002 -0.000006  0.000000 0.000000 0.863926
24  -1.885214 0.863608 -2.731757  -0.942445 1.461427 1.764337
25  4.640932 -0.000002 -0.000021  0.840773 -0.556066 -1.008731
26  10.828046 -0.000004 0.000013  0.372594 -1.232925 -0.552316
27  9.393343 0.000007 -0.000000  1.046902 -0.119173 0.046355
28  1.442246 0.107455 1.746175  -1.686405 -0.539236 0.325898
29  1.063451 -0.000004 0.000002  -0.000000 0.000000 0.199056
30  1.376309 -0.000003 0.000002  -0.000000 0.000000 0.199059
31  4.172847 -0.251365 1.312741  -0.008050 -0.095731 0.148659
32  1.215375 -0.000001 0.000003  0.000000 -0.000000 0.645746
33  1.215374 0.000001 -0.000007  0.000000 -0.000000 0.645746
34  4.220534 -0.244853 0.431464  -0.001333 -0.026242 0.148339
35  1.350414 -0.000001 -0.000004  0.000000 0.000000 0.863937
36  1.350414 -0.000002 -0.000000  -0.000000 -0.000000 0.863925
37  4.262830 -0.232721 -1.392179  0.016840 0.076668 0.253759
38  2.110545 -0.000001 -0.000000  0.002417 -0.010493 -0.153718
39  0.891929 2.373048 -0.014527  -3.141592 -0.000001 1.413797
40  7.228123 5.709445 3.726568  3.140796 -1.570796 0.000000
41  2.450423 5.076127 0.001325  3.140791 -1.570796 0.000000
42  6.312399 -4.528055 0.001311  3.140791 -1.570796 0.000000
43  2.233306 1.152535 -7.309138  -1.385284 -1.554282 -0.631026
44  3.061500 2.842763 2.243589  0.000000 -0.000000 1.570796
end
