version 1
nodes
0 "Bip01" -1
1 "Bip01 Pelvis" 0
2 "Bip01 L Thigh" 1
3 "Bip01 L Calf" 2
4 "Bip01 L Foot" 3
5 "Bip01 R Thigh" 1
6 "Bip01 R Calf" 5
7 "Bip01 R Foot" 6
8 "Bip01 Spine" 1
9 "Bip01 Spine1" 8
10 "Bip01 Neck" 9
11 "Bip01 L Clavicle" 10
12 "Bip01 L UpperArm" 11
13 "Bip01 L Forearm" 12
14 "Bip01 L Hand" 13
15 "Bip01 L Finger0" 14
16 "Bip01 L Finger01" 15
17 "Bip01 L Finger02" 16
18 "Bip01 L Finger1" 14
19 "Bip01 L Finger11" 18
20 "Bip01 L Finger12" 19
21 "Bip01 L Finger2" 14
22 "Bip01 L Finger21" 21
23 "Bip01 L Finger22" 22
24 "Bip01 R Clavicle" 10
25 "Bip01 R UpperArm" 24
26 "Bip01 R Forearm" 25
27 "Bip01 R Hand" 26
28 "Bip01 R Finger0" 27
29 "Bip01 R Finger01" 28
30 "Bip01 R Finger02" 29
31 "Bip01 R Finger1" 27
32 "Bip01 R Finger11" 31
33 "Bip01 R Finger12" 32
34 "Bip01 R Finger2" 27
35 "Bip01 R Finger21" 34
36 "Bip01 R Finger22" 35
37 "Bip01 R Finger4" 27
38 "Bip01 Head" 10
39 "Bone05" 38
40 "Bone08" 9
41 "Bone16" 8
42 "Bone01" 8
43 "Bone03" 1
44 "Box01" -1
end
skeleton
time 0
0  1.727579 6.791367 38.463379  0.000000 -0.000000 -1.701715
1  0.164395 -0.125004 0.000008  -1.570795 -1.570451 -0.000000
2  -0.000000 0.000008 4.427392  -0.170749 3.130202 0.000903
3  18.465939 -0.000000 -0.000000  -0.000000 -0.000000 -0.416557
4  14.875444 0.000000 0.000000  0.018467 0.017437 0.402071
5  0.000007 -0.000003 -4.427393  0.106016 3.095625 -0.362237
6  18.465939 -0.000000 0.000001  0.000000 0.000000 -0.394334
7  14.875444 -0.000000 -0.000000  -0.220117 0.005218 0.029344
8  2.255208 -0.007574 0.000003  0.122101 -0.017401 -0.001322
9  9.514218 -0.009356 -0.000000  -0.008779 0.002352 -0.095902
10  11.752189 -0.001496 0.000000  0.000024 0.043599 0.440031
11  -2.111784 0.863596 2.563793  0.697216 -1.395374 2.006326
12  4.640937 0.000000 0.000007  0.003415 1.230669 -0.279848
13  10.828056 -0.000002 -0.000006  -0.006218 -0.069509 -0.643807
14  9.393338 -0.000006 0.000010  1.939538 0.008013 0.055012
15  1.442241 0.107451 -1.746178  1.686435 0.539209 0.325885
16  1.063445 0.000001 0.000001  0.000000 -0.000000 0.199056
17  1.376308 -0.000000 0.000006  -0.000000 -0.000000 0.199049
18  4.172848 -0.251369 -1.312745  0.008050 0.095731 0.148659
19  1.215368 0.000005 0.000000  -0.000000 -0.000000 0.645758
20  1.215372 0.000000 0.000002  -0.000000 -0.000000 0.645758
21  4.220534 -0.244856 -0.431467  0.001333 0.026242 0.148339
22  1.350421 0.000002 0.000001  0.000000 -0.000000 0.863926
23  1.350410 0.000003 -0.000003  0.000000 0.000000 0.863926
24  -1.885216 0.863608 -2.731759  -0.942448 1.461427 1.764337
25  4.640937 -0.000003 -0.000014  0.840773 -0.556066 -1.008731
26  10.828048 0.000005 0.000008  0.372594 -1.232925 -0.552316
27  9.393347 0.000003 0.000001  1.046902 -0.119173 0.046355
28  1.442243 0.107455 1.746174  -1.686405 -0.539236 0.325898
29  1.063451 0.000007 -0.000000  0.000000 -0.000000 0.199056
30  1.376308 -0.000003 -0.000000  0.000000 -0.000000 0.199059
31  4.172844 -0.251363 1.312741  -0.008050 -0.095731 0.148659
32  1.215374 0.000002 -0.000002  0.000000 -0.000000 0.645746
33  1.215371 -0.000001 0.000003  0.000000 -0.000000 0.645746
34  4.220533 -0.244850 0.431460  -0.001333 -0.026242 0.148339
35  1.350416 0.000000 0.000002  0.000000 -0.000000 0.863937
36  1.350410 -0.000002 -0.000005  -0.000000 -0.000000 0.863925
37  4.262824 -0.232719 -1.392179  0.016840 0.076668 0.253759
38  2.110544 -0.000004 -0.000000  0.002417 -0.010493 -0.153718
39  0.891930 2.373051 -0.014527  -3.141592 -0.000001 1.413797
40  7.228119 5.709445 3.726568  3.140796 -1.570796 0.000000
41  2.450430 5.076127 0.001325  3.140791 -1.570796 0.000000
42  6.312410 -4.528057 0.001311  -3.124942 -1.570796 0.000000
43  2.233305 1.152535 -7.309138  -1.140139 -1.562088 -0.884449
44  3.061500 2.842763 2.243589  0.000000 -0.000000 1.570796
time 1
0  1.376006 5.866593 38.699730  0.006040 -0.000093 -1.720698
1  -0.077800 0.078127 0.000006  -0.000030 -1.546867 -1.570772
2  0.000001 0.000008 4.427392  -0.167875 3.094221 0.064764
3  18.465942 -0.000001 -0.000001  -0.000000 0.000000 -0.298416
4  14.875442 0.000000 0.000000  0.005100 0.014266 0.347951
5  0.000005 -0.000003 -4.427392  0.098061 3.070370 -0.345953
6  18.465946 -0.000004 0.000000  0.000000 -0.000000 -0.399913
7  14.875442 0.000000 0.000000  -0.240087 0.003642 0.051892
8  2.255213 -0.007574 0.050786  0.113452 -0.027162 0.016579
9  9.514229 -0.009355 0.000000  -0.019772 0.017942 -0.084991
10  11.752189 -0.001495 -0.000000  0.000072 0.081350 0.441057
11  -2.209453 0.863597 2.481758  0.392047 -1.370444 2.307894
12  4.640939 0.000001 0.000007  0.003415 1.230669 -0.279847
13  10.828060 -0.000001 -0.000005  -0.012689 -0.068373 -0.629895
14  9.393342 -0.000001 0.000008  1.939538 0.008013 0.055012
15  1.442242 0.107455 -1.746175  1.686435 0.539209 0.325885
16  1.063449 -0.000001 0.000003  -0.000000 0.000000 0.199056
17  1.376312 0.000000 0.000008  -0.000000 -0.000000 0.199049
18  4.172849 -0.251366 -1.312742  0.008050 0.095731 0.148659
19  1.215373 0.000000 -0.000002  0.000000 0.000000 0.645758
20  1.215370 0.000002 0.000002  -0.000000 -0.000000 0.645758
21  4.220532 -0.244850 -0.431463  0.001333 0.026242 0.148339
22  1.350416 0.000003 0.000002  0.000000 0.000000 0.863926
23  1.350410 0.000010 0.000001  0.000000 0.000000 0.863926
24  -1.779752 0.863612 -2.802072  -0.885429 1.514112 1.817069
25  4.640936 -0.000003 -0.000013  0.840773 -0.556066 -1.008731
26  10.828046 0.000004 0.000009  0.372594 -1.232925 -0.552316
27  9.393340 0.000003 0.000001  1.046902 -0.119173 0.046355
28  1.442245 0.107456 1.746169  -1.686405 -0.539236 0.325898
29  1.063451 -0.000005 -0.000000  -0.000000 -0.000000 0.199056
30  1.376308 -0.000004 0.000001  0.000000 0.000000 0.199059
31  4.172844 -0.251363 1.312740  -0.008050 -0.095731 0.148659
32  1.215373 -0.000001 0.000004  -0.000000 -0.000000 0.645746
33  1.215369 -0.000001 -0.000005  0.000000 -0.000000 0.645746
34  4.220535 -0.244850 0.431455  -0.001333 -0.026242 0.148339
35  1.350413 0.000002 -0.000003  -0.000000 0.000000 0.863937
36  1.350408 -0.000002 0.000001  -0.000000 0.000000 0.863925
37  4.262826 -0.232718 -1.392184  0.016840 0.076668 0.253759
38  2.110542 -0.000004 0.000000  0.001748 -0.082417 -0.176366
39  0.891922 2.373049 -0.014527  -3.141592 -0.000001 1.413797
40  7.228120 5.709446 3.726568  3.140796 -1.570796 0.000000
41  2.450441 5.076128 0.001325  3.140791 -1.570796 0.000000
42  6.312417 -4.528057 0.001311  -3.118614 -1.570796 0.000000
43  2.233308 1.152535 -7.309137  -1.143396 -1.581834 -0.876599
44  3.061500 2.842763 2.243589  0.000000 -0.000000 1.570796
time 2
0  1.032245 4.924035 38.936081  0.012943 -0.000093 -1.744668
1  -0.331715 0.187506 0.000005  -0.000030 -1.519935 -1.570772
2  -0.000010 0.000008 4.427393  -0.151683 3.044227 0.225179
3  18.465940 0.000002 -0.000000  0.000000 0.000000 -0.001965
4  14.875444 -0.000004 0.000000  -0.016160 0.004816 0.167973
5  0.000004 -0.000004 -4.427393  0.090011 3.043489 -0.329950
6  18.465942 -0.000001 0.000000  0.000000 -0.000000 -0.404705
7  14.875441 -0.000000 -0.000001  -0.264549 -0.000147 0.073915
8  2.255202 -0.007574 0.113288  0.103874 -0.046369 0.034248
9  9.514224 -0.009356 -0.000000  -0.031027 0.027310 -0.069513
10  11.752192 -0.001494 0.000000  0.000072 0.104660 0.440031
11  -2.264139 0.863596 2.427068  0.286671 -1.345464 2.412821
12  4.640939 0.000001 0.000008  0.003415 1.230668 -0.279847
13  10.828059 -0.000000 -0.000007  -0.028405 -0.065634 -0.596721
14  9.393335 -0.000007 0.000008  1.939538 0.008013 0.055012
15  1.442244 0.107451 -1.746176  1.686435 0.539209 0.325885
16  1.063450 -0.000000 0.000002  -0.000000 -0.000000 0.199056
17  1.376305 0.000000 0.000001  -0.000000 -0.000000 0.199049
18  4.172854 -0.251372 -1.312743  0.008050 0.095731 0.148659
19  1.215372 0.000005 -0.000000  -0.000000 -0.000000 0.645758
20  1.215370 -0.000002 0.000001  -0.000000 -0.000000 0.645758
21  4.220532 -0.244853 -0.431462  0.001333 0.026242 0.148339
22  1.350417 0.000002 0.000004  0.000000 0.000000 0.863926
23  1.350410 0.000003 -0.000004  0.000000 0.000000 0.863926
24  -1.717243 0.863607 -2.841136  -0.822579 1.544131 1.878175
25  4.640936 -0.000003 -0.000015  0.840773 -0.556066 -1.008731
26  10.828054 -0.000001 0.000012  0.372594 -1.232925 -0.552316
27  9.393339 0.000001 0.000002  1.046902 -0.119173 0.046355
28  1.442248 0.107454 1.746175  -1.686405 -0.539236 0.325898
29  1.063452 -0.000008 -0.000001  -0.000000 0.000000 0.199056
30  1.376308 0.000005 0.000000  0.000000 -0.000000 0.199059
31  4.172847 -0.251365 1.312745  -0.008050 -0.095731 0.148659
32  1.215371 -0.000000 -0.000003  0.000000 -0.000000 0.645746
33  1.215370 -0.000001 0.000000  0.000000 0.000000 0.645746
34  4.220535 -0.244851 0.431459  -0.001333 -0.026242 0.148339
35  1.350416 0.000001 -0.000001  -0.000000 -0.000000 0.863937
36  1.350406 -0.000001 -0.000003  -0.000000 0.000000 0.863925
37  4.262828 -0.232720 -1.392178  0.016840 0.076668 0.253759
38  2.110545 -0.000007 0.000000  0.011054 -0.126738 -0.215354
39  0.891935 2.373047 -0.014527  -3.141592 -0.000001 1.413797
40  7.228122 5.709447 3.726569  3.140796 -1.570796 0.000000
41  2.450434 5.076128 0.001325  3.140791 -1.570796 0.000000
42  6.312408 -4.528056 0.001311  -3.111725 -1.570796 0.000000
43  2.233298 1.152535 -7.309138  -1.141958 -1.624065 -0.873727
44  3.061500 2.842763 2.243589  0.000000 -0.000000 1.570796
time 3
0  0.684579 3.990369 39.156673  0.019367 -0.000000 -1.766144
1  -0.698912 0.062502 0.000006  -0.000030 -1.494497 -1.570772
2  -0.000002 0.000008 4.427392  -0.150246 3.052749 0.112421
3  18.465946 0.000001 0.000000  -0.000000 -0.000000 -0.232034
4  14.875443 -0.000003 0.000000  -0.040656 -0.012850 0.201393
5  0.000007 -0.000003 -4.427392  0.083877 3.024165 -0.312917
6  18.465940 -0.000002 0.000000  0.000000 -0.000000 -0.400504
7  14.875444 0.000000 -0.000001  -0.285116 -0.009666 0.088735
8  2.251301 -0.007574 0.167977  0.094465 -0.080050 0.056218
9  9.514219 -0.009356 -0.000000  -0.045208 0.022082 -0.036283
10  11.752192 -0.001495 -0.000000  -0.000024 0.096319 0.433838
11  -2.252426 0.851884 2.446599  0.497517 -1.340024 2.209286
12  4.640939 0.000000 0.000007  0.003415 1.230668 -0.279847
13  10.828055 -0.000001 -0.000007  -0.047816 -0.062290 -0.557126
14  9.393340 -0.000002 0.000010  1.939538 0.008013 0.055012
15  1.442239 0.107452 -1.746176  1.686435 0.539209 0.325885
16  1.063451 0.000000 -0.000000  -0.000000 -0.000000 0.199056
17  1.376315 0.000002 0.000006  0.000000 -0.000000 0.199049
18  4.172845 -0.251369 -1.312743  0.008050 0.095731 0.148659
19  1.215372 -0.000000 -0.000000  0.000000 -0.000000 0.645758
20  1.215370 0.000003 -0.000000  0.000000 -0.000000 0.645758
21  4.220530 -0.244854 -0.431461  0.001333 0.026242 0.148339
22  1.350416 0.000001 0.000003  -0.000000 -0.000000 0.863926
23  1.350410 -0.000002 -0.000004  0.000000 0.000000 0.863926
24  -1.744587 0.851891 -2.829417  -1.066308 1.522282 1.643149
25  4.640937 -0.000003 -0.000018  0.840773 -0.556066 -1.008731
26  10.828045 0.000003 0.000012  0.372594 -1.232925 -0.552316
27  9.393344 0.000007 0.000000  1.046902 -0.119173 0.046355
28  1.442250 0.107453 1.746173  -1.686405 -0.539236 0.325898
29  1.063451 -0.000005 -0.000000  -0.000000 0.000000 0.199056
30  1.376308 0.000000 0.000001  0.000000 0.000000 0.199059
31  4.172848 -0.251365 1.312742  -0.008050 -0.095731 0.148659
32  1.215374 0.000001 -0.000003  0.000000 0.000000 0.645746
33  1.215372 -0.000001 -0.000009  0.000000 0.000000 0.645746
34  4.220535 -0.244853 0.431466  -0.001333 -0.026242 0.148339
35  1.350415 -0.000001 0.000002  -0.000000 -0.000000 0.863937
36  1.350409 0.000002 -0.000006  -0.000000 0.000000 0.863925
37  4.262832 -0.232720 -1.392182  0.016840 0.076668 0.253759
38  2.110537 0.000001 -0.000001  0.038819 -0.106772 -0.305054
39  0.891927 2.373049 -0.014527  -3.141592 -0.000001 1.413797
40  7.228122 5.709446 3.726568  3.140796 -1.570796 0.000000
41  2.450432 5.076128 0.001325  3.140791 -1.570796 0.000000
42  6.312407 -4.528056 0.001311  -3.104428 -1.570796 0.000000
43  2.233301 1.152535 -7.309137  -1.141766 -1.643462 -0.868461
44  3.061500 2.842763 2.243589  0.000000 -0.000000 1.570796
time 4
0  0.336912 3.092271 39.361511  0.024256 -0.000000 -1.777553
1  -1.081737 -0.144536 0.000005  -0.000030 -1.475067 -1.570772
2  -0.000005 0.000008 4.427392  -0.154270 3.076515 -0.048661
3  18.465942 -0.000000 0.000000  -0.000000 0.000000 -0.552244
4  14.875443 -0.000001 0.000000  -0.058396 -0.034602 0.272658
5  0.000011 -0.000004 -4.427393  0.081001 3.012973 -0.290924
6  18.465942 -0.000002 -0.000000  0.000000 -0.000000 -0.386195
7  14.875443 0.000000 0.000000  -0.295118 -0.019761 0.098114
8  2.247396 -0.007574 0.214853  0.083875 -0.113358 0.078320
9  9.514221 -0.009356 -0.000000  -0.060178 0.011787 0.001277
10  11.752197 -0.001494 -0.000000  -0.000036 0.075130 0.425829
11  -2.205544 0.832346 2.493477  0.800971 -1.324085 1.916143
12  4.640939 0.000001 0.000012  0.003415 1.230669 -0.279848
13  10.828048 -0.000001 -0.000006  -0.065371 -0.059342 -0.523953
14  9.393335 -0.000004 0.000009  1.939538 0.008013 0.055012
15  1.442242 0.107453 -1.746177  1.686435 0.539209 0.325885
16  1.063451 0.000001 0.000002  -0.000000 -0.000000 0.199056
17  1.376312 0.000000 0.000004  -0.000000 -0.000000 0.199049
18  4.172853 -0.251369 -1.312747  0.008050 0.095731 0.148659
19  1.215370 0.000003 -0.000001  0.000000 -0.000000 0.645758
20  1.215373 -0.000002 0.000000  -0.000000 -0.000000 0.645758
21  4.220530 -0.244851 -0.431464  0.001333 0.026242 0.148339
22  1.350415 0.000003 0.000003  0.000000 -0.000000 0.863926
23  1.350410 0.000001 -0.000003  0.000000 0.000000 0.863926
24  -1.810999 0.836266 -2.790354  -1.140360 1.479039 1.580845
25  4.640935 -0.000004 -0.000012  0.840773 -0.556066 -1.008731
26  10.828052 0.000003 0.000006  0.372594 -1.232925 -0.552316
27  9.393346 0.000002 0.000001  1.046902 -0.119173 0.046355
28  1.442249 0.107453 1.746173  -1.686405 -0.539236 0.325898
29  1.063451 -0.000003 -0.000001  -0.000000 0.000000 0.199056
30  1.376308 0.000000 0.000001  0.000000 -0.000000 0.199059
31  4.172850 -0.251365 1.312740  -0.008050 -0.095731 0.148659
32  1.215372 -0.000001 0.000001  0.000000 -0.000000 0.645746
33  1.215371 0.000001 -0.000006  0.000000 0.000000 0.645746
34  4.220537 -0.244853 0.431463  -0.001333 -0.026242 0.148339
35  1.350410 0.000001 0.000005  -0.000000 -0.000000 0.863937
36  1.350407 -0.000003 -0.000006  0.000000 0.000000 0.863925
37  4.262832 -0.232720 -1.392186  0.016840 0.076668 0.253759
38  2.110543 -0.000002 0.000000  0.065092 -0.058963 -0.406525
39  0.891923 2.373049 -0.014527  -3.141592 -0.000001 1.413797
40  7.228122 5.709446 3.726568  3.140796 -1.570796 0.000000
41  2.450436 5.076127 0.001325  3.140791 -1.570796 0.000000
42  6.312405 -4.528056 0.001311  -3.096774 -1.570796 0.000000
43  2.233299 1.152535 -7.309139  -1.148669 -1.640608 -0.845771
44  3.061500 2.842763 2.243589  0.000000 -0.000000 1.570796
time 5
0  -0.014662 2.256418 39.566353  0.026078 -0.000000 -1.771417
1  -1.234085 -0.285165 0.000005  -0.000030 -1.466142 -1.570772
2  0.000002 0.000008 4.427394  -0.169025 3.096210 -0.159607
3  18.465940 0.000000 -0.000001  0.000000 -0.000000 -0.736109
4  14.875443 -0.000001 -0.000000  -0.053099 -0.041435 0.307539
5  0.000009 -0.000003 -4.427393  0.083302 3.011538 -0.257046
6  18.465942 -0.000001 0.000000  0.000000 -0.000000 -0.364010
7  14.875443 0.000000 -0.000000  -0.288099 -0.025945 0.110420
8  2.247398 -0.007575 0.234386  0.068939 -0.131720 0.086758
9  9.514212 -0.009356 -0.000000  -0.069670 0.003548 0.017297
10  11.752194 -0.001495 0.000000  0.000036 0.051856 0.419359
11  -2.150857 0.820629 2.544262  1.006672 -1.306130 1.719597
12  4.640938 0.000002 0.000013  0.003415 1.230669 -0.279847
13  10.828054 -0.000002 -0.000007  -0.075522 -0.057791 -0.510041
14  9.393340 -0.000002 0.000007  1.939538 0.008013 0.055012
15  1.442239 0.107456 -1.746175  1.686435 0.539209 0.325885
16  1.063452 0.000002 0.000003  -0.000000 -0.000000 0.199056
17  1.376310 -0.000000 0.000006  0.000000 -0.000000 0.199049
18  4.172848 -0.251367 -1.312744  0.008050 0.095731 0.148659
19  1.215370 -0.000000 -0.000001  0.000000 -0.000000 0.645758
20  1.215371 -0.000004 -0.000001  -0.000000 0.000000 0.645758
21  4.220536 -0.244852 -0.431465  0.001333 0.026242 0.148339
22  1.350418 0.000001 0.000003  0.000000 -0.000000 0.863926
23  1.350409 0.000003 -0.000000  0.000000 0.000000 0.863926
24  -1.881314 0.820640 -2.747383  -1.124252 1.440849 1.605630
25  4.640935 -0.000002 -0.000017  0.840773 -0.556066 -1.008731
26  10.828042 0.000002 0.000015  0.372594 -1.232925 -0.552316
27  9.393341 -0.000001 0.000001  1.046902 -0.119173 0.046355
28  1.442245 0.107454 1.746182  -1.686405 -0.539236 0.325898
29  1.063451 0.000001 0.000000  -0.000000 0.000000 0.199056
30  1.376307 -0.000004 -0.000002  0.000000 -0.000000 0.199059
31  4.172847 -0.251364 1.312747  -0.008050 -0.095731 0.148659
32  1.215371 0.000000 -0.000001  0.000000 -0.000000 0.645746
33  1.215366 0.000001 0.000003  0.000000 -0.000000 0.645746
34  4.220534 -0.244851 0.431471  -0.001333 -0.026242 0.148339
35  1.350415 0.000001 -0.000006  -0.000000 -0.000000 0.863937
36  1.350408 -0.000004 -0.000007  0.000000 0.000000 0.863925
37  4.262827 -0.232719 -1.392171  0.016840 0.076668 0.253759
38  2.110542 -0.000001 0.000000  0.081288 -0.016146 -0.456390
39  0.891936 2.373049 -0.014526  -3.141592 -0.000001 1.413797
40  7.228119 5.709446 3.726568  3.140796 -1.570796 0.000000
41  2.450427 5.076128 0.001325  3.140791 -1.570796 0.000000
42  6.312403 -4.528057 0.001311  -3.088966 -1.570796 0.000000
43  2.233308 1.152535 -7.309137  -1.151162 -1.657792 -0.792252
44  3.061500 2.842763 2.243589  0.000000 -0.000000 1.570796
time 6
0  -0.397486 1.998548 39.534840  0.019462 -0.001671 -1.713124
1  -0.628597 -0.246101 0.000003  -0.000030 -1.486521 -1.570772
2  -0.000006 0.000008 4.427392  -0.201313 3.116094 -0.168567
3  18.465937 -0.000000 -0.000001  -0.000000 -0.000000 -0.652548
4  14.875444 -0.000001 -0.000000  -0.016409 -0.021385 0.267601
5  0.000012 -0.000003 -4.427392  0.094419 3.043393 -0.218956
6  18.465946 -0.000003 0.000000  0.000000 -0.000000 -0.364601
7  14.875441 0.000000 0.000000  -0.229593 -0.028400 0.146774
8  2.251300 -0.007574 0.187510  0.045522 -0.108330 0.051387
9  9.514221 -0.009356 -0.000000  -0.064192 0.000820 -0.038123
10  11.752204 -0.001494 -0.000000  -0.000156 0.027216 0.407485
11  -2.100074 0.797189 2.595043  1.098804 -1.313684 1.642243
12  4.640938 -0.000000 0.000005  0.003415 1.230668 -0.279848
13  10.828048 -0.000002 -0.000004  -0.079262 -0.057368 -0.510573
14  9.393338 -0.000006 0.000008  1.939538 0.008013 0.055012
15  1.442243 0.107450 -1.746176  1.686435 0.539209 0.325885
16  1.063450 0.000001 -0.000000  -0.000000 0.000000 0.199056
17  1.376311 0.000000 0.000008  -0.000000 -0.000000 0.199049
18  4.172849 -0.251370 -1.312744  0.008050 0.095731 0.148659
19  1.215373 -0.000001 -0.000003  -0.000000 -0.000000 0.645758
20  1.215371 0.000001 0.000002  -0.000000 0.000000 0.645758
21  4.220529 -0.244855 -0.431464  0.001333 0.026242 0.148339
22  1.350419 0.000005 0.000003  0.000000 -0.000000 0.863926
23  1.350410 -0.000006 -0.000003  -0.000000 -0.000000 0.863926
24  -1.959442 0.797203 -2.700507  -1.051771 1.413977 1.690154
25  4.640936 -0.000003 -0.000013  0.840773 -0.556066 -1.008731
26  10.828047 0.000006 0.000008  0.372594 -1.232925 -0.552316
27  9.393341 0.000004 -0.000000  1.046902 -0.119173 0.046355
28  1.442245 0.107453 1.746173  -1.686405 -0.539236 0.325898
29  1.063451 0.000001 0.000000  -0.000000 0.000000 0.199056
30  1.376309 0.000003 0.000000  0.000000 -0.000000 0.199059
31  4.172843 -0.251366 1.312743  -0.008050 -0.095731 0.148659
32  1.215373 -0.000000 0.000003  0.000000 0.000000 0.645746
33  1.215374 -0.000001 -0.000003  0.000000 0.000000 0.645746
34  4.220532 -0.244853 0.431463  -0.001333 -0.026242 0.148339
35  1.350414 -0.000000 0.000008  -0.000000 -0.000000 0.863937
36  1.350408 -0.000001 -0.000006  -0.000000 0.000000 0.863925
37  4.262825 -0.232720 -1.392181  0.016840 0.076668 0.253759
38  2.110543 -0.000002 -0.000000  0.092086 0.000602 -0.352517
39  0.891925 2.373048 -0.014527  -3.141592 -0.000001 1.413797
40  7.228124 5.709447 3.726568  3.140796 -1.570796 0.000000
41  2.450427 5.076128 0.001325  3.140791 -1.570796 0.000000
42  6.312407 -4.528056 0.001311  -3.081108 -1.570796 0.000000
43  2.233304 1.152535 -7.309136  -1.200249 -1.614425 -0.687703
44  3.061500 2.842763 2.243589  0.000000 -0.000000 1.570796
time 7
0  -0.362328 1.909628 39.408783  0.006903 -0.002785 -1.619836
1  -0.073895 -0.179693 0.000007  -0.000030 -1.527739 -1.570772
2  -0.000004 0.000008 4.427392  -0.245578 3.139765 -0.128534
3  18.465940 -0.000000 -0.000001  0.000000 0.000000 -0.432495
4  14.875443 -0.000001 0.000000  0.043389 0.003134 0.192861
5  0.000013 -0.000004 -4.427393  0.106399 3.091224 -0.174689
6  18.465940 -0.000002 0.000000  0.000000 -0.000000 -0.339199
7  14.875443 0.000000 -0.000000  -0.136413 -0.019154 0.162944
8  2.255212 -0.007574 0.093756  0.015312 -0.061137 0.017968
9  9.514220 -0.009356 -0.000000  -0.052149 0.001411 -0.087459
10  11.752197 -0.001494 -0.000000  0.000000 0.001281 0.417308
11  -2.021948 0.816722 2.649732  1.155684 -1.337431 1.577813
12  4.640939 0.000001 0.000012  0.003415 1.230668 -0.279848
13  10.828053 -0.000001 -0.000008  -0.081530 -0.057112 -0.514295
14  9.393333 -0.000006 0.000008  1.939538 0.008013 0.055012
15  1.442237 0.107454 -1.746173  1.686435 0.539209 0.325885
16  1.063454 -0.000000 0.000000  -0.000000 -0.000000 0.199056
17  1.376309 0.000001 0.000005  0.000000 -0.000000 0.199049
18  4.172849 -0.251368 -1.312745  0.008050 0.095731 0.148659
19  1.215376 0.000001 -0.000002  0.000000 -0.000000 0.645758
20  1.215369 -0.000003 0.000002  -0.000000 -0.000000 0.645758
21  4.220526 -0.244850 -0.431460  0.001333 0.026242 0.148339
22  1.350418 0.000002 0.000002  0.000000 -0.000000 0.863926
23  1.350410 0.000002 -0.000001  -0.000000 0.000000 0.863926
24  -2.014129 0.816733 -2.649724  -0.968645 1.391039 1.762628
25  4.640936 -0.000003 -0.000017  0.840773 -0.556066 -1.008731
26  10.828047 0.000007 0.000013  0.372594 -1.232925 -0.552316
27  9.393343 0.000004 -0.000000  1.046902 -0.119173 0.046355
28  1.442246 0.107451 1.746172  -1.686405 -0.539236 0.325898
29  1.063451 -0.000000 -0.000001  -0.000000 -0.000000 0.199056
30  1.376308 -0.000000 0.000001  0.000000 -0.000000 0.199059
31  4.172846 -0.251366 1.312743  -0.008050 -0.095731 0.148659
32  1.215375 0.000001 0.000003  0.000000 0.000000 0.645746
33  1.215370 -0.000001 -0.000001  0.000000 -0.000000 0.645746
34  4.220532 -0.244854 0.431462  -0.001333 -0.026242 0.148339
35  1.350414 0.000000 -0.000001  0.000000 -0.000000 0.863937
36  1.350408 -0.000002 -0.000007  -0.000000 0.000000 0.863925
37  4.262829 -0.232720 -1.392184  0.016840 0.076668 0.253759
38  2.110541 -0.000003 -0.000000  0.106225 0.009803 -0.234236
39  0.891925 2.373048 -0.014527  -3.141592 -0.000001 1.413797
40  7.228121 5.709447 3.726568  3.140796 -1.570796 0.000000
41  2.450435 5.076127 0.001325  3.140791 -1.570796 0.000000
42  6.312409 -4.528056 0.001311  -3.073351 -1.570796 0.000000
43  2.233305 1.152535 -7.309138  -1.832528 -1.570796 0.000000
44  3.061500 2.842763 2.243589  0.000000 -0.000000 1.570796
time 8
0  -0.284201 1.856275 39.282730  0.000000 -0.000000 -1.562118
1  -1.362996 -0.148442 0.000008  -0.000030 -1.553349 -1.570772
2  -0.000003 0.000008 4.427392  -0.288309 -3.134330 -0.098796
3  18.465946 0.000000 -0.000000  0.000000 0.000000 -0.242415
4  14.875441 -0.000001 -0.000000  0.100486 0.015032 0.125586
5  0.000000 -0.000003 -4.427393  0.111479 3.119732 -0.200519
6  18.465940 -0.000003 0.000001  0.000000 -0.000000 -0.323118
7  14.875444 0.000000 0.000000  -0.078785 -0.018124 0.123326
8  2.255203 -0.007574 0.039067  -0.010172 -0.033132 0.088180
9  9.514216 -0.009356 -0.000000  -0.043408 0.004207 0.043513
10  11.752196 -0.001494 0.000000  -0.000012 -0.017439 0.535936
11  -1.865691 1.047198 2.680982  1.196462 -1.354856 1.419465
12  4.640939 0.000001 0.000000  0.003415 1.230669 -0.279848
13  10.828053 -0.000001 -0.000004  -0.082695 -0.056980 -0.524400
14  9.393339 -0.000006 0.000006  1.939538 0.008013 0.055012
15  1.442237 0.107455 -1.746173  1.686435 0.539209 0.325885
16  1.063452 -0.000000 0.000002  0.000000 0.000000 0.199056
17  1.376312 0.000001 0.000007  -0.000000 -0.000000 0.199049
18  4.172848 -0.251368 -1.312743  0.008050 0.095731 0.148659
19  1.215377 -0.000001 -0.000002  0.000000 -0.000000 0.645758
20  1.215371 -0.000002 -0.000000  -0.000000 -0.000000 0.645758
21  4.220530 -0.244850 -0.431462  0.001333 0.026242 0.148339
22  1.350422 0.000001 0.000000  0.000000 -0.000000 0.863926
23  1.350409 0.000003 -0.000002  0.000000 0.000000 0.863926
24  -1.959441 1.047207 -2.618474  -0.897738 1.380932 1.713657
25  4.640935 -0.000002 -0.000013  0.840773 -0.556066 -1.008731
26  10.828047 0.000005 0.000014  0.372594 -1.232925 -0.552316
27  9.393343 -0.000002 0.000001  1.046902 -0.119173 0.046355
28  1.442244 0.107454 1.746173  -1.686405 -0.539236 0.325898
29  1.063451 -0.000005 -0.000000  -0.000000 -0.000000 0.199056
30  1.376307 -0.000003 0.000001  0.000000 -0.000000 0.199059
31  4.172845 -0.251365 1.312740  -0.008050 -0.095731 0.148659
32  1.215373 0.000000 0.000001  0.000000 0.000000 0.645746
33  1.215372 -0.000003 -0.000002  0.000000 0.000000 0.645746
34  4.220533 -0.244850 0.431461  -0.001333 -0.026242 0.148339
35  1.350417 0.000001 -0.000002  0.000000 -0.000000 0.863937
36  1.350410 -0.000002 -0.000003  0.000000 0.000000 0.863925
37  4.262828 -0.232719 -1.392187  0.016840 0.076668 0.253759
38  2.110539 0.000001 -0.000001  0.116457 0.009322 -0.380204
39  0.891931 2.373049 -0.014527  -3.141592 -0.000001 1.413797
40  7.228121 5.709446 3.726568  3.140796 -1.570796 0.000000
41  2.450427 5.076128 0.001325  3.140791 -1.570796 0.000000
42  6.312410 -4.528056 0.001311  -3.065799 -1.570796 0.000000
43  2.233299 1.152535 -7.309138  -1.815079 -1.570796 0.000000
44  3.061500 2.842763 2.243589  0.000000 -0.000000 1.570796
time 9
0  -0.178729 1.794031 39.140919  0.001534 0.005848 -1.555119
1  -1.499719 -0.140629 0.000003  -0.000030 -1.558594 -1.570772
2  0.000002 0.000008 4.427392  -0.299424 -3.126471 -0.135016
3  18.465942 0.000000 -0.000000  -0.000000 -0.000000 -0.257768
4  14.875446 -0.000001 0.000000  0.111472 0.024397 0.105676
5  0.000006 -0.000004 -4.427393  0.111958 3.117818 -0.226724
6  18.465942 -0.000003 -0.000001  -0.000000 -0.000000 -0.364732
7  14.875443 0.000000 -0.000001  -0.072678 -0.015062 0.144261
8  2.255216 -0.007574 0.027348  -0.012535 -0.027555 0.095029
9  9.514226 -0.009356 -0.000000  -0.042395 0.004583 0.059836
10  11.752195 -0.001496 0.000000  -0.000132 -0.019488 0.553807
11  -1.842249 1.078450 2.684889  1.201226 -1.364098 1.396202
12  4.640938 0.000001 0.000012  0.003415 1.230668 -0.279847
13  10.828056 -0.000001 -0.000004  -0.083125 -0.056932 -0.544076
14  9.393343 -0.000005 0.000009  1.939538 0.008013 0.055012
15  1.442236 0.107454 -1.746176  1.686435 0.539209 0.325885
16  1.063449 -0.000001 -0.000003  0.000000 0.000000 0.199056
17  1.376311 0.000000 0.000009  -0.000000 -0.000000 0.199049
18  4.172846 -0.251368 -1.312745  0.008050 0.095731 0.148659
19  1.215375 0.000003 -0.000002  0.000000 -0.000000 0.645758
20  1.215374 -0.000008 -0.000001  -0.000000 0.000000 0.645758
21  4.220532 -0.244852 -0.431466  0.001333 0.026242 0.148339
22  1.350419 0.000002 0.000002  0.000000 -0.000000 0.863926
23  1.350410 -0.000003 -0.000001  -0.000000 -0.000000 0.863926
24  -1.943807 1.082366 -2.614568  -0.848955 1.392734 1.743570
25  4.640936 -0.000004 -0.000016  0.840773 -0.556066 -1.008731
26  10.828038 0.000003 0.000009  0.372594 -1.232925 -0.552316
27  9.393346 0.000005 -0.000000  1.046902 -0.119173 0.046355
28  1.442240 0.107453 1.746177  -1.686405 -0.539236 0.325898
29  1.063451 -0.000002 0.000001  -0.000000 0.000000 0.199056
30  1.376309 0.000002 0.000001  0.000000 -0.000000 0.199059
31  4.172841 -0.251365 1.312746  -0.008050 -0.095731 0.148659
32  1.215371 0.000000 -0.000000  0.000000 -0.000000 0.645746
33  1.215371 0.000001 -0.000000  0.000000 -0.000000 0.645746
34  4.220528 -0.244852 0.431462  -0.001333 -0.026242 0.148339
35  1.350419 0.000000 -0.000004  -0.000000 -0.000000 0.863937
36  1.350409 -0.000003 -0.000003  0.000000 0.000000 0.863925
37  4.262821 -0.232719 -1.392179  0.016840 0.076668 0.253759
38  2.110542 0.000005 -0.000000  0.119079 0.005744 -0.377897
39  0.891932 2.373048 -0.014527  -3.141592 -0.000001 1.413797
40  7.228120 5.709445 3.726568  3.140796 -1.570796 0.000000
41  2.450441 5.076127 0.001325  3.140791 -1.570796 0.000000
42  6.312417 -4.528057 0.001311  -3.058604 -1.570796 0.000000
43  2.233307 1.152535 -7.309137  -1.190558 -1.572951 -0.669326
44  3.061500 2.842763 2.243589  0.000000 -0.000000 1.570796
time 10
0  -0.081070 1.714003 39.030621  0.005752 0.012996 -1.563077
1  -1.413778 -0.144536 0.000001  -0.000031 -1.563021 -1.570772
2  -0.000006 0.000008 4.427392  -0.292621 -3.121452 -0.160084
3  18.465931 -0.000000 -0.000000  0.000000 -0.000000 -0.305507
4  14.875443 -0.000001 0.000000  0.093376 0.022971 0.134830
5  0.000001 -0.000003 -4.427392  0.112725 3.113322 -0.245534
6  18.465946 -0.000003 0.000000  -0.000000 -0.000000 -0.400110
7  14.875442 -0.000000 -0.000000  -0.082505 -0.011970 0.167522
8  2.255202 -0.007574 0.015628  -0.010721 -0.023391 0.089239
9  9.514219 -0.009355 -0.000000  -0.042882 0.004610 0.053818
10  11.752189 -0.001493 0.000000  -0.000072 -0.018457 0.551914
11  -1.846173 1.078453 2.680984  1.198463 -1.370368 1.400127
12  4.640939 0.000000 0.000012  0.003415 1.230669 -0.279847
13  10.828058 -0.000001 -0.000007  -0.083186 -0.056925 -0.576516
14  9.393345 -0.000005 0.000008  1.939538 0.008013 0.055012
15  1.442240 0.107456 -1.746176  1.686435 0.539209 0.325885
16  1.063451 -0.000001 0.000001  -0.000000 -0.000000 0.199056
17  1.376306 -0.000001 0.000006  0.000000 -0.000000 0.199049
18  4.172852 -0.251367 -1.312746  0.008050 0.095731 0.148659
19  1.215371 -0.000001 0.000000  0.000000 -0.000000 0.645758
20  1.215373 -0.000010 -0.000001  -0.000000 -0.000000 0.645758
21  4.220529 -0.244850 -0.431464  0.001333 0.026242 0.148339
22  1.350417 0.000001 0.000004  0.000000 -0.000000 0.863926
23  1.350409 0.000008 -0.000001  0.000000 0.000000 0.863926
24  -1.943824 1.078466 -2.614567  -0.756294 1.413402 1.836982
25  4.640936 -0.000004 -0.000014  0.840773 -0.556066 -1.008731
26  10.828050 0.000007 0.000010  0.372594 -1.232925 -0.552316
27  9.393341 -0.000002 -0.000002  1.046902 -0.119173 0.046355
28  1.442247 0.107453 1.746171  -1.686405 -0.539236 0.325898
29  1.063451 -0.000004 0.000002  0.000000 -0.000000 0.199056
30  1.376309 0.000005 -0.000000  0.000000 0.000000 0.199059
31  4.172844 -0.251364 1.312739  -0.008050 -0.095731 0.148659
32  1.215369 0.000002 0.000007  0.000000 -0.000000 0.645746
33  1.215369 0.000001 -0.000002  0.000000 -0.000000 0.645746
34  4.220532 -0.244852 0.431460  -0.001333 -0.026242 0.148339
35  1.350414 -0.000000 -0.000002  0.000000 -0.000000 0.863937
36  1.350409 -0.000003 -0.000004  -0.000000 0.000000 0.863925
37  4.262828 -0.232720 -1.392185  0.016840 0.076668 0.253759
38  2.110533 0.000002 -0.000000  0.120622 0.002527 -0.346349
39  0.891928 2.373049 -0.014527  -3.141592 -0.000001 1.413797
40  7.228120 5.709448 3.726568  3.140796 -1.570796 0.000000
41  2.450432 5.076127 0.001325  3.140791 -1.570796 0.000000
42  6.312409 -4.528056 0.001311  -3.051868 -1.570796 0.000000
43  2.233299 1.152535 -7.309137  -1.901556 -1.570796 0.000000
44  3.061500 2.842763 2.243589  0.000000 -0.000000 1.570796
time 11
0  -0.014662 1.580622 38.983353  0.011217 0.020979 -1.579951
1  -1.140333 -0.152348 -0.000000  -0.000030 -1.566686 -1.570772
2  -0.000000 0.000008 4.427392  -0.287830 -3.121263 -0.169710
3  18.465939 -0.000001 -0.000001  0.000000 0.000000 -0.323199
4  14.875443 -0.000001 -0.000000  0.072684 0.020779 0.150078
5  0.000010 -0.000003 -4.427392  0.108795 3.109496 -0.252179
6  18.465946 -0.000001 0.000001  0.000000 0.000000 -0.420326
7  14.875440 0.000000 -0.000000  -0.096509 -0.009029 0.188757
8  2.255212 -0.007574 0.007816  -0.008949 -0.020151 0.070710
9  9.514220 -0.009357 -0.000000  -0.043408 0.004287 0.034789
10  11.752189 -0.001493 0.000000  -0.000012 -0.017439 0.535936
11  -1.865692 1.047196 2.680982  1.163401 -1.370922 1.451537
12  4.640938 0.000001 0.000003  0.098750 1.217832 -0.163524
13  10.828051 -0.000001 -0.000004  -0.061016 -0.069585 -0.650253
14  9.393339 -0.000004 0.000009  1.939538 0.008013 0.055012
15  1.442239 0.107454 -1.746176  1.686435 0.539209 0.325885
16  1.063455 0.000001 -0.000000  -0.000000 0.000000 0.199056
17  1.376313 -0.000002 0.000006  0.000000 -0.000000 0.199049
18  4.172848 -0.251370 -1.312747  0.008050 0.095731 0.148659
19  1.215377 0.000002 0.000000  0.000000 -0.000000 0.645758
20  1.215372 -0.000006 0.000001  -0.000000 -0.000000 0.645758
21  4.220529 -0.244852 -0.431464  0.001333 0.026242 0.148339
22  1.350418 0.000007 0.000003  0.000000 -0.000000 0.863926
23  1.350409 0.000001 -0.000000  0.000000 0.000000 0.863926
24  -1.959436 1.047207 -2.618474  -0.679370 1.418123 1.929712
25  4.640934 -0.000002 -0.000014  0.840773 -0.556066 -1.008731
26  10.828050 0.000003 0.000012  0.372594 -1.232925 -0.552316
27  9.393336 0.000004 0.000001  1.046902 -0.119173 0.046355
28  1.442241 0.107454 1.746181  -1.686405 -0.539236 0.325898
29  1.063451 -0.000001 0.000000  -0.000000 -0.000000 0.199056
30  1.376307 0.000002 0.000000  0.000000 -0.000000 0.199059
31  4.172842 -0.251364 1.312748  -0.008050 -0.095731 0.148659
32  1.215373 0.000002 0.000002  0.000000 0.000000 0.645746
33  1.215369 0.000001 0.000002  0.000000 0.000000 0.645746
34  4.220530 -0.244852 0.431468  -0.001333 -0.026242 0.148339
35  1.350415 -0.000000 -0.000004  -0.000000 -0.000000 0.863937
36  1.350410 -0.000002 -0.000001  -0.000000 0.000000 0.863925
37  4.262824 -0.232718 -1.392177  0.016840 0.076668 0.253759
38  2.110539 -0.000004 -0.000000  0.117228 0.001264 -0.293471
39  0.891926 2.373049 -0.014527  -3.141592 -0.000001 1.413797
40  7.228113 5.709448 3.726568  3.140796 -1.570796 0.000000
41  2.450432 5.076126 0.001325  3.140791 -1.570796 0.000000
42  6.312408 -4.528058 0.001311  -3.045745 -1.570796 0.000000
43  2.233304 1.152535 -7.309137  -1.197757 -1.553700 -0.705510
44  3.061500 2.842763 2.243589  0.000000 -0.000000 1.570796
time 12
0  -0.030287 1.349428 39.046379  0.016586 0.029240 -1.599414
1  -0.636412 -0.164068 0.000006  -0.000034 -1.569661 -1.570726
2  -0.000003 0.000008 4.427392  -0.205433 -3.136508 -0.159893
3  18.465935 0.000000 0.000000  0.000000 0.000000 -0.296003
4  14.875444 -0.000000 0.000000  -0.026826 0.015734 0.141506
5  0.000005 -0.000003 -4.427392  0.073238 3.114853 -0.236831
6  18.465940 -0.000002 0.000000  0.000000 0.000000 -0.410218
7  14.875443 -0.000000 0.000000  -0.080189 -0.006665 0.202676
8  2.255207 -0.007574 0.000003  -0.008738 -0.017774 0.035637
9  9.514222 -0.009356 -0.000000  -0.043483 0.003521 0.003940
10  11.752192 -0.001494 0.000000  -0.000012 -0.017439 0.451196
11  -1.947724 0.887035 2.680983  1.084989 -1.365131 1.616298
12  4.640938 0.000001 0.000009  0.293792 1.172578 0.078761
13  10.828055 -0.000002 -0.000008  -0.008149 -0.099773 -0.768407
14  9.393343 -0.000001 0.000007  1.939538 0.008013 0.055012
15  1.442243 0.107454 -1.746175  1.686435 0.539209 0.325885
16  1.063450 0.000000 0.000005  -0.000000 0.000000 0.199056
17  1.376313 -0.000000 0.000006  -0.000000 -0.000000 0.199049
18  4.172849 -0.251367 -1.312744  0.008050 0.095731 0.148659
19  1.215373 -0.000002 -0.000000  0.000000 -0.000000 0.645758
20  1.215369 0.000004 0.000001  -0.000000 -0.000000 0.645758
21  4.220532 -0.244851 -0.431464  0.001333 0.026242 0.148339
22  1.350416 0.000002 0.000003  0.000000 -0.000000 0.863926
23  1.350410 0.000002 -0.000002  -0.000000 0.000000 0.863926
24  -2.037567 0.887045 -2.614567  -0.657061 1.399785 2.037910
25  4.640936 -0.000003 -0.000020  0.840773 -0.556066 -1.008731
26  10.828046 -0.000003 0.000010  0.372594 -1.232925 -0.552316
27  9.393341 -0.000000 0.000001  1.046902 -0.119173 0.046355
28  1.442245 0.107452 1.746176  -1.686405 -0.539236 0.325898
29  1.063451 -0.000004 0.000001  -0.000000 -0.000000 0.199056
30  1.376307 -0.000004 -0.000001  0.000000 -0.000000 0.199059
31  4.172846 -0.251365 1.312741  -0.008050 -0.095731 0.148659
32  1.215373 0.000001 -0.000001  0.000000 0.000000 0.645746
33  1.215370 -0.000003 0.000000  0.000000 0.000000 0.645746
34  4.220531 -0.244853 0.431465  -0.001333 -0.026242 0.148339
35  1.350414 0.000001 0.000001  -0.000000 -0.000000 0.863937
36  1.350409 -0.000004 0.000002  -0.000000 0.000000 0.863925
37  4.262828 -0.232720 -1.392184  0.016840 0.076668 0.253759
38  2.110541 -0.000003 -0.000000  0.086224 0.010766 -0.233859
39  0.891934 2.373047 -0.014527  -3.141592 -0.000001 1.413797
40  7.228117 5.709447 3.726568  3.140796 -1.570796 0.000000
41  2.450435 5.076127 0.001325  3.140791 -1.570796 0.000000
42  6.312413 -4.528056 0.001311  -3.040387 -1.570796 0.000000
43  2.233300 1.152535 -7.309137  -1.202933 -1.535904 -0.680810
44  3.061500 2.842763 2.243589  0.000000 -0.000000 1.570796
time 13
0  -0.096695 1.047098 39.235458  0.020613 0.037223 -1.615618
1  0.031578 -0.179693 0.000009  0.000038 -1.572076 -1.570822
2  -0.000011 0.000008 4.427392  -0.126963 3.131622 -0.123483
3  18.465939 -0.000000 0.000000  0.000000 -0.000000 -0.215293
4  14.875444 -0.000001 -0.000001  -0.119119 0.011456 0.105123
5  0.000009 -0.000004 -4.427392  0.039119 3.122506 -0.197805
6  18.465944 -0.000002 0.000001  0.000000 0.000000 -0.365913
7  14.875442 -0.000001 -0.000000  -0.060991 -0.006695 0.205527
8  2.255200 -0.007574 0.000003  -0.008738 -0.016203 -0.010950
9  9.514222 -0.009356 -0.000000  -0.043595 0.002446 -0.037408
10  11.752197 -0.001494 0.000000  -0.000012 -0.017439 0.342943
11  -2.025854 0.664374 2.684889  0.989332 -1.353497 1.822513
12  4.640938 0.000001 0.000012  0.464702 1.098217 0.300926
13  10.828059 -0.000000 -0.000008  0.054950 -0.135804 -0.896048
14  9.393339 -0.000005 0.000008  1.939538 0.008013 0.055012
15  1.442239 0.107455 -1.746175  1.686435 0.539209 0.325885
16  1.063447 -0.000002 -0.000001  -0.000000 -0.000000 0.199056
17  1.376310 -0.000000 0.000003  0.000000 -0.000000 0.199049
18  4.172850 -0.251369 -1.312747  0.008050 0.095731 0.148659
19  1.215369 0.000000 -0.000001  0.000000 -0.000000 0.645758
20  1.215370 0.000001 0.000004  -0.000000 -0.000000 0.645758
21  4.220528 -0.244850 -0.431463  0.001333 0.026242 0.148339
22  1.350422 0.000004 0.000004  0.000000 -0.000000 0.863926
23  1.350411 0.000005 -0.000001  0.000000 0.000000 0.863926
24  -2.119597 0.664385 -2.614568  -0.656135 1.371460 2.149270
25  4.640935 -0.000003 -0.000017  0.840773 -0.556066 -1.008731
26  10.828051 -0.000001 0.000010  0.372594 -1.232925 -0.552316
27  9.393341 -0.000002 -0.000001  1.046902 -0.119173 0.046355
28  1.442243 0.107454 1.746181  -1.686405 -0.539236 0.325898
29  1.063451 -0.000005 0.000000  -0.000000 -0.000000 0.199056
30  1.376307 0.000004 -0.000000  0.000000 -0.000000 0.199059
31  4.172846 -0.251365 1.312744  -0.008050 -0.095731 0.148659
32  1.215370 -0.000001 0.000003  0.000000 -0.000000 0.645746
33  1.215371 -0.000000 0.000003  0.000000 0.000000 0.645746
34  4.220533 -0.244852 0.431466  -0.001333 -0.026242 0.148339
35  1.350415 0.000002 -0.000001  -0.000000 -0.000000 0.863937
36  1.350407 -0.000002 -0.000006  -0.000000 0.000000 0.863925
37  4.262826 -0.232718 -1.392178  0.016840 0.076668 0.253759
38  2.110545 -0.000002 -0.000000  0.096713 0.024717 -0.183288
39  0.891943 2.373048 -0.014527  -3.141592 -0.000001 1.413797
40  7.228128 5.709446 3.726568  3.140796 -1.570796 0.000000
41  2.450431 5.076128 0.001325  3.140791 -1.570796 0.000000
42  6.312405 -4.528057 0.001311  -3.035896 -1.570796 0.000000
43  2.233295 1.152535 -7.309137  -1.220765 -1.526934 -0.631695
44  3.061500 2.842763 2.243589  0.000000 -0.000000 1.570796
time 14
0  -0.120134 0.718092 39.424541  0.022051 0.044278 -1.622233
1  0.687848 -0.191412 0.000007  -0.000030 -1.573958 -1.570773
2  -0.000002 0.000008 4.427392  -0.074650 -3.119275 -0.133967
3  18.465940 0.000000 0.000000  0.000000 0.000000 -0.253601
4  14.875445 -0.000001 -0.000000  -0.108063 0.002560 0.135344
5  0.000015 -0.000004 -4.427392  0.010654 3.128724 -0.144461
6  18.465946 -0.000002 0.000000  0.000000 0.000000 -0.294960
7  14.875442 0.000000 -0.000001  -0.038038 -0.007059 0.194909
8  2.255209 -0.007574 -0.003903  -0.008864 -0.015123 -0.055949
9  9.514216 -0.009356 -0.000000  -0.043633 0.001371 -0.079709
10  11.752196 -0.001494 0.000000  -0.000012 -0.017439 0.232639
11  -2.088347 0.433895 2.684888  0.905203 -1.338186 2.019346
12  4.640938 0.000000 0.000003  0.565786 1.024602 0.440665
13  10.828050 -0.000002 -0.000006  0.107817 -0.165992 -0.998248
14  9.393337 -0.000009 0.000010  1.939538 0.008013 0.055012
15  1.442237 0.107459 -1.746176  1.686435 0.539209 0.325885
16  1.063452 -0.000001 -0.000003  -0.000000 -0.000000 0.199056
17  1.376309 -0.000000 0.000003  -0.000000 -0.000000 0.199049
18  4.172847 -0.251363 -1.312745  0.008050 0.095731 0.148659
19  1.215372 0.000000 -0.000002  0.000000 -0.000000 0.645758
20  1.215372 0.000005 0.000001  -0.000000 -0.000000 0.645758
21  4.220530 -0.244848 -0.431464  0.001333 0.026242 0.148339
22  1.350419 0.000002 0.000003  0.000000 -0.000000 0.863926
23  1.350409 0.000005 -0.000002  0.000000 0.000000 0.863926
24  -2.178199 0.433907 -2.614567  -0.677055 1.338990 2.241828
25  4.640936 -0.000003 -0.000013  0.840773 -0.556066 -1.008731
26  10.828050 -0.000003 0.000010  0.372594 -1.232925 -0.552316
27  9.393343 0.000008 0.000001  1.046902 -0.119173 0.046355
28  1.442246 0.107455 1.746175  -1.686405 -0.539236 0.325898
29  1.063451 0.000001 -0.000002  -0.000000 -0.000000 0.199056
30  1.376309 0.000002 -0.000003  0.000000 -0.000000 0.199059
31  4.172847 -0.251363 1.312740  -0.008050 -0.095731 0.148659
32  1.215369 -0.000003 0.000008  0.000000 -0.000000 0.645746
33  1.215370 -0.000000 -0.000001  0.000000 -0.000000 0.645746
34  4.220534 -0.244850 0.431461  -0.001333 -0.026242 0.148339
35  1.350413 0.000001 -0.000004  -0.000000 -0.000000 0.863937
36  1.350407 -0.000001 -0.000004  0.000000 0.000000 0.863925
37  4.262827 -0.232717 -1.392182  0.016840 0.076668 0.253759
38  2.110542 -0.000001 -0.000000  0.112292 0.041826 -0.137755
39  0.891923 2.373049 -0.014527  -3.141592 -0.000001 1.413797
40  7.228118 5.709446 3.726568  3.140796 -1.570796 0.000000
41  2.450425 5.076127 0.001325  3.140791 -1.570796 0.000000
42  6.312405 -4.528056 0.001311  -3.032426 -1.570796 0.000000
43  2.233304 1.152535 -7.309137  -1.236489 -1.521196 -0.577506
44  3.061500 2.842763 2.243589  0.000000 -0.000000 1.570796
time 15
0  -0.014662 0.406870 39.566353  0.019846 0.051332 -1.616864
1  1.148800 -0.203131 0.000005  0.000033 -1.575338 -1.570822
2  -0.000004 0.000008 4.427392  -0.027128 -3.079980 -0.153602
3  18.465940 -0.000000 0.000000  -0.000000 0.000000 -0.310844
4  14.875443 -0.000001 -0.000000  -0.077061 -0.009019 0.177257
5  0.000009 -0.000004 -4.427393  -0.001135 3.130446 -0.092988
6  18.465942 -0.000002 0.000001  0.000000 -0.000000 -0.216590
7  14.875443 0.000000 -0.000001  -0.019858 -0.004210 0.174838
8  2.255206 -0.007574 -0.007810  -0.009033 -0.014259 -0.086224
9  9.514220 -0.009356 -0.000000  -0.043633 0.000564 -0.113372
10  11.752200 -0.001493 0.000000  -0.000012 -0.017439 0.160917
11  -2.111800 0.277643 2.684888  0.852420 -1.322775 2.146101
12  4.640937 -0.000000 0.000002  0.599521 0.991585 0.489441
13  10.828051 -0.000001 -0.000004  0.129987 -0.178651 -1.040076
14  9.393335 -0.000008 0.000009  1.939538 0.008013 0.055012
15  1.442242 0.107458 -1.746172  1.686435 0.539209 0.325885
16  1.063449 -0.000001 0.000006  0.000000 -0.000000 0.199056
17  1.376309 0.000000 0.000007  -0.000000 -0.000000 0.199049
18  4.172849 -0.251362 -1.312742  0.008050 0.095731 0.148659
19  1.215374 -0.000001 -0.000004  0.000000 -0.000000 0.645758
20  1.215370 0.000001 -0.000001  -0.000000 0.000000 0.645758
21  4.220531 -0.244849 -0.431461  0.001333 0.026242 0.148339
22  1.350418 -0.000003 0.000003  0.000000 -0.000000 0.863926
23  1.350409 0.000000 -0.000004  0.000000 -0.000000 0.863926
24  -2.205541 0.277653 -2.614568  -0.716953 1.307942 2.277211
25  4.640935 -0.000005 -0.000022  0.840773 -0.556066 -1.008731
26  10.828050 0.000005 0.000005  0.372594 -1.232925 -0.552316
27  9.393341 0.000005 -0.000001  1.046902 -0.119173 0.046355
28  1.442248 0.107455 1.746172  -1.686405 -0.539236 0.325898
29  1.063451 -0.000003 -0.000001  -0.000000 -0.000000 0.199056
30  1.376309 0.000002 -0.000001  -0.000000 -0.000000 0.199059
31  4.172846 -0.251364 1.312740  -0.008050 -0.095731 0.148659
32  1.215372 0.000002 -0.000003  0.000000 -0.000000 0.645746
33  1.215371 -0.000000 0.000005  0.000000 0.000000 0.645746
34  4.220534 -0.244852 0.431461  -0.001333 -0.026242 0.148339
35  1.350412 0.000001 -0.000002  -0.000000 -0.000000 0.863937
36  1.350407 -0.000003 -0.000007  -0.000000 0.000000 0.863925
37  4.262828 -0.232718 -1.392185  0.016840 0.076668 0.253759
38  2.110534 -0.000001 -0.000000  0.116457 0.053102 -0.098297
39  0.891941 2.373049 -0.014527  -3.141592 -0.000001 1.413797
40  7.228127 5.709447 3.726568  3.140796 -1.570796 0.000000
41  2.450432 5.076127 0.001325  3.140791 -1.570796 0.000000
42  6.312411 -4.528057 0.001311  -3.030079 -1.570796 0.000000
43  2.233299 1.152535 -7.309138  -1.249911 -1.520148 -0.525519
44  3.061500 2.842763 2.243589  0.000000 -0.000000 1.570796
time 16
0  0.254878 0.113432 39.613621  0.014956 0.058851 -1.603633
1  1.351931 -0.207038 0.000005  -0.000029 -1.576358 -1.570771
2  -0.000007 0.000008 4.427392  0.011005 -3.048733 -0.150076
3  18.465939 0.000000 -0.000000  -0.000000 0.000000 -0.311209
4  14.875443 -0.000001 0.000001  -0.046913 -0.029239 0.188713
5  0.000008 -0.000003 -4.427393  -0.008610 3.129011 -0.056957
6  18.465937 -0.000002 0.000000  0.000000 -0.000000 -0.154892
7  14.875442 -0.000000 -0.000001  0.001480 0.003248 0.156942
8  2.255207 -0.007574 -0.011716  -0.009160 -0.013414 -0.095952
9  9.514223 -0.009356 -0.000000  -0.044646 0.000094 -0.137445
10  11.752192 -0.001495 0.000000  -0.000000 -0.017582 0.141034
11  -2.115694 0.234673 2.684889  0.929213 -1.313559 2.090287
12  4.640937 0.000001 0.000013  0.599445 0.991670 0.489099
13  10.828053 -0.000001 -0.000005  0.129660 -0.178389 -1.039124
14  9.393340 -0.000003 0.000009  1.939538 0.008013 0.055012
15  1.442243 0.107450 -1.746177  1.686435 0.539209 0.325885
16  1.063450 -0.000000 0.000006  0.000000 -0.000000 0.199056
17  1.376311 -0.000000 0.000002  -0.000000 -0.000000 0.199049
18  4.172849 -0.251372 -1.312745  0.008050 0.095731 0.148659
19  1.215373 0.000000 -0.000002  0.000000 -0.000000 0.645758
20  1.215374 -0.000002 -0.000001  -0.000000 -0.000000 0.645758
21  4.220533 -0.244854 -0.431462  0.001333 0.026242 0.148339
22  1.350419 0.000006 0.000001  0.000000 -0.000000 0.863926
23  1.350409 -0.000006 -0.000004  0.000000 0.000000 0.863926
24  -2.209441 0.234685 -2.614567  -0.912733 1.265879 2.105683
25  4.640935 -0.000003 -0.000011  0.840773 -0.556066 -1.008731
26  10.828048 0.000010 0.000007  0.372594 -1.232925 -0.552316
27  9.393340 -0.000001 0.000001  1.046902 -0.119173 0.046355
28  1.442248 0.107453 1.746176  -1.686405 -0.539236 0.325898
29  1.063451 -0.000001 0.000000  0.000000 0.000000 0.199056
30  1.376309 -0.000005 -0.000003  -0.000000 0.000000 0.199059
31  4.172849 -0.251365 1.312741  -0.008050 -0.095731 0.148659
32  1.215374 0.000001 -0.000005  0.000000 -0.000000 0.645746
33  1.215370 -0.000002 -0.000006  0.000000 -0.000000 0.645746
34  4.220535 -0.244852 0.431465  -0.001333 -0.026242 0.148339
35  1.350416 -0.000000 -0.000005  -0.000000 -0.000000 0.863937
36  1.350409 -0.000003 -0.000010  -0.000000 0.000000 0.863925
37  4.262830 -0.232717 -1.392183  0.016840 0.076668 0.253759
38  2.110547 -0.000000 -0.000000  0.106071 0.053673 -0.067314
39  0.891931 2.373049 -0.014527  -3.141592 -0.000001 1.413797
40  7.228117 5.709445 3.726568  3.140796 -1.570796 0.000000
41  2.450433 5.076128 0.001325  3.140791 -1.570796 0.000000
42  6.312411 -4.528057 0.001311  -3.028956 -1.570796 0.000000
43  2.233300 1.152535 -7.309137  -1.286726 -1.530429 -0.451129
44  3.061500 2.842763 2.243589  0.000000 -0.000000 1.570796
time 17
0  0.637702 -0.180005 39.613621  0.008916 0.065442 -1.587142
1  1.394901 -0.207038 0.000003  -0.000030 -1.577048 -1.570771
2  -0.000005 0.000008 4.427393  -0.002313 -3.057729 -0.011774
3  18.465931 -0.000000 -0.000001  0.000000 0.000000 -0.001965
4  14.875446 -0.000001 -0.000001  -0.030132 -0.090856 0.026156
5  0.000015 -0.000003 -4.427393  -0.008227 3.124419 -0.026448
6  18.465937 -0.000002 0.000001  0.000000 -0.000000 -0.099626
7  14.875440 -0.000000 -0.000000  0.018642 0.014221 0.138783
8  2.255208 -0.007574 -0.011716  -0.009202 -0.012668 -0.092875
9  9.514218 -0.009356 -0.000000  -0.046296 -0.000202 -0.156517
10  11.752192 -0.001494 0.000000  -0.000000 -0.017810 0.148411
11  -2.115700 0.250300 2.684887  0.871571 -1.349140 2.136048
12  4.640939 0.000001 0.000004  0.599168 0.991955 0.488038
13  10.828054 -0.000002 -0.000003  0.128704 -0.177623 -1.036343
14  9.393339 -0.000004 0.000005  1.939538 0.008013 0.055012
15  1.442246 0.107451 -1.746178  1.687597 0.474831 0.383312
16  1.063449 -0.000002 0.000000  -0.000000 -0.000000 0.196827
17  1.376308 0.000000 0.000006  -0.000000 -0.000000 0.196827
18  4.172853 -0.251370 -1.312746  0.040840 0.086971 0.504458
19  1.215370 0.000004 -0.000002  0.000000 -0.000000 0.827060
20  1.215370 0.000000 0.000000  -0.000000 -0.000000 0.827060
21  4.220535 -0.244853 -0.431464  0.010357 0.024145 0.502829
22  1.350419 -0.000001 0.000003  0.000000 -0.000000 0.976562
23  1.350413 0.000007 -0.000000  0.000000 -0.000000 0.976562
24  -2.209444 0.250310 -2.614568  -0.847102 1.265425 2.164739
25  4.640936 -0.000003 -0.000019  0.840773 -0.556066 -1.008731
26  10.828048 0.000006 0.000011  0.372594 -1.232925 -0.552316
27  9.393343 0.000005 0.000000  1.046902 -0.119173 0.046355
28  1.442246 0.107456 1.746180  -1.687587 -0.474854 0.383315
29  1.063451 0.000000 0.000001  -0.000000 -0.000000 0.196827
30  1.376309 -0.000001 0.000000  0.000000 -0.000000 0.196833
31  4.172847 -0.251364 1.312744  -0.040840 -0.086971 0.504458
32  1.215374 -0.000000 -0.000007  0.000000 -0.000000 0.827090
33  1.215368 -0.000000 -0.000003  -0.000000 -0.000000 0.827090
34  4.220534 -0.244851 0.431467  -0.010357 -0.024145 0.502829
35  1.350415 0.000001 0.000000  0.000000 0.000000 0.976538
36  1.350407 -0.000001 0.000003  0.000000 0.000000 0.976564
37  4.262829 -0.232717 -1.392180  0.040222 0.067416 0.575896
38  2.110543 -0.000001 -0.000000  0.089412 0.049043 -0.043629
39  0.891928 2.373048 -0.014527  -3.141592 -0.000001 1.413797
40  7.228124 5.709447 3.726568  3.140796 -1.570796 0.000000
41  2.450430 5.076127 0.001325  3.140791 -1.570796 0.000000
42  6.312406 -4.528057 0.001311  -3.028803 -1.570796 0.000000
43  2.233307 1.152535 -7.309138  -1.383462 -1.544642 -0.318145
44  3.061500 2.842763 2.243589  0.000000 -0.000000 1.570796
time 18
0  1.090841 -0.437875 39.597866  0.003451 0.069619 -1.571802
1  1.351931 -0.207038 -0.000003  -0.000030 -1.577479 -1.570770
2  -0.000010 0.000008 4.427393  -0.000972 -3.064925 -0.044086
3  18.465944 0.000000 -0.000000  -0.000000 -0.000000 -0.074049
4  14.875445 -0.000001 0.000001  -0.013032 -0.077043 0.070479
5  0.000004 -0.000003 -4.427393  -0.007364 3.116957 0.010986
6  18.465940 -0.000002 0.000001  0.000000 -0.000000 -0.027032
7  14.875442 0.000000 0.000000  0.034751 0.027226 0.107906
8  2.255205 -0.007574 -0.011716  -0.009202 -0.012059 -0.084305
9  9.514215 -0.009356 -0.000000  -0.046634 -0.000336 -0.169268
10  11.752193 -0.001495 0.000000  -0.000012 -0.017858 0.166362
11  -2.111794 0.289362 2.684889  0.754762 -1.390967 2.229965
12  4.640938 -0.000000 0.000004  0.598617 0.992483 0.486206
13  10.828058 -0.000001 -0.000004  0.127157 -0.176383 -1.031841
14  9.393342 -0.000003 0.000005  1.939538 0.008013 0.055012
15  1.442243 0.107455 -1.746176  1.683786 0.399151 0.448620
16  1.063450 0.000000 0.000001  -0.000000 -0.000000 0.194202
17  1.376310 0.000000 0.000008  0.000000 0.000000 0.194205
18  4.172851 -0.251368 -1.312746  0.072575 0.062990 0.921887
19  1.215373 0.000003 0.000000  -0.000000 -0.000000 1.040376
20  1.215375 -0.000004 0.000004  -0.000000 0.000000 1.040376
21  4.220532 -0.244850 -0.431465  0.019238 0.017889 0.919818
22  1.350420 0.000006 -0.000001  0.000000 -0.000000 1.109087
23  1.350411 0.000003 0.000001  0.000000 0.000000 1.109087
24  -2.205541 0.289374 -2.614568  -0.734262 1.270630 2.259349
25  4.640936 -0.000003 -0.000013  0.840773 -0.556066 -1.008731
26  10.828047 -0.000004 0.000010  0.372594 -1.232925 -0.552316
27  9.393341 -0.000002 0.000000  1.046902 -0.119173 0.046355
28  1.442247 0.107454 1.746168  -1.683768 -0.399179 0.448610
29  1.063451 -0.000003 -0.000001  0.000000 0.000000 0.194202
30  1.376308 0.000001 0.000003  -0.000000 -0.000000 0.194211
31  4.172846 -0.251363 1.312735  -0.072575 -0.062990 0.921887
32  1.215374 0.000001 0.000002  0.000000 0.000000 1.040371
33  1.215369 0.000000 0.000004  0.000000 -0.000000 1.040371
34  4.220531 -0.244853 0.431463  -0.019238 -0.017889 0.919818
35  1.350414 0.000003 -0.000006  -0.000000 -0.000000 1.109073
36  1.350408 -0.000005 -0.000013  -0.000000 0.000000 1.109050
37  4.262829 -0.232718 -1.392186  0.062261 0.047809 0.954189
38  2.110545 -0.000001 -0.000000  0.069668 0.042909 -0.023571
39  0.891932 2.373049 -0.014527  -3.141592 -0.000001 1.413797
40  7.228115 5.709445 3.726568  3.140796 -1.570796 0.000000
41  2.450426 5.076128 0.001325  3.140791 -1.570796 0.000000
42  6.312404 -4.528058 0.001311  -3.029109 -1.570796 0.000000
43  2.233293 1.152535 -7.309138  -1.416633 -1.549943 -0.257446
44  3.061500 2.842763 2.243589  0.000000 -0.000000 1.570796
time 19
0  1.583043 -0.651284 39.566353  0.000000 0.069712 -1.562118
1  1.301148 -0.203131 0.000006  -0.000031 -1.577752 -1.570773
2  -0.000010 0.000008 4.427392  -0.000684 -3.066250 -0.060003
3  18.465942 0.000000 -0.000000  0.000000 -0.000000 -0.106143
4  14.875447 -0.000001 0.000000  -0.001939 -0.071552 0.089836
5  0.000009 -0.000004 -4.427393  -0.006502 3.106435 0.028581
6  18.465935 -0.000002 0.000001  0.000000 -0.000000 -0.001959
7  14.875443 0.000000 -0.000000  0.045315 0.041322 0.100665
8  2.255207 -0.007574 -0.011716  -0.009202 -0.011627 -0.077522
9  9.514226 -0.009357 0.000000  -0.043708 -0.000269 -0.174399
10  11.752196 -0.001495 -0.000000  -0.000012 -0.017439 0.178355
11  -2.107880 0.316704 2.684888  0.592698 -1.424232 2.376058
12  4.640938 0.000003 0.000010  0.597715 0.993300 0.483549
13  10.828053 -0.000001 -0.000006  0.125057 -0.174700 -1.025732
14  9.393341 -0.000006 0.000006  1.939538 0.008013 0.055012
15  1.442241 0.107451 -1.746175  1.676524 0.335117 0.502886
16  1.063447 0.000001 0.000006  0.000000 -0.000000 0.191985
17  1.376308 -0.000004 0.000007  0.000000 -0.000000 0.191984
18  4.172850 -0.251369 -1.312744  0.089881 0.033927 1.275522
19  1.215375 0.000002 -0.000003  0.000000 -0.000000 1.221719
20  1.215368 -0.000002 0.000002  0.000000 0.000000 1.221719
21  4.220531 -0.244852 -0.431463  0.024247 0.010099 1.274188
22  1.350420 0.000003 0.000005  0.000000 -0.000000 1.221723
23  1.350418 0.000002 -0.000000  0.000000 -0.000000 1.221723
24  -2.201627 0.316716 -2.614567  -0.622347 1.273868 2.358231
25  4.640934 -0.000004 -0.000017  0.840773 -0.556066 -1.008731
26  10.828047 0.000001 0.000008  0.372594 -1.232925 -0.552316
27  9.393342 0.000008 -0.000001  1.046902 -0.119173 0.046355
28  1.442246 0.107453 1.746170  -1.676495 -0.335133 0.502885
29  1.063451 -0.000002 -0.000001  0.000000 0.000000 0.191985
30  1.376308 0.000005 -0.000001  0.000000 -0.000000 0.191985
31  4.172848 -0.251365 1.312735  -0.089881 -0.033927 1.275522
32  1.215370 0.000001 0.000003  0.000000 -0.000000 1.221715
33  1.215369 0.000000 -0.000000  0.000000 -0.000000 1.221715
34  4.220534 -0.244852 0.431460  -0.024247 -0.010099 1.274188
35  1.350413 -0.000000 -0.000003  -0.000000 -0.000000 1.221715
36  1.350410 -0.000004 -0.000007  -0.000000 0.000000 1.221689
37  4.262828 -0.232720 -1.392185  0.074162 0.025710 1.275053
38  2.110547 -0.000001 -0.000000  0.050233 0.038308 -0.003276
39  0.891925 2.373049 -0.014527  -3.141592 -0.000001 1.413797
40  7.228122 5.709445 3.726568  3.140796 -1.570796 0.000000
41  2.450435 5.076127 0.001325  3.140791 -1.570796 0.000000
42  6.312414 -4.528057 0.001311  -3.029875 -1.570796 0.000000
43  2.233301 1.152534 -7.309138  -1.449999 -1.562088 -0.203063
44  3.061500 2.842763 2.243589  0.000000 -0.000000 1.570796
time 20
0  2.450257 -0.428983 39.534840  -0.001342 0.064514 -1.558379
1  1.246460 -0.203131 0.000008  -0.000031 -1.577896 -1.570772
2  -0.000005 0.000008 4.427392  -0.000014 -3.090585 -0.097176
3  18.465940 -0.000000 -0.000000  -0.000000 0.000000 -0.185684
4  14.875442 -0.000001 -0.000000  0.002682 -0.045606 0.126969
5  0.000004 -0.000003 -4.427393  -0.005735 3.081945 0.026522
6  18.465935 -0.000002 0.000000  0.000000 -0.000000 -0.001959
7  14.875443 -0.000000 -0.000001  0.050404 0.067332 0.093687
8  2.255206 -0.007575 -0.015622  -0.009202 -0.011333 -0.073320
9  9.514216 -0.009356 -0.000000  -0.036542 0.000013 -0.171476
10  11.752192 -0.001494 0.000000  -0.000000 -0.013723 0.178355
11  -2.119602 0.316706 2.677077  0.512285 -1.425592 2.455615
12  4.640939 0.000001 0.000007  0.596386 0.994447 0.480007
13  10.828053 -0.000001 -0.000005  0.122442 -0.172605 -1.018126
14  9.393338 -0.000004 0.000009  1.939538 0.008013 0.055012
15  1.442239 0.107458 -1.746176  1.676524 0.335117 0.502886
16  1.063449 0.000000 -0.000002  -0.000000 -0.000000 0.191985
17  1.376309 0.000000 0.000002  -0.000000 -0.000000 0.191984
18  4.172845 -0.251363 -1.312743  0.089881 0.033927 1.275522
19  1.215373 -0.000001 -0.000002  0.000000 0.000000 1.221719
20  1.215373 0.000000 0.000000  -0.000000 0.000000 1.221719
21  4.220529 -0.244847 -0.431463  0.024247 0.010099 1.274188
22  1.350416 0.000003 0.000001  0.000000 0.000000 1.221723
23  1.350413 0.000000 -0.000000  0.000000 0.000000 1.221723
24  -2.189921 0.316719 -2.622379  -0.544312 1.284157 2.434380
25  4.640936 -0.000004 -0.000014  0.840773 -0.556066 -1.008731
26  10.828045 0.000007 0.000007  0.372594 -1.232925 -0.552316
27  9.393341 0.000007 -0.000000  1.046902 -0.119173 0.046355
28  1.442245 0.107452 1.746179  -1.676495 -0.335133 0.502885
29  1.063451 -0.000002 0.000001  0.000000 0.000000 0.191985
30  1.376308 0.000003 0.000001  -0.000000 0.000000 0.191985
31  4.172846 -0.251367 1.312749  -0.089881 -0.033927 1.275522
32  1.215372 0.000001 -0.000004  0.000000 0.000000 1.221715
33  1.215369 0.000001 -0.000001  0.000000 -0.000000 1.221715
34  4.220532 -0.244855 0.431470  -0.024247 -0.010099 1.274188
35  1.350413 -0.000001 -0.000003  -0.000000 0.000000 1.221715
36  1.350407 -0.000003 -0.000008  -0.000000 -0.000000 1.221689
37  4.262826 -0.232720 -1.392178  0.074162 0.025710 1.275053
38  2.110545 -0.000001 -0.000000  0.045657 0.032204 0.067919
39  0.891941 2.373048 -0.014527  -3.141592 -0.000001 1.413797
40  7.228117 5.709445 3.726568  3.140796 -1.570796 0.000000
41  2.450433 5.076127 0.001325  3.140791 -1.570796 0.000000
42  6.312407 -4.528057 0.001311  -3.031048 -1.570796 0.000000
43  2.233296 1.152535 -7.309138  -1.649316 -1.570796 0.000000
44  3.061500 2.842763 2.243589  0.000000 -0.000000 1.570796
time 21
0  2.368224 -0.295602 39.519081  -0.001726 0.055138 -1.557229
1  1.156613 -0.199225 0.000011  -0.000030 -1.578010 -1.570772
2  -0.000002 0.000008 4.427392  0.000274 -3.087650 -0.098415
3  18.465937 -0.000000 -0.000000  0.000000 0.000000 -0.193287
4  14.875440 -0.000001 0.000001  0.004104 -0.047926 0.123927
5  0.000010 -0.000004 -4.427393  -0.005831 3.084815 0.029049
6  18.465942 -0.000002 0.000000  0.000000 -0.000000 -0.001959
7  14.875443 -0.000000 -0.000000  0.050896 0.065058 0.086821
8  2.255209 -0.007575 -0.015622  -0.009160 -0.011038 -0.068192
9  9.514217 -0.009356 0.000000  -0.026562 0.000430 -0.162731
10  11.752192 -0.001495 0.000000  0.000000 -0.008834 0.178355
11  -2.131326 0.316706 2.665357  0.491420 -1.414386 2.476772
12  4.640940 0.000001 0.000010  0.594545 0.995966 0.475520
13  10.828054 -0.000001 -0.000003  0.119351 -0.170128 -1.009133
14  9.393343 -0.000008 0.000005  1.939538 0.008013 0.055012
15  1.442239 0.107457 -1.746175  1.676524 0.335117 0.502886
16  1.063449 -0.000001 -0.000001  0.000000 -0.000000 0.191985
17  1.376307 0.000001 0.000003  -0.000000 -0.000000 0.191984
18  4.172848 -0.251365 -1.312745  0.089881 0.033927 1.275522
19  1.215373 -0.000001 -0.000001  0.000000 -0.000000 1.221719
20  1.215373 -0.000003 0.000000  0.000000 0.000000 1.221719
21  4.220529 -0.244847 -0.431463  0.024247 0.010099 1.274188
22  1.350426 0.000004 0.000003  -0.000000 0.000000 1.221723
23  1.350413 0.000003 -0.000003  0.000000 -0.000000 1.221723
24  -2.178194 0.316717 -2.634099  -0.469610 1.297895 2.506854
25  4.640936 -0.000003 -0.000002  0.840773 -0.556066 -1.008731
26  10.828047 0.000000 0.000007  0.372594 -1.232925 -0.552316
27  9.393342 0.000003 0.000001  1.046902 -0.119173 0.046355
28  1.442248 0.107454 1.746174  -1.676495 -0.335133 0.502885
29  1.063451 -0.000000 -0.000000  0.000000 0.000000 0.191985
30  1.376308 -0.000002 0.000002  0.000000 -0.000000 0.191985
31  4.172848 -0.251364 1.312743  -0.089881 -0.033927 1.275522
32  1.215372 -0.000002 -0.000002  0.000000 0.000000 1.221715
33  1.215369 -0.000001 -0.000006  0.000000 -0.000000 1.221715
34  4.220534 -0.244853 0.431468  -0.024247 -0.010099 1.274188
35  1.350414 -0.000002 -0.000007  -0.000000 0.000000 1.221715
36  1.350409 -0.000004 -0.000005  -0.000000 0.000000 1.221689
37  4.262830 -0.232717 -1.392182  0.074162 0.025710 1.275053
38  2.110542 -0.000001 -0.000000  0.035220 0.029859 0.046494
39  0.891933 2.373049 -0.014526  -3.141592 -0.000001 1.413797
40  7.228120 5.709445 3.726568  3.140796 -1.570796 0.000000
41  2.450427 5.076128 0.001325  3.140791 -1.570796 0.000000
42  6.312403 -4.528057 0.001311  -3.032579 -1.570796 0.000000
43  2.233304 1.152534 -7.309138  -1.428502 -1.571874 -0.230559
44  3.061500 2.842763 2.243589  0.000000 -0.000000 1.570796
time 22
0  2.165092 -0.144437 39.503323  -0.001438 0.043628 -1.557996
1  1.051141 -0.195318 0.000002  -0.000029 -1.578169 -1.570771
2  -0.000004 0.000008 4.427392  0.000465 -3.081874 -0.094221
3  18.465942 -0.000000 0.000000  0.000000 -0.000000 -0.192556
4  14.875443 -0.000001 -0.000000  0.003927 -0.053822 0.115868
5  0.000007 -0.000003 -4.427392  -0.007556 3.090746 0.001066
6  18.465944 -0.000002 -0.000000  0.000000 -0.000000 -0.072846
7  14.875441 0.000000 -0.000001  0.049281 0.059359 0.118186
8  2.255202 -0.007574 -0.015622  -0.009160 -0.010704 -0.062765
9  9.514222 -0.009356 -0.000000  -0.015457 0.000780 -0.150781
10  11.752185 -0.001495 0.000000  0.000000 -0.003393 0.178355
11  -2.146952 0.316708 2.653637  0.489990 -1.400989 2.478783
12  4.640938 0.000001 0.000003  0.592108 0.997895 0.470021
13  10.828050 -0.000001 -0.000003  0.115822 -0.167300 -0.998864
14  9.393342 -0.000003 0.000004  1.939538 0.008013 0.055012
15  1.442244 0.107450 -1.746175  1.676524 0.335117 0.502886
16  1.063449 0.000001 0.000003  -0.000000 -0.000000 0.191985
17  1.376307 0.000001 -0.000005  -0.000000 -0.000000 0.191984
18  4.172851 -0.251369 -1.312743  0.089881 0.033927 1.275522
19  1.215370 0.000002 -0.000003  -0.000000 -0.000000 1.221719
20  1.215368 -0.000002 0.000000  0.000000 0.000000 1.221719
21  4.220534 -0.244853 -0.431463  0.024247 0.010099 1.274188
22  1.350416 0.000000 0.000001  0.000000 -0.000000 1.221723
23  1.350414 0.000002 0.000000  0.000000 -0.000000 1.221723
24  -2.162567 0.316717 -2.645818  -0.401850 1.310030 2.572491
25  4.640934 -0.000003 -0.000020  0.840773 -0.556066 -1.008731
26  10.828041 -0.000007 0.000005  0.372594 -1.232925 -0.552316
27  9.393341 0.000007 0.000001  1.046902 -0.119173 0.046355
28  1.442247 0.107452 1.746174  -1.676495 -0.335133 0.502885
29  1.063451 0.000003 -0.000000  0.000000 -0.000000 0.191985
30  1.376307 -0.000004 0.000002  -0.000000 -0.000000 0.191985
31  4.172849 -0.251365 1.312741  -0.089881 -0.033927 1.275522
32  1.215371 -0.000002 -0.000003  0.000000 -0.000000 1.221715
33  1.215369 -0.000000 -0.000002  0.000000 -0.000000 1.221715
34  4.220536 -0.244854 0.431462  -0.024247 -0.010099 1.274188
35  1.350414 -0.000000 -0.000000  -0.000000 -0.000000 1.221715
36  1.350408 -0.000002 -0.000002  0.000000 0.000000 1.221689
37  4.262830 -0.232720 -1.392184  0.074162 0.025710 1.275053
38  2.110537 -0.000001 0.000000  0.023497 0.027093 0.011038
39  0.891921 2.373049 -0.014526  -3.141592 -0.000001 1.413797
40  7.228116 5.709445 3.726568  3.140796 -1.570796 0.000000
41  2.450434 5.076127 0.001324  3.140791 -1.570796 0.000000
42  6.312413 -4.528057 0.001311  -3.034467 -1.570796 0.000000
43  2.233302 1.152535 -7.309137  -1.669353 -1.570796 0.000000
44  3.061500 2.842763 2.243589  0.000000 -0.000000 1.570796
time 23
0  1.918991 -0.011056 39.487568  -0.000863 0.032118 -1.559721
1  0.945669 -0.191412 0.000009  -0.000029 -1.578413 -1.570772
2  0.000001 0.000008 4.427392  0.000561 -3.074962 -0.086882
3  18.465944 -0.000000 0.000000  -0.000000 0.000000 -0.186269
4  14.875440 -0.000001 0.000000  0.002896 -0.061122 0.105281
5  0.000010 -0.000003 -4.427392  -0.008227 3.097634 -0.013159
6  18.465940 -0.000002 0.000001  0.000000 -0.000000 -0.113475
7  14.875443 -0.000000 -0.000000  0.046754 0.052296 0.132968
8  2.255209 -0.007574 -0.015622  -0.009160 -0.010272 -0.057703
9  9.514220 -0.009356 -0.000000  -0.004802 0.000981 -0.138268
10  11.752191 -0.001495 0.000000  0.000000 0.001833 0.178355
11  -2.158670 0.316706 2.645826  0.507045 -1.387996 2.462316
12  4.640938 0.000001 0.000008  0.588981 1.000274 0.463437
13  10.828051 -0.000001 -0.000005  0.111892 -0.164151 -0.987431
14  9.393337 -0.000004 0.000013  1.939538 0.008013 0.055012
15  1.442241 0.107453 -1.746175  1.676524 0.335117 0.502886
16  1.063450 0.000000 -0.000003  0.000000 -0.000000 0.191985
17  1.376309 -0.000002 0.000007  -0.000000 -0.000000 0.191984
18  4.172851 -0.251369 -1.312744  0.089881 0.033927 1.275522
19  1.215375 -0.000003 -0.000001  -0.000000 -0.000000 1.221719
20  1.215374 -0.000003 -0.000000  -0.000000 -0.000000 1.221719
21  4.220536 -0.244853 -0.431462  0.024247 0.010099 1.274188
22  1.350416 -0.000001 0.000002  0.000000 -0.000000 1.221723
23  1.350408 -0.000001 -0.000002  0.000000 -0.000000 1.221723
24  -2.150860 0.316717 -2.653631  -0.343347 1.318866 2.629240
25  4.640937 -0.000004 -0.000012  0.840773 -0.556066 -1.008731
26  10.828048 0.000001 0.000008  0.372594 -1.232925 -0.552316
27  9.393343 0.000003 -0.000002  1.046902 -0.119173 0.046355
28  1.442247 0.107451 1.746171  -1.676495 -0.335133 0.502885
29  1.063451 0.000004 0.000001  0.000000 -0.000000 0.191985
30  1.376307 -0.000000 0.000001  -0.000000 -0.000000 0.191985
31  4.172847 -0.251366 1.312737  -0.089881 -0.033927 1.275522
32  1.215374 -0.000000 -0.000002  -0.000000 0.000000 1.221715
33  1.215370 -0.000006 -0.000003  0.000000 -0.000000 1.221715
34  4.220535 -0.244852 0.431456  -0.024247 -0.010099 1.274188
35  1.350417 0.000004 0.000003  -0.000000 -0.000000 1.221715
36  1.350407 -0.000002 -0.000004  -0.000000 0.000000 1.221689
37  4.262828 -0.232720 -1.392189  0.074162 0.025710 1.275053
38  2.110530 -0.000001 -0.000000  0.012391 0.023905 -0.028750
39  0.891930 2.373049 -0.014527  -3.141592 -0.000001 1.413797
40  7.228119 5.709446 3.726568  3.140796 -1.570796 0.000000
41  2.450428 5.076127 0.001325  3.140791 -1.570796 0.000000
42  6.312409 -4.528057 0.001311  -3.036712 -1.570796 0.000000
43  2.233304 1.152535 -7.309137  -1.397852 -1.568990 -0.277160
44  3.061500 2.842763 2.243589  0.000000 -0.000000 1.570796
time 24
0  1.700235 0.104540 39.471809  -0.000192 0.022649 -1.561351
1  0.859728 -0.187506 0.000002  -0.000030 -1.578844 -1.570772
2  -0.000002 0.000008 4.427392  0.000561 -3.068618 -0.079638
3  18.465940 -0.000000 -0.000000  0.000000 -0.000000 -0.178520
4  14.875445 -0.000001 0.000001  0.001793 -0.067614 0.095366
5  0.000011 -0.000004 -4.427393  -0.008419 3.103947 -0.019897
6  18.465944 -0.000002 0.000000  0.000000 -0.000000 -0.135792
7  14.875439 -0.000000 -0.000000  0.044368 0.045991 0.139008
8  2.255208 -0.007575 -0.015622  -0.009160 -0.009703 -0.053666
9  9.514219 -0.009356 -0.000000  0.003752 0.001048 -0.127833
10  11.752197 -0.001494 -0.000000  0.000000 0.006123 0.178355
11  -2.170387 0.316703 2.638013  0.530864 -1.375858 2.439339
12  4.640938 0.000000 0.000010  0.585067 1.003136 0.455688
13  10.828061 -0.000000 -0.000004  0.107600 -0.160712 -0.974945
14  9.393340 -0.000006 0.000008  1.939538 0.008013 0.055012
15  1.442241 0.107458 -1.746178  1.676524 0.335117 0.502886
16  1.063451 -0.000001 0.000003  -0.000000 -0.000000 0.191985
17  1.376309 -0.000002 0.000008  -0.000000 -0.000000 0.191984
18  4.172848 -0.251362 -1.312747  0.089881 0.033927 1.275522
19  1.215371 -0.000001 -0.000003  0.000000 -0.000000 1.221719
20  1.215375 -0.000006 0.000001  -0.000000 0.000000 1.221719
21  4.220531 -0.244847 -0.431465  0.024247 0.010099 1.274188
22  1.350421 0.000006 0.000003  -0.000000 -0.000000 1.221723
23  1.350415 0.000004 0.000001  -0.000000 -0.000000 1.221723
24  -2.139133 0.316717 -2.661443  -0.290213 1.325191 2.680860
25  4.640937 -0.000002 -0.000010  0.840773 -0.556066 -1.008731
26  10.828044 0.000001 0.000009  0.372594 -1.232925 -0.552316
27  9.393340 0.000004 -0.000001  1.046902 -0.119173 0.046355
28  1.442248 0.107452 1.746171  -1.676495 -0.335133 0.502885
29  1.063451 -0.000000 -0.000003  0.000000 -0.000000 0.191985
30  1.376309 0.000003 -0.000001  0.000000 0.000000 0.191985
31  4.172849 -0.251366 1.312740  -0.089881 -0.033927 1.275522
32  1.215371 0.000001 0.000002  0.000000 0.000000 1.221715
33  1.215369 -0.000001 0.000001  0.000000 -0.000000 1.221715
34  4.220537 -0.244852 0.431462  -0.024247 -0.010099 1.274188
35  1.350414 -0.000001 0.000002  -0.000000 0.000000 1.221715
36  1.350408 -0.000000 -0.000004  -0.000000 0.000000 1.221689
37  4.262830 -0.232719 -1.392186  0.074162 0.025710 1.275053
38  2.110536 -0.000001 -0.000000  0.003599 0.020748 -0.063312
39  0.891920 2.373049 -0.014527  -3.141592 -0.000001 1.413797
40  7.228117 5.709445 3.726568  3.140796 -1.570796 0.000000
41  2.450427 5.076127 0.001325  3.140791 -1.570796 0.000000
42  6.312405 -4.528057 0.001311  -3.039264 -1.570796 0.000000
43  2.233303 1.152535 -7.309138  -1.399574 -1.566602 -0.280036
44  3.061500 2.842763 2.243589  0.000000 -0.000000 1.570796
time 25
0  1.583043 0.166785 39.471809  0.000000 0.017358 -1.562118
1  0.812852 -0.187506 0.000002  -0.000030 -1.579505 -1.570772
2  -0.000002 0.000008 4.427392  0.000561 -3.064735 -0.076493
3  18.465942 -0.000000 0.000000  0.000000 0.000000 -0.175742
4  14.875443 -0.000001 -0.000000  0.001402 -0.071083 0.090428
5  0.000006 -0.000003 -4.427393  -0.008323 3.107774 -0.022237
6  18.465937 -0.000002 0.000000  0.000000 -0.000000 -0.144784
7  14.875442 -0.000000 -0.000001  0.043245 0.042595 0.140321
8  2.255205 -0.007574 -0.019529  -0.009160 -0.008937 -0.051350
9  9.514222 -0.009356 -0.000000  0.008629 0.001048 -0.122097
10  11.752193 -0.001493 -0.000000  -0.000000 0.008712 0.178355
11  -2.178199 0.316706 2.634106  0.539439 -1.368908 2.431106
12  4.640940 0.000000 0.000003  0.580258 1.006514 0.446686
13  10.828048 -0.000002 -0.000004  0.102984 -0.157013 -0.961516
14  9.393336 -0.000007 0.000014  1.939538 0.008013 0.055012
15  1.442241 0.107453 -1.746177  1.676524 0.335117 0.502886
16  1.063450 -0.000002 0.000006  -0.000000 -0.000000 0.191985
17  1.376310 -0.000002 0.000003  -0.000000 -0.000000 0.191984
18  4.172847 -0.251367 -1.312746  0.089881 0.033927 1.275522
19  1.215369 0.000001 -0.000001  -0.000000 0.000000 1.221719
20  1.215374 -0.000003 0.000001  0.000000 0.000000 1.221719
21  4.220530 -0.244851 -0.431464  0.024247 0.010099 1.274188
22  1.350418 0.000005 0.000001  0.000000 -0.000000 1.221723
23  1.350407 0.000003 0.000000  0.000000 -0.000000 1.221723
24  -2.131313 0.316718 -2.665350  -0.263183 1.327642 2.707098
25  4.640935 -0.000005 -0.000019  0.840773 -0.556066 -1.008731
26  10.828043 0.000001 0.000006  0.372594 -1.232925 -0.552316
27  9.393340 0.000003 0.000002  1.046902 -0.119173 0.046355
28  1.442245 0.107453 1.746176  -1.676495 -0.335133 0.502885
29  1.063451 -0.000001 0.000000  0.000000 -0.000000 0.191985
30  1.376309 0.000002 0.000000  0.000000 0.000000 0.191985
31  4.172846 -0.251363 1.312742  -0.089881 -0.033927 1.275522
32  1.215372 0.000002 0.000006  0.000000 0.000000 1.221715
33  1.215370 -0.000001 -0.000002  0.000000 -0.000000 1.221715
34  4.220533 -0.244852 0.431462  -0.024247 -0.010099 1.274188
35  1.350413 -0.000001 0.000001  -0.000000 -0.000000 1.221715
36  1.350407 -0.000004 -0.000003  -0.000000 0.000000 1.221689
37  4.262827 -0.232719 -1.392179  0.074162 0.025710 1.275053
38  2.110543 -0.000000 -0.000000  -0.001234 0.018553 -0.083041
39  0.891928 2.373049 -0.014527  -3.141592 -0.000001 1.413797
40  7.228118 5.709447 3.726568  3.140796 -1.570796 0.000000
41  2.450435 5.076128 0.001325  3.140791 -1.570796 0.000000
42  6.312413 -4.528057 0.001311  -3.042071 -1.570796 0.000000
43  2.233299 1.152535 -7.309137  -1.401101 -1.564185 -0.282435
44  3.061500 2.842763 2.243589  0.000000 -0.000000 1.570796
time 26
0  1.555699 0.202353 39.471809  0.000000 0.015316 -1.561447
1  0.797227 -0.187506 0.000005  -0.000030 -1.580597 -1.570772
2  -0.000002 0.000008 4.427392  0.000849 -3.062747 -0.077636
3  18.465940 -0.000000 0.000000  -0.000000 -0.000000 -0.179324
4  14.875442 -0.000001 -0.000000  0.002256 -0.071892 0.090784
5  0.000002 -0.000003 -4.427393  -0.008227 3.109783 -0.021395
6  18.465935 -0.000002 0.000001  0.000000 -0.000000 -0.144522
7  14.875443 0.000000 -0.000000  0.043771 0.041777 0.138821
8  2.255207 -0.007574 -0.019529  -0.009497 -0.007817 -0.050721
9  9.514218 -0.009356 -0.000000  0.011068 0.001062 -0.120386
10  11.752197 -0.001493 0.000000  0.000000 0.009922 0.176737
11  -2.182112 0.312801 2.630200  0.532960 -1.366516 2.439244
12  4.640938 0.000001 0.000008  0.574440 1.010438 0.436332
13  10.828053 -0.000002 -0.000004  0.098083 -0.153086 -0.947255
14  9.393341 -0.000001 0.000008  1.939538 0.008013 0.055012
15  1.442238 0.107454 -1.746175  1.676524 0.335117 0.502886
16  1.063448 0.000000 -0.000001  0.000000 -0.000000 0.191985
17  1.376309 0.000000 0.000004  -0.000000 -0.000000 0.191984
18  4.172845 -0.251364 -1.312743  0.089881 0.033927 1.275522
19  1.215369 -0.000002 -0.000002  -0.000000 0.000000 1.221719
20  1.215369 -0.000001 -0.000001  0.000000 -0.000000 1.221719
21  4.220529 -0.244850 -0.431462  0.024247 0.010099 1.274188
22  1.350420 0.000000 0.000004  0.000000 -0.000000 1.221723
23  1.350412 0.000000 0.000000  0.000000 -0.000000 1.221723
24  -2.127420 0.312813 -2.669255  -0.258832 1.327188 2.713081
25  4.640935 -0.000004 -0.000019  0.840773 -0.556066 -1.008731
26  10.828050 -0.000000 0.000008  0.372594 -1.232925 -0.552316
27  9.393341 0.000005 0.000000  1.046902 -0.119173 0.046355
28  1.442247 0.107454 1.746180  -1.676495 -0.335133 0.502885
29  1.063452 0.000003 -0.000001  0.000000 -0.000000 0.191985
30  1.376307 -0.000007 0.000001  0.000000 -0.000000 0.191985
31  4.172846 -0.251364 1.312748  -0.089881 -0.033927 1.275522
32  1.215370 -0.000000 0.000001  -0.000000 0.000000 1.221715
33  1.215369 -0.000000 0.000000  0.000000 -0.000000 1.221715
34  4.220533 -0.244852 0.431467  -0.024247 -0.010099 1.274188
35  1.350412 0.000000 -0.000002  -0.000000 -0.000000 1.221715
36  1.350407 -0.000005 -0.000009  -0.000000 0.000000 1.221689
37  4.262828 -0.232719 -1.392175  0.074162 0.025710 1.275053
38  2.110534 -0.000001 0.000000  -0.003342 0.017501 -0.089256
39  0.891925 2.373049 -0.014527  -3.141592 -0.000001 1.413797
40  7.228118 5.709447 3.726569  3.140796 -1.570796 0.000000
41  2.450430 5.076127 0.001325  3.140791 -1.570796 0.000000
42  6.312406 -4.528057 0.001311  -3.045132 -1.570796 0.000000
43  2.233298 1.152535 -7.309138  -1.402542 -1.562117 -0.284826
44  3.061500 2.842763 2.243589  0.000000 -0.000000 1.570796
time 27
0  1.547886 0.229029 39.471809  -0.000288 0.013924 -1.559530
1  0.801133 -0.187506 0.000002  -0.000030 -1.582121 -1.570772
2  -0.000003 0.000008 4.427392  0.001136 -3.060948 -0.079924
3  18.465937 0.000000 -0.000000  0.000000 -0.000000 -0.185465
4  14.875444 -0.000001 0.000001  0.004211 -0.071977 0.093193
5  0.000004 -0.000003 -4.427393  -0.008035 3.111696 -0.018119
6  18.465939 -0.000002 0.000000  -0.000000 -0.000000 -0.139599
7  14.875443 0.000000 0.000001  0.045526 0.041595 0.135782
8  2.255209 -0.007575 -0.023435  -0.010341 -0.006227 -0.051152
9  9.514220 -0.009356 -0.000000  0.013356 0.001075 -0.120040
10  11.752193 -0.001494 0.000000  0.000000 0.010629 0.172595
11  -2.182109 0.304989 2.630200  0.524385 -1.365080 2.451977
12  4.640938 0.000002 0.000005  0.567486 1.014933 0.424516
13  10.828052 -0.000001 -0.000003  0.092933 -0.148959 -0.932273
14  9.393342 -0.000002 0.000010  1.939538 0.008013 0.055012
15  1.442241 0.107455 -1.746176  1.676524 0.335117 0.502886
16  1.063450 -0.000001 -0.000001  -0.000000 -0.000000 0.191985
17  1.376308 -0.000001 0.000006  -0.000000 -0.000000 0.191984
18  4.172848 -0.251365 -1.312744  0.089881 0.033927 1.275522
19  1.215375 0.000004 -0.000002  -0.000000 -0.000000 1.221719
20  1.215371 -0.000002 0.000000  -0.000000 -0.000000 1.221719
21  4.220531 -0.244848 -0.431463  0.024247 0.010099 1.274188
22  1.350419 0.000002 0.000002  0.000000 -0.000000 1.221723
23  1.350411 0.000002 -0.000000  0.000000 -0.000000 1.221723
24  -2.127417 0.304999 -2.669257  -0.259017 1.325736 2.717183
25  4.640934 -0.000004 -0.000018  0.840773 -0.556066 -1.008731
26  10.828045 0.000001 0.000006  0.372594 -1.232925 -0.552316
27  9.393344 0.000004 0.000000  1.046902 -0.119173 0.046355
28  1.442249 0.107454 1.746176  -1.676495 -0.335133 0.502885
29  1.063451 0.000002 -0.000001  0.000000 0.000000 0.191985
30  1.376308 0.000006 -0.000002  -0.000000 -0.000000 0.191985
31  4.172849 -0.251363 1.312742  -0.089881 -0.033927 1.275522
32  1.215371 -0.000000 -0.000003  -0.000000 0.000000 1.221715
33  1.215370 -0.000003 -0.000004  0.000000 -0.000000 1.221715
34  4.220537 -0.244851 0.431463  -0.024247 -0.010099 1.274188
35  1.350416 0.000000 -0.000004  -0.000000 0.000000 1.221715
36  1.350408 0.000000 -0.000003  -0.000000 0.000000 1.221689
37  4.262828 -0.232721 -1.392174  0.074162 0.025710 1.275053
38  2.110538 -0.000000 -0.000000  -0.004885 0.016899 -0.090575
39  0.891919 2.373049 -0.014527  -3.141592 -0.000001 1.413797
40  7.228125 5.709446 3.726568  3.140796 -1.570796 0.000000
41  2.450433 5.076127 0.001325  3.140791 -1.570796 0.000000
42  6.312409 -4.528057 0.001311  -3.048398 -1.570796 0.000000
43  2.233304 1.152535 -7.309138  -1.400625 -1.562088 -0.288271
44  3.061500 2.842763 2.243589  0.000000 -0.000000 1.570796
time 28
0  1.563512 0.237921 39.471809  -0.000575 0.013088 -1.556845
1  0.820665 -0.187506 0.000007  -0.000030 -1.583946 -1.570772
2  0.000000 0.000008 4.427392  0.001519 -3.059244 -0.083069
3  18.465942 -0.000000 -0.000001  -0.000000 0.000000 -0.193214
4  14.875446 -0.000001 0.000001  0.007020 -0.071466 0.097025
5  0.000008 -0.000003 -4.427392  -0.007844 3.113514 -0.012785
6  18.465940 -0.000002 0.000000  0.000000 -0.000000 -0.130738
7  14.875443 -0.000000 -0.000000  0.048193 0.041928 0.131467
8  2.255207 -0.007574 -0.027342  -0.011607 -0.004341 -0.052442
9  9.514218 -0.009356 -0.000000  0.015420 0.001116 -0.120841
10  11.752198 -0.001493 -0.000000  0.000000 0.010917 0.166993
11  -2.186006 0.289362 2.626294  0.514286 -1.364426 2.467581
12  4.640938 0.000001 0.000010  0.559259 1.020020 0.411115
13  10.828058 -0.000001 -0.000007  0.087574 -0.144665 -0.916681
14  9.393340 -0.000004 0.000009  1.939538 0.008013 0.055012
15  1.442244 0.107451 -1.746176  1.676524 0.335117 0.502886
16  1.063448 -0.000001 -0.000002  -0.000000 -0.000000 0.191985
17  1.376309 0.000000 0.000007  -0.000000 -0.000000 0.191984
18  4.172851 -0.251369 -1.312746  0.089881 0.033927 1.275522
19  1.215373 0.000005 -0.000000  0.000000 0.000000 1.221719
20  1.215373 -0.000002 0.000003  -0.000000 -0.000000 1.221719
21  4.220536 -0.244855 -0.431466  0.024247 0.010099 1.274188
22  1.350420 0.000004 0.000004  0.000000 0.000000 1.221723
23  1.350412 0.000001 0.000000  0.000000 0.000000 1.221723
24  -2.127407 0.289372 -2.669256  -0.262720 1.323527 2.719405
25  4.640936 -0.000003 -0.000016  0.840773 -0.556066 -1.008731
26  10.828045 -0.000002 0.000005  0.372594 -1.232925 -0.552316
27  9.393344 0.000006 -0.000002  1.046902 -0.119173 0.046355
28  1.442247 0.107453 1.746177  -1.676495 -0.335133 0.502885
29  1.063451 -0.000003 0.000002  0.000000 0.000000 0.191985
30  1.376308 0.000000 0.000001  -0.000000 -0.000000 0.191985
31  4.172847 -0.251366 1.312748  -0.089881 -0.033927 1.275522
32  1.215370 0.000001 0.000001  -0.000000 0.000000 1.221715
33  1.215369 -0.000003 0.000000  0.000000 -0.000000 1.221715
34  4.220535 -0.244851 0.431465  -0.024247 -0.010099 1.274188
35  1.350414 -0.000000 0.000002  -0.000000 -0.000000 1.221715
36  1.350406 -0.000003 -0.000002  -0.000000 0.000000 1.221689
37  4.262826 -0.232720 -1.392174  0.074162 0.025710 1.275053
38  2.110547 -0.000001 -0.000000  -0.005913 0.016719 -0.088079
39  0.891929 2.373049 -0.014527  -3.141592 -0.000001 1.413797
40  7.228128 5.709448 3.726568  3.140796 -1.570796 0.000000
41  2.450431 5.076127 0.001325  3.140791 -1.570796 0.000000
42  6.312409 -4.528057 0.001311  -3.051868 -1.570796 0.000000
43  2.233303 1.152535 -7.309137  -1.410211 -1.562088 -0.271711
44  3.061500 2.842763 2.243589  0.000000 -0.000000 1.570796
time 29
0  1.590856 0.246813 39.471809  -0.000959 0.012903 -1.553489
1  0.848009 -0.187506 0.000005  -0.000030 -1.585929 -1.570772
2  -0.000001 0.000008 4.427392  0.001903 -3.057729 -0.086691
3  18.465940 -0.000000 -0.000001  0.000000 0.000000 -0.201841
4  14.875443 -0.000001 -0.000001  0.010362 -0.070509 0.101845
5  0.000006 -0.000003 -4.427392  -0.007556 3.115044 -0.005766
6  18.465937 -0.000002 0.000000  0.000000 -0.000000 -0.118398
7  14.875445 -0.000000 -0.000000  0.051527 0.042686 0.125915
8  2.255206 -0.007574 -0.031248  -0.013126 -0.002279 -0.054361
9  9.514215 -0.009356 -0.000000  0.017220 0.001169 -0.122486
10  11.752200 -0.001493 0.000000  0.000000 0.010881 0.161036
11  -2.189918 0.277643 2.626293  0.503234 -1.364400 2.484431
12  4.640940 0.000001 0.000011  0.549604 1.025717 0.395987
13  10.828055 -0.000002 -0.000003  0.082043 -0.140233 -0.900589
14  9.393337 -0.000009 0.000009  1.939538 0.008013 0.055012
15  1.442242 0.107454 -1.746179  1.676524 0.335117 0.502886
16  1.063448 0.000000 0.000001  0.000000 -0.000000 0.191985
17  1.376308 0.000000 0.000001  -0.000000 -0.000000 0.191984
18  4.172849 -0.251365 -1.312746  0.089881 0.033927 1.275522
19  1.215372 -0.000001 -0.000003  -0.000000 0.000000 1.221719
20  1.215374 -0.000001 0.000003  -0.000000 0.000000 1.221719
21  4.220531 -0.244852 -0.431466  0.024247 0.010099 1.274188
22  1.350419 0.000000 0.000002  0.000000 -0.000000 1.221723
23  1.350409 0.000001 -0.000001  0.000000 -0.000000 1.221723
24  -2.131324 0.277654 -2.669256  -0.268829 1.320803 2.719576
25  4.640935 -0.000003 -0.000007  0.840773 -0.556066 -1.008731
26  10.828046 -0.000002 0.000006  0.372594 -1.232925 -0.552316
27  9.393340 0.000001 0.000000  1.046902 -0.119173 0.046355
28  1.442247 0.107452 1.746178  -1.676495 -0.335133 0.502885
29  1.063451 -0.000000 -0.000001  0.000000 -0.000000 0.191985
30  1.376306 0.000001 0.000001  0.000000 -0.000000 0.191985
31  4.172846 -0.251366 1.312748  -0.089881 -0.033927 1.275522
32  1.215372 0.000001 0.000004  0.000000 0.000000 1.221715
33  1.215370 -0.000000 -0.000001  -0.000000 -0.000000 1.221715
34  4.220535 -0.244852 0.431467  -0.024247 -0.010099 1.274188
35  1.350414 -0.000001 -0.000003  -0.000000 0.000000 1.221715
36  1.350408 -0.000003 -0.000012  -0.000000 0.000000 1.221689
37  4.262828 -0.232721 -1.392176  0.074162 0.025710 1.275053
38  2.110541 -0.000001 -0.000000  -0.006478 0.016839 -0.082853
39  0.891935 2.373049 -0.014527  -3.141592 -0.000001 1.413797
40  7.228131 5.709447 3.726568  3.140796 -1.570796 0.000000
41  2.450429 5.076128 0.001325  3.140791 -1.570796 0.000000
42  6.312407 -4.528058 0.001311  -3.055491 -1.570796 0.000000
43  2.233303 1.152535 -7.309137  -1.421620 -1.562088 -0.251892
44  3.061500 2.842763 2.243589  0.000000 -0.000000 1.570796
time 30
0  1.629920 0.246813 39.471809  -0.001438 0.013088 -1.549846
1  0.879260 -0.187506 0.000002  -0.000030 -1.587956 -1.570772
2  -0.000005 0.000008 4.427392  0.002382 -3.056403 -0.090409
3  18.465937 -0.000000 -0.000000  0.000000 0.000000 -0.210687
4  14.875443 -0.000001 -0.000001  0.013952 -0.069232 0.107138
5  0.000006 -0.000003 -4.427393  -0.007364 3.116383 0.002751
6  18.465939 -0.000002 0.000000  0.000000 -0.000000 -0.102842
7  14.875443 -0.000000 0.000000  0.055142 0.043717 0.119011
8  2.255203 -0.007574 -0.035154  -0.014814 -0.000217 -0.056644
9  9.514220 -0.009356 0.000000  0.018759 0.001236 -0.124716
10  11.752191 -0.001495 0.000000  -0.000012 0.010593 0.155828
11  -2.189924 0.265925 2.630198  0.491896 -1.364803 2.500898
12  4.640940 0.000002 0.000008  0.538354 1.032031 0.378975
13  10.828053 -0.000001 -0.000005  0.076379 -0.135694 -0.884110
14  9.393344 0.000000 0.000008  1.939538 0.008013 0.055012
15  1.442241 0.107451 -1.746176  1.676524 0.335117 0.502886
16  1.063448 0.000000 0.000002  0.000000 -0.000000 0.191985
17  1.376309 0.000001 0.000004  -0.000000 -0.000000 0.191984
18  4.172848 -0.251370 -1.312745  0.089881 0.033927 1.275522
19  1.215372 0.000004 -0.000002  -0.000000 -0.000000 1.221719
20  1.215371 -0.000005 0.000001  -0.000000 0.000000 1.221719
21  4.220531 -0.244855 -0.431463  0.024247 0.010099 1.274188
22  1.350421 0.000003 0.000003  0.000000 0.000000 1.221723
23  1.350402 0.000003 -0.000004  0.000000 -0.000000 1.221723
24  -2.131324 0.265932 -2.669258  -0.276420 1.317807 2.717610
25  4.640935 -0.000004 -0.000013  0.840773 -0.556066 -1.008731
26  10.828047 0.000000 0.000009  0.372594 -1.232925 -0.552316
27  9.393345 0.000001 0.000001  1.046902 -0.119173 0.046355
28  1.442244 0.107454 1.746180  -1.676495 -0.335133 0.502885
29  1.063451 -0.000006 0.000004  0.000000 0.000000 0.191985
30  1.376309 -0.000002 0.000001  0.000000 0.000000 0.191985
31  4.172845 -0.251364 1.312744  -0.089881 -0.033927 1.275522
32  1.215372 0.000000 -0.000003  0.000000 0.000000 1.221715
33  1.215369 0.000001 0.000001  -0.000000 0.000000 1.221715
34  4.220531 -0.244851 0.431466  -0.024247 -0.010099 1.274188
35  1.350417 0.000001 -0.000000  -0.000000 -0.000000 1.221715
36  1.350408 -0.000003 -0.000006  -0.000000 0.000000 1.221689
37  4.262823 -0.232719 -1.392175  0.074162 0.025710 1.275053
38  2.110536 -0.000001 -0.000000  -0.006633 0.017230 -0.075978
39  0.891920 2.373048 -0.014527  -3.141592 -0.000001 1.413797
40  7.228124 5.709446 3.726568  3.140796 -1.570796 0.000000
41  2.450432 5.076127 0.001325  3.140791 -1.570796 0.000000
42  6.312414 -4.528057 0.001311  -3.059216 -1.570796 0.000000
43  2.233298 1.152535 -7.309138  -1.430728 -1.562088 -0.236095
44  3.061500 2.842763 2.243589  0.000000 -0.000000 1.570796
time 31
0  1.676796 0.237921 39.456055  -0.001822 0.013552 -1.546299
1  0.918324 -0.187506 0.000011  -0.000030 -1.589867 -1.570772
2  -0.000002 0.000008 4.427392  0.002765 -3.055456 -0.094030
3  18.465940 0.000000 -0.000000  0.000000 0.000000 -0.219094
4  14.875445 -0.000001 -0.000001  0.017543 -0.067784 0.112471
5  0.000003 -0.000003 -4.427392  -0.007077 3.117436 0.012577
6  18.465942 -0.000002 0.000001  0.000000 -0.000000 -0.084005
7  14.875443 -0.000000 -0.000000  0.058827 0.044899 0.110607
8  2.255201 -0.007574 -0.039061  -0.016459 0.001727 -0.059126
9  9.514224 -0.009356 -0.000000  0.019959 0.001304 -0.127271
10  11.752186 -0.001496 -0.000000  -0.000000 0.010162 0.152396
11  -2.189924 0.258113 2.630199  0.480844 -1.365483 2.515258
12  4.640939 0.000000 0.000004  0.525318 1.038967 0.359899
13  10.828050 -0.000001 -0.000005  0.070619 -0.131079 -0.867354
14  9.393343 -0.000005 0.000006  1.939538 0.008013 0.055012
15  1.442242 0.107455 -1.746177  1.676524 0.335117 0.502886
16  1.063448 -0.000000 0.000001  -0.000000 -0.000000 0.191985
17  1.376310 -0.000000 0.000004  0.000000 -0.000000 0.191984
18  4.172849 -0.251369 -1.312747  0.089881 0.033927 1.275522
19  1.215368 -0.000001 -0.000003  -0.000000 -0.000000 1.221719
20  1.215375 -0.000002 0.000003  -0.000000 0.000000 1.221719
21  4.220529 -0.244848 -0.431463  0.024247 0.010099 1.274188
22  1.350419 0.000006 0.000003  -0.000000 0.000000 1.221723
23  1.350410 0.000002 0.000000  0.000000 0.000000 1.221723
24  -2.135229 0.258123 -2.669256  -0.284566 1.314751 2.713337
25  4.640938 -0.000002 -0.000019  0.840773 -0.556066 -1.008731
26  10.828044 -0.000005 0.000008  0.372594 -1.232925 -0.552316
27  9.393343 0.000002 -0.000002  1.046902 -0.119173 0.046355
28  1.442245 0.107455 1.746171  -1.676495 -0.335133 0.502885
29  1.063451 0.000000 0.000002  0.000000 0.000000 0.191985
30  1.376309 0.000003 0.000001  0.000000 0.000000 0.191985
31  4.172846 -0.251363 1.312736  -0.089881 -0.033927 1.275522
32  1.215372 0.000001 -0.000002  -0.000000 -0.000000 1.221715
33  1.215370 0.000000 0.000002  0.000000 -0.000000 1.221715
34  4.220533 -0.244850 0.431458  -0.024247 -0.010099 1.274188
35  1.350415 -0.000000 -0.000004  -0.000000 0.000000 1.221715
36  1.350410 -0.000003 -0.000002  0.000000 0.000000 1.221689
37  4.262826 -0.232718 -1.392184  0.074162 0.025710 1.275053
38  2.110539 -0.000001 -0.000000  -0.006427 0.017741 -0.068538
39  0.891925 2.373049 -0.014527  -3.141592 -0.000001 1.413797
40  7.228118 5.709446 3.726567  3.140796 -1.570796 0.000000
41  2.450430 5.076127 0.001324  3.140791 -1.570796 0.000000
42  6.312412 -4.528056 0.001311  -3.063095 -1.570796 0.000000
43  2.233299 1.152535 -7.309137  -1.418842 -1.564680 -0.237050
44  3.061500 2.842763 2.243589  0.000000 -0.000000 1.570796
time 32
0  1.723673 0.229029 39.456055  -0.002205 0.014295 -1.542943
1  0.953481 -0.187506 0.000007  0.000033 -1.591535 -1.570821
2  -0.000007 0.000008 4.427392  0.003052 -3.054793 -0.097271
3  18.465942 -0.000000 0.000000  -0.000000 0.000000 -0.226624
4  14.875445 -0.000001 -0.000000  0.020814 -0.066316 0.117488
5  0.000001 -0.000003 -4.427393  -0.006885 3.118201 0.023901
6  18.465940 -0.000002 0.000001  0.000000 -0.000000 -0.061688
7  14.875446 0.000000 0.000000  0.062197 0.046142 0.100365
8  2.255203 -0.007575 -0.042967  -0.018020 0.003436 -0.061508
9  9.514224 -0.009356 -0.000000  0.020785 0.001371 -0.129912
10  11.752195 -0.001494 0.000000  0.000000 0.009659 0.151844
11  -2.186006 0.258110 2.630200  0.470745 -1.366289 2.525789
12  4.640939 -0.000000 0.000009  0.510287 1.046517 0.338554
13  10.828046 -0.000001 -0.000004  0.064803 -0.126418 -0.850431
14  9.393339 -0.000005 0.000010  1.939538 0.008013 0.055012
15  1.442241 0.107456 -1.746176  1.676524 0.335117 0.502886
16  1.063449 -0.000000 0.000000  -0.000000 -0.000000 0.191985
17  1.376311 0.000000 0.000001  -0.000000 0.000000 0.191984
18  4.172852 -0.251367 -1.312744  0.089881 0.033927 1.275522
19  1.215370 -0.000003 0.000000  -0.000000 0.000000 1.221719
20  1.215369 -0.000004 0.000001  -0.000000 0.000000 1.221719
21  4.220531 -0.244848 -0.431464  0.024247 0.010099 1.274188
22  1.350420 0.000001 0.000002  -0.000000 -0.000000 1.221723
23  1.350406 0.000002 -0.000002  0.000000 0.000000 1.221723
24  -2.135224 0.258123 -2.669256  -0.292342 1.311936 2.706414
25  4.640935 -0.000004 -0.000016  0.840773 -0.556066 -1.008731
26  10.828047 -0.000000 0.000010  0.372594 -1.232925 -0.552316
27  9.393340 0.000002 0.000000  1.046902 -0.119173 0.046355
28  1.442244 0.107453 1.746175  -1.676495 -0.335133 0.502885
29  1.063451 -0.000001 -0.000001  0.000000 -0.000000 0.191985
30  1.376307 0.000003 0.000002  -0.000000 -0.000000 0.191985
31  4.172844 -0.251365 1.312742  -0.089881 -0.033927 1.275522
32  1.215372 0.000002 0.000000  0.000000 0.000000 1.221715
33  1.215370 -0.000002 -0.000009  0.000000 -0.000000 1.221715
34  4.220531 -0.244852 0.431464  -0.024247 -0.010099 1.274188
35  1.350413 0.000001 -0.000002  -0.000000 0.000000 1.221715
36  1.350409 -0.000003 -0.000005  -0.000000 0.000000 1.221689
37  4.262823 -0.232720 -1.392177  0.074162 0.025710 1.275053
38  2.110545 -0.000000 -0.000000  -0.005913 0.018343 -0.061617
39  0.891921 2.373049 -0.014527  -3.141592 -0.000001 1.413797
40  7.228123 5.709447 3.726568  3.140796 -1.570796 0.000000
41  2.450432 5.076127 0.001325  3.140791 -1.570796 0.000000
42  6.312412 -4.528056 0.001311  -3.067024 -1.570796 0.000000
43  2.233295 1.152535 -7.309138  -1.441941 -1.559059 -0.202301
44  3.061500 2.842763 2.243589  0.000000 -0.000000 1.570796
time 33
0  1.766643 0.211245 39.456055  -0.002493 0.015223 -1.540163
1  0.984732 -0.187506 0.000008  -0.000030 -1.592813 -1.570772
2  -0.000003 0.000008 4.427392  0.003340 -3.054509 -0.099940
3  18.465942 -0.000000 -0.000000  -0.000000 0.000000 -0.232765
4  14.875442 -0.000001 -0.000000  0.023480 -0.064954 0.121912
5  0.000005 -0.000003 -4.427392  -0.006598 3.118584 0.037471
6  18.465942 -0.000001 0.000001  -0.000000 -0.000000 -0.033858
7  14.875443 -0.000000 -0.000000  0.065039 0.047294 0.086934
8  2.255205 -0.007575 -0.046873  -0.019286 0.004732 -0.063626
9  9.514223 -0.009356 -0.000000  0.021197 0.001425 -0.132358
10  11.752186 -0.001495 0.000000  -0.000000 0.009191 0.155276
11  -2.186011 0.265921 2.630201  0.462456 -1.367095 2.530576
12  4.640937 -0.000000 0.000003  0.493022 1.054665 0.314709
13  10.828045 -0.000002 -0.000002  0.058967 -0.121742 -0.833452
14  9.393335 -0.000008 0.000008  1.939538 0.008013 0.055012
15  1.442240 0.107454 -1.746176  1.676524 0.335117 0.502886
16  1.063447 -0.000000 0.000009  0.000000 -0.000000 0.191985
17  1.376309 0.000000 0.000004  0.000000 0.000000 0.191984
18  4.172847 -0.251366 -1.312746  0.089881 0.033927 1.275522
19  1.215373 -0.000002 0.000001  -0.000000 -0.000000 1.221719
20  1.215371 -0.000001 -0.000002  0.000000 0.000000 1.221719
21  4.220531 -0.244852 -0.431466  0.024247 0.010099 1.274188
22  1.350421 0.000003 -0.000000  0.000000 -0.000000 1.221723
23  1.350410 0.000001 -0.000001  0.000000 0.000000 1.221723
24  -2.135226 0.265936 -2.669256  -0.299007 1.309576 2.696671
25  4.640936 -0.000003 -0.000014  0.840773 -0.556066 -1.008731
26  10.828049 0.000003 0.000004  0.372594 -1.232925 -0.552316
27  9.393342 -0.000003 -0.000002  1.046902 -0.119173 0.046355
28  1.442248 0.107453 1.746176  -1.676495 -0.335133 0.502885
29  1.063451 -0.000001 -0.000002  0.000000 -0.000000 0.191985
30  1.376308 -0.000001 0.000003  -0.000000 0.000000 0.191985
31  4.172846 -0.251366 1.312746  -0.089881 -0.033927 1.275522
32  1.215368 0.000000 -0.000001  -0.000000 0.000000 1.221715
33  1.215370 -0.000000 -0.000002  0.000000 -0.000000 1.221715
34  4.220537 -0.244852 0.431461  -0.024247 -0.010099 1.274188
35  1.350415 -0.000001 -0.000000  -0.000000 -0.000000 1.221715
36  1.350408 0.000002 -0.000010  -0.000000 0.000000 1.221689
37  4.262828 -0.232721 -1.392179  0.074162 0.025710 1.275053
38  2.110548 -0.000001 -0.000000  -0.005090 0.018884 -0.056296
39  0.891930 2.373049 -0.014527  -3.141592 -0.000001 1.413797
40  7.228119 5.709445 3.726568  3.140796 -1.570796 0.000000
41  2.450434 5.076128 0.001325  3.140791 -1.570796 0.000000
42  6.312416 -4.528057 0.001311  -3.071055 -1.570796 0.000000
43  2.233298 1.152535 -7.309137  -1.422096 -1.565757 -0.210438
44  3.061500 2.842763 2.243589  0.000000 -0.000000 1.570796
time 34
0  1.801800 0.193461 39.456055  -0.002684 0.016152 -1.538341
1  1.012077 -0.187506 0.000008  -0.000030 -1.593575 -1.570772
2  -0.000001 0.000008 4.427392  0.003531 -3.054604 -0.101846
3  18.465944 -0.000000 -0.000000  0.000000 -0.000000 -0.237152
4  14.875442 -0.000001 0.000000  0.025258 -0.063847 0.125349
5  0.000003 -0.000003 -4.427393  -0.006310 3.118488 0.052445
6  18.465940 -0.000002 0.000001  0.000000 -0.000000 -0.001959
7  14.875441 0.000000 -0.000000  0.066970 0.048264 0.070989
8  2.255212 -0.007574 -0.050780  -0.020130 0.005498 -0.065214
9  9.514215 -0.009356 -0.000000  0.021160 0.001465 -0.134350
10  11.752194 -0.001494 0.000000  0.000000 0.008856 0.163758
11  -2.182104 0.285455 2.634107  0.456644 -1.367724 2.527799
12  4.640939 0.000001 0.000001  0.473260 1.063383 0.288099
13  10.828051 -0.000002 -0.000009  0.053150 -0.117081 -0.816529
14  9.393339 -0.000003 0.000007  1.939538 0.008013 0.055012
15  1.442242 0.107454 -1.746179  1.676524 0.335117 0.502886
16  1.063452 -0.000001 -0.000005  -0.000000 -0.000000 0.191985
17  1.376310 -0.000002 0.000003  -0.000000 -0.000000 0.191984
18  4.172845 -0.251364 -1.312746  0.089881 0.033927 1.275522
19  1.215372 -0.000003 -0.000003  0.000000 -0.000000 1.221719
20  1.215366 -0.000007 0.000002  -0.000000 -0.000000 1.221719
21  4.220530 -0.244848 -0.431466  0.024247 0.010099 1.274188
22  1.350419 0.000001 0.000004  -0.000000 0.000000 1.221723
23  1.350410 0.000003 0.000000  -0.000000 0.000000 1.221723
24  -2.135232 0.285467 -2.665349  -0.303820 1.307912 2.683681
25  4.640934 -0.000002 -0.000017  0.840773 -0.556066 -1.008731
26  10.828045 0.000005 0.000004  0.372594 -1.232925 -0.552316
27  9.393342 0.000010 -0.000000  1.046902 -0.119173 0.046355
28  1.442244 0.107452 1.746180  -1.676495 -0.335133 0.502885
29  1.063452 0.000002 -0.000000  0.000000 -0.000000 0.191985
30  1.376307 -0.000000 0.000000  0.000000 0.000000 0.191985
31  4.172844 -0.251365 1.312744  -0.089881 -0.033927 1.275522
32  1.215371 0.000001 0.000001  0.000000 0.000000 1.221715
33  1.215369 -0.000002 0.000002  0.000000 -0.000000 1.221715
34  4.220533 -0.244853 0.431465  -0.024247 -0.010099 1.274188
35  1.350414 0.000000 0.000000  -0.000000 -0.000000 1.221715
36  1.350408 -0.000003 -0.000008  -0.000000 0.000000 1.221689
37  4.262825 -0.232720 -1.392178  0.074162 0.025710 1.275053
38  2.110535 -0.000001 -0.000000  -0.004062 0.019275 -0.053659
39  0.891934 2.373049 -0.014527  -3.141592 -0.000001 1.413797
40  7.228119 5.709447 3.726569  3.140796 -1.570796 0.000000
41  2.450425 5.076126 0.001325  3.140791 -1.570796 0.000000
42  6.312407 -4.528056 0.001311  -3.075035 -1.570796 0.000000
43  2.233300 1.152535 -7.309137  -1.493236 -1.562088 -0.129919
44  3.061500 2.842763 2.243589  0.000000 -0.000000 1.570796
time 35
0  1.825238 0.166785 39.456055  -0.002780 0.016987 -1.537670
1  1.023796 -0.187506 0.000003  0.000033 -1.593677 -1.570821
2  0.000002 0.000008 4.427392  0.003531 -3.055172 -0.102799
3  18.465946 -0.000000 0.000000  0.000000 0.000000 -0.239491
4  14.875445 -0.000001 0.000000  0.025898 -0.063144 0.127601
5  0.000010 -0.000003 -4.427393  -0.006214 3.117914 0.052726
6  18.465940 -0.000002 0.000000  -0.000000 -0.000000 -0.001959
7  14.875442 0.000000 -0.000000  0.067742 0.048931 0.072189
8  2.255212 -0.007574 -0.050780  -0.020425 0.005576 -0.066074
9  9.514221 -0.009356 -0.000000  0.020560 0.001478 -0.135627
10  11.752195 -0.001494 0.000000  -0.000000 0.008712 0.178355
11  -2.178198 0.316705 2.634105  0.454071 -1.368001 2.515737
12  4.640938 0.000001 0.000008  0.450705 1.072625 0.258428
13  10.828053 -0.000001 -0.000005  0.047391 -0.112466 -0.799773
14  9.393339 -0.000004 0.000007  1.939538 0.008013 0.055012
15  1.442240 0.107456 -1.746177  1.676524 0.335117 0.502886
16  1.063448 -0.000003 0.000004  -0.000000 0.000000 0.191985
17  1.376310 -0.000002 0.000003  0.000000 -0.000000 0.191984
18  4.172846 -0.251365 -1.312744  0.089881 0.033927 1.275522
19  1.215370 0.000001 -0.000002  0.000000 0.000000 1.221719
20  1.215375 -0.000006 -0.000001  0.000000 -0.000000 1.221719
21  4.220529 -0.244849 -0.431464  0.024247 0.010099 1.274188
22  1.350416 0.000001 0.000002  0.000000 -0.000000 1.221723
23  1.350409 0.000004 -0.000002  0.000000 0.000000 1.221723
24  -2.131318 0.316717 -2.665350  -0.305949 1.307276 2.667015
25  4.640935 -0.000004 -0.000018  0.840773 -0.556066 -1.008731
26  10.828042 -0.000009 0.000009  0.372594 -1.232925 -0.552316
27  9.393340 0.000003 -0.000000  1.046902 -0.119173 0.046355
28  1.442246 0.107452 1.746171  -1.676495 -0.335133 0.502885
29  1.063451 -0.000008 -0.000002  0.000000 0.000000 0.191985
30  1.376310 0.000002 -0.000002  0.000000 0.000000 0.191985
31  4.172847 -0.251364 1.312735  -0.089881 -0.033927 1.275522
32  1.215369 0.000000 -0.000001  -0.000000 0.000000 1.221715
33  1.215370 -0.000002 -0.000009  0.000000 0.000000 1.221715
34  4.220534 -0.244851 0.431459  -0.024247 -0.010099 1.274188
35  1.350413 -0.000000 -0.000003  -0.000000 0.000000 1.221715
36  1.350407 -0.000004 -0.000011  0.000000 0.000000 1.221689
37  4.262827 -0.232720 -1.392184  0.074162 0.025710 1.275053
38  2.110537 -0.000001 -0.000000  -0.002879 0.019425 -0.054789
39  0.891930 2.373049 -0.014527  -3.141592 -0.000001 1.413797
40  7.228127 5.709447 3.726567  3.140796 -1.570796 0.000000
41  2.450427 5.076127 0.001325  3.140791 -1.570796 0.000000
42  6.312410 -4.528057 0.001311  -3.079067 -1.570796 0.000000
43  2.233301 1.152535 -7.309139  -1.511741 -1.563923 -0.113546
44  3.061500 2.842763 2.243589  0.000000 -0.000000 1.570796
time 36
0  1.876021 0.131217 39.456055  -0.002684 0.017730 -1.538437
1  1.023796 -0.187506 0.000001  0.000033 -1.592987 -1.570821
2  -0.000002 0.000008 4.427392  0.003340 -3.057350 -0.102990
3  18.465935 0.000000 0.000000  0.000000 0.000000 -0.241465
4  14.875443 -0.000001 0.000000  0.025080 -0.061740 0.130090
5  0.000007 -0.000003 -4.427393  -0.006214 3.115714 0.051790
6  18.465937 -0.000002 0.000000  0.000000 0.000000 -0.004847
7  14.875441 -0.000000 -0.000001  0.067075 0.050356 0.074891
8  2.255211 -0.007574 -0.046873  -0.020088 0.004869 -0.065975
9  9.514223 -0.009356 -0.000000  0.019472 0.001465 -0.135930
10  11.752194 -0.001492 -0.000000  0.000084 0.007933 0.213742
11  -2.162574 0.390927 2.634105  0.449117 -1.368857 2.485293
12  4.640938 -0.000000 0.000009  0.425436 1.083219 0.225823
13  10.828052 -0.000001 -0.000004  0.041727 -0.107927 -0.783294
14  9.393336 -0.000000 0.000007  1.939538 0.008013 0.055012
15  1.442240 0.107451 -1.746177  1.676020 0.331510 0.505924
16  1.063449 -0.000001 0.000002  -0.000000 0.000000 0.191853
17  1.376311 -0.000001 0.000005  -0.000000 -0.000000 0.191860
18  4.172850 -0.251369 -1.312747  0.090540 0.032129 1.295478
19  1.215372 -0.000001 -0.000001  -0.000000 -0.000000 1.231968
20  1.215369 -0.000004 0.000000  0.000000 -0.000000 1.231968
21  4.220530 -0.244852 -0.431466  0.024451 0.009607 1.294167
22  1.350419 0.000006 0.000002  -0.000000 -0.000000 1.228053
23  1.350413 0.000003 0.000000  0.000000 -0.000000 1.228053
24  -2.119598 0.390939 -2.665349  -0.295674 1.306157 2.641632
25  4.640936 -0.000003 -0.000015  0.840773 -0.556066 -1.008731
26  10.828044 -0.000008 0.000006  0.372594 -1.232925 -0.552316
27  9.393342 0.000001 0.000001  1.046902 -0.119173 0.046355
28  1.442246 0.107454 1.746175  -1.675950 -0.331538 0.505923
29  1.063451 -0.000007 -0.000002  0.000000 0.000000 0.191853
30  1.376309 -0.000001 0.000000  0.000000 -0.000000 0.191853
31  4.172847 -0.251366 1.312743  -0.090540 -0.032129 1.295478
32  1.215374 0.000001 -0.000002  -0.000000 0.000000 1.231955
33  1.215370 -0.000000 -0.000004  0.000000 -0.000000 1.231955
34  4.220534 -0.244852 0.431465  -0.024451 -0.009607 1.294167
35  1.350413 0.000001 -0.000004  0.000000 -0.000000 1.228052
36  1.350409 -0.000004 -0.000009  -0.000000 0.000000 1.228082
37  4.262827 -0.232719 -1.392176  0.074618 0.024356 1.293161
38  2.110542 -0.000000 -0.000000  -0.002622 0.020177 -0.063123
39  0.891924 2.373049 -0.014527  -3.141592 -0.000001 1.413797
40  7.228120 5.709449 3.726568  3.140796 -1.570796 0.000000
41  2.450436 5.076128 0.001325  3.140791 -1.570796 0.000000
42  6.312417 -4.528056 0.001311  -3.083047 -1.570796 0.000000
43  2.233303 1.152535 -7.309137  -1.519312 -1.565787 -0.114124
44  3.061500 2.842763 2.243589  0.000000 -0.000000 1.570796
time 37
0  1.954149 0.060080 39.440296  -0.002397 0.018287 -1.541025
1  1.008171 -0.187506 0.000010  0.000033 -1.591363 -1.570821
2  0.000001 0.000008 4.427392  0.002765 -3.061516 -0.102132
3  18.465940 -0.000000 0.000000  -0.000000 -0.000000 -0.242781
4  14.875446 -0.000001 0.000000  0.022485 -0.059526 0.132855
5  0.000011 -0.000004 -4.427392  -0.006693 3.111505 0.032137
6  18.465944 -0.000002 0.000001  0.000000 -0.000000 -0.050202
7  14.875439 -0.000000 -0.000000  0.064724 0.052751 0.101078
8  2.255209 -0.007575 -0.042967  -0.018864 0.003200 -0.064684
9  9.514219 -0.009356 -0.000000  0.017746 0.001411 -0.134977
10  11.752196 -0.001494 0.000000  0.000156 0.006363 0.273668
11  -2.131325 0.519837 2.638011  0.443115 -1.370494 2.431298
12  4.640937 -0.000000 0.000014  0.397706 1.095677 0.190596
13  10.828055 -0.000001 -0.000005  0.036196 -0.103495 -0.767202
14  9.393339 -0.000007 0.000006  1.939538 0.008013 0.055012
15  1.442238 0.107455 -1.746176  1.674954 0.324308 0.511999
16  1.063451 0.000000 -0.000002  -0.000000 -0.000000 0.191601
17  1.376309 0.000000 0.000001  -0.000000 -0.000000 0.191597
18  4.172847 -0.251368 -1.312746  0.091751 0.028486 1.335349
19  1.215370 0.000001 -0.000002  0.000000 -0.000000 1.252426
20  1.215372 -0.000003 0.000000  -0.000000 0.000000 1.252426
21  4.220528 -0.244848 -0.431464  0.024811 0.008625 1.334204
22  1.350416 0.000003 -0.000001  0.000000 -0.000000 1.240795
23  1.350410 0.000003 -0.000001  0.000000 -0.000000 1.240795
24  -2.096164 0.519850 -2.661443  -0.273273 1.304674 2.603429
25  4.640934 -0.000004 -0.000019  0.840773 -0.556066 -1.008731
26  10.828044 -0.000006 0.000007  0.372594 -1.232925 -0.552316
27  9.393342 0.000002 -0.000001  1.046902 -0.119173 0.046355
28  1.442248 0.107452 1.746179  -1.674949 -0.324346 0.512000
29  1.063450 0.000005 0.000000  0.000000 0.000000 0.191601
30  1.376308 0.000005 0.000001  0.000000 0.000000 0.191589
31  4.172850 -0.251366 1.312744  -0.091751 -0.028486 1.335349
32  1.215373 0.000000 -0.000002  -0.000000 0.000000 1.252435
33  1.215370 -0.000001 -0.000000  0.000000 0.000000 1.252435
34  4.220535 -0.244852 0.431465  -0.024811 -0.008625 1.334204
35  1.350415 0.000001 -0.000005  -0.000000 -0.000000 1.240810
36  1.350409 -0.000001 -0.000012  0.000000 0.000000 1.240772
37  4.262827 -0.232721 -1.392174  0.075445 0.021635 1.329379
38  2.110540 -0.000001 -0.000000  -0.003188 0.021710 -0.079556
39  0.891922 2.373049 -0.014527  -3.141592 -0.000001 1.413797
40  7.228125 5.709447 3.726568  3.140796 -1.570796 0.000000
41  2.450430 5.076128 0.001325  3.140791 -1.570796 0.000000
42  6.312410 -4.528057 0.001311  -3.086925 -1.570796 0.000000
43  2.233302 1.152535 -7.309138  -1.525260 -1.567680 -0.116512
44  3.061500 2.842763 2.243589  0.000000 -0.000000 1.570796
time 38
0  2.008838 -0.011056 39.440296  -0.001822 0.018472 -1.545628
1  0.969107 -0.187506 0.000009  0.000033 -1.588661 -1.570821
2  -0.000002 0.000008 4.427392  0.001998 -3.066345 -0.099177
3  18.465939 -0.000000 0.000000  -0.000000 0.000000 -0.240515
4  14.875442 -0.000001 -0.000000  0.017899 -0.058058 0.133645
5  0.000007 -0.000003 -4.427393  -0.007173 3.106530 0.017163
6  18.465942 -0.000002 -0.000000  0.000000 -0.000000 -0.084202
7  14.875441 0.000000 -0.000001  0.060301 0.054569 0.120324
8  2.255210 -0.007574 -0.039061  -0.016712 0.000431 -0.061971
9  9.514221 -0.009356 -0.000000  0.015420 0.001317 -0.132553
10  11.752194 -0.001494 -0.000000  0.000120 0.005224 0.342943
11  -2.088351 0.664374 2.641917  0.447593 -1.372005 2.357485
12  4.640940 -0.000000 0.000011  0.367496 1.109474 0.152747
13  10.828052 -0.000001 -0.000005  0.030837 -0.099201 -0.751610
14  9.393335 -0.000006 0.000006  1.939538 0.008013 0.055012
15  1.442245 0.107453 -1.746180  1.674127 0.318903 0.516555
16  1.063449 -0.000001 0.000003  -0.000000 -0.000000 0.191410
17  1.376309 0.000000 -0.000001  -0.000000 -0.000000 0.191418
18  4.172849 -0.251369 -1.312746  0.092565 0.025717 1.365243
19  1.215375 -0.000000 -0.000002  0.000000 -0.000000 1.267780
20  1.215370 -0.000003 0.000001  -0.000000 -0.000000 1.267780
21  4.220531 -0.244850 -0.431465  0.025062 0.007870 1.364192
22  1.350417 0.000000 0.000001  0.000000 -0.000000 1.250351
23  1.350410 0.000000 -0.000001  0.000000 0.000000 1.250351
24  -2.061000 0.664384 -2.657537  -0.252167 1.305672 2.554458
25  4.640935 -0.000003 -0.000009  0.840773 -0.556066 -1.008731
26  10.828044 0.000001 0.000011  0.372594 -1.232925 -0.552316
27  9.393340 0.000005 -0.000001  1.046902 -0.119173 0.046355
28  1.442248 0.107456 1.746176  -1.674131 -0.318953 0.516531
29  1.063451 -0.000005 0.000000  0.000000 -0.000000 0.191410
30  1.376310 0.000009 0.000001  0.000000 -0.000000 0.191412
31  4.172847 -0.251363 1.312745  -0.092565 -0.025717 1.365243
32  1.215371 -0.000000 -0.000001  0.000000 0.000000 1.267796
33  1.215370 -0.000002 0.000003  0.000000 0.000000 1.267796
34  4.220535 -0.244849 0.431467  -0.025062 -0.007870 1.364192
35  1.350414 0.000001 0.000002  -0.000000 -0.000000 1.250337
36  1.350407 -0.000006 -0.000007  -0.000000 0.000000 1.250314
37  4.262827 -0.232716 -1.392178  0.076008 0.019574 1.356562
38  2.110540 -0.000001 -0.000001  -0.003136 0.022763 -0.101687
39  0.891928 2.373049 -0.014527  -3.141592 -0.000001 1.413797
40  7.228121 5.709446 3.726568  3.140796 -1.570796 0.000000
41  2.450432 5.076127 0.001325  3.140791 -1.570796 0.000000
42  6.312407 -4.528056 0.001311  -3.090752 -1.570796 0.000000
43  2.233305 1.152535 -7.309138  -1.530828 -1.569427 -0.121389
44  3.061500 2.842763 2.243589  0.000000 -0.000000 1.570796
time 39
0  1.989306 -0.082193 39.424541  -0.001055 0.018194 -1.552531
1  0.906605 -0.187506 0.000012  -0.000030 -1.584765 -1.570772
2  0.000003 0.000008 4.427392  0.001232 -3.070322 -0.093363
3  18.465933 -0.000000 0.000000  0.000000 0.000000 -0.231449
4  14.875444 -0.000001 0.000001  0.010966 -0.058909 0.130129
5  0.000007 -0.000003 -4.427393  -0.007844 3.102321 0.000411
6  18.465944 -0.000002 0.000000  0.000000 -0.000000 -0.119973
7  14.875441 -0.000000 -0.000001  0.053352 0.054206 0.139046
8  2.255212 -0.007575 -0.031248  -0.013506 -0.003536 -0.057604
9  9.514215 -0.009356 -0.000000  0.012381 0.001196 -0.128331
10  11.752198 -0.001493 -0.000000  0.000012 0.005632 0.406380
11  -2.041474 0.793284 2.641918  0.473889 -1.372458 2.268164
12  4.640939 -0.000000 0.000002  0.334861 1.124100 0.112371
13  10.828057 -0.000001 -0.000004  0.025687 -0.095074 -0.736628
14  9.393338 -0.000001 0.000011  1.939538 0.008013 0.055012
15  1.442242 0.107456 -1.746176  1.674402 0.320700 0.515037
16  1.063449 -0.000002 -0.000004  -0.000000 0.000000 0.191481
17  1.376310 0.000000 -0.000000  -0.000000 0.000000 0.191473
18  4.172850 -0.251367 -1.312745  0.092302 0.026640 1.355305
19  1.215374 0.000001 -0.000002  0.000000 0.000000 1.262676
20  1.215375 -0.000003 0.000000  -0.000000 0.000000 1.262676
21  4.220533 -0.244851 -0.431464  0.024978 0.008121 1.354223
22  1.350418 -0.000002 -0.000001  0.000000 -0.000000 1.247166
23  1.350416 0.000001 -0.000002  0.000000 -0.000000 1.247166
24  -2.014122 0.793294 -2.657537  -0.246058 1.311967 2.496599
25  4.640934 -0.000004 -0.000023  0.840773 -0.556066 -1.008731
26  10.828043 -0.000001 0.000006  0.372594 -1.232925 -0.552316
27  9.393342 0.000000 0.000000  1.046902 -0.119173 0.046355
28  1.442248 0.107454 1.746171  -1.674404 -0.320751 0.515038
29  1.063451 -0.000003 -0.000001  0.000000 0.000000 0.191481
30  1.376307 -0.000002 0.000001  0.000000 0.000000 0.191479
31  4.172850 -0.251364 1.312738  -0.092302 -0.026640 1.355305
32  1.215370 0.000001 0.000000  -0.000000 -0.000000 1.262676
33  1.215370 -0.000003 -0.000003  0.000000 0.000000 1.262676
34  4.220536 -0.244852 0.431463  -0.024978 -0.008121 1.354223
35  1.350413 0.000000 -0.000002  -0.000000 0.000000 1.247147
36  1.350410 -0.000004 -0.000007  0.000000 0.000000 1.247165
37  4.262829 -0.232719 -1.392181  0.075828 0.020269 1.347488
38  2.110540 0.000001 -0.000000  -0.000925 0.022131 -0.126878
39  0.891935 2.373049 -0.014527  -3.141592 -0.000001 1.413797
40  7.228122 5.709448 3.726568  3.140796 -1.570796 0.000000
41  2.450427 5.076127 0.001325  3.140791 -1.570796 0.000000
42  6.312405 -4.528057 0.001311  -3.094478 -1.570796 0.000000
43  2.233302 1.152535 -7.309138  -1.666669 -1.570796 0.000000
44  3.061500 2.842763 2.243589  0.000000 -0.000000 1.570796
time 40
0  1.836957 -0.135545 39.424541  0.000000 0.017358 -1.562118
1  0.812852 -0.187506 0.000005  -0.000030 -1.579505 -1.570772
2  -0.000001 0.000008 4.427392  0.000370 -3.072216 -0.083069
3  18.465942 -0.000000 0.000000  -0.000000 -0.000000 -0.211199
4  14.875443 -0.000001 -0.000001  0.001438 -0.063634 0.119345
5  0.000007 -0.000004 -4.427393  -0.008610 3.100217 -0.018774
6  18.465940 -0.000002 0.000000  0.000000 -0.000000 -0.157714
7  14.875442 -0.000000 -0.000000  0.043631 0.050174 0.156792
8  2.255209 -0.007575 -0.019529  -0.009160 -0.008937 -0.051350
9  9.514213 -0.009356 -0.000000  0.008629 0.001048 -0.122097
10  11.752196 -0.001493 0.000000  -0.000000 0.008712 0.448750
11  -2.014136 0.879225 2.634104  0.531626 -1.370645 2.168407
12  4.640938 0.000001 0.000003  0.299969 1.139066 0.069694
13  10.828052 -0.000002 -0.000003  0.020785 -0.091146 -0.722367
14  9.393339 -0.000006 0.000012  1.939538 0.008013 0.055012
15  1.442237 0.107454 -1.746173  1.676524 0.335117 0.502886
16  1.063450 -0.000001 0.000001  -0.000000 -0.000000 0.191985
17  1.376311 -0.000001 0.000008  0.000000 -0.000000 0.191984
18  4.172845 -0.251366 -1.312743  0.089881 0.033927 1.275522
19  1.215373 0.000005 -0.000002  0.000000 -0.000000 1.221719
20  1.215367 -0.000004 -0.000002  -0.000000 0.000000 1.221719
21  4.220532 -0.244854 -0.431462  0.024247 0.010099 1.274188
22  1.350419 0.000004 0.000000  0.000000 -0.000000 1.221723
23  1.350407 0.000004 -0.000001  0.000000 -0.000000 1.221723
24  -1.971158 0.879237 -2.665349  -0.271329 1.326371 2.428911
25  4.640936 -0.000002 -0.000022  0.840773 -0.556066 -1.008731
26  10.828042 -0.000002 0.000007  0.372594 -1.232925 -0.552316
27  9.393340 0.000006 -0.000002  1.046902 -0.119173 0.046355
28  1.442244 0.107453 1.746182  -1.676495 -0.335133 0.502885
29  1.063451 0.000003 0.000001  0.000000 0.000000 0.191985
30  1.376310 -0.000001 0.000002  0.000000 0.000000 0.191985
31  4.172844 -0.251364 1.312748  -0.089881 -0.033927 1.275522
32  1.215369 0.000001 0.000000  -0.000000 0.000000 1.221715
33  1.215369 0.000001 0.000003  0.000000 -0.000000 1.221715
34  4.220530 -0.244853 0.431471  -0.024247 -0.010099 1.274188
35  1.350413 -0.000002 0.000001  -0.000000 0.000000 1.221715
36  1.350408 -0.000001 0.000001  -0.000000 0.000000 1.221689
37  4.262826 -0.232719 -1.392174  0.074162 0.025710 1.275053
38  2.110537 0.000001 -0.000000  0.004833 0.018493 -0.152729
39  0.891938 2.373048 -0.014527  -3.141592 -0.000001 1.413797
40  7.228120 5.709447 3.726568  3.140796 -1.570796 0.000000
41  2.450425 5.076128 0.001325  3.140791 -1.570796 0.000000
42  6.312404 -4.528058 0.001311  -3.097999 -1.570796 0.000000
43  2.233299 1.152535 -7.309137  -1.173217 -1.568175 -0.516709
44  3.061500 2.842763 2.243589  0.000000 -0.000000 1.570796
time 41
0  1.379912 -0.286710 39.440296  0.004506 0.014109 -1.598360
1  0.445653 -0.195318 0.000001  -0.000030 -1.558623 -1.570772
2  -0.000009 0.000008 4.427393  -0.050410 -3.083578 -0.008343
3  18.465940 -0.000000 0.000000  0.000000 -0.000000 -0.052482
4  14.875443 -0.000001 0.000002  0.011286 -0.077873 0.028329
5  0.000005 -0.000003 -4.427392  0.014967 3.084528 -0.063976
6  18.465944 -0.000002 -0.000000  0.000000 -0.000000 -0.237332
7  14.875443 -0.000001 0.000000  -0.019402 0.039534 0.186806
8  2.255203 -0.007574 0.027348  0.005312 -0.030775 -0.026700
9  9.514219 -0.009356 0.000000  -0.005553 0.000659 -0.096660
10  11.752193 -0.001494 0.000000  0.000180 0.017461 0.459362
11  -2.029760 0.902664 2.614575  0.660534 -1.361076 2.029494
12  4.640939 -0.000000 0.000004  0.263139 1.153912 0.025114
13  10.828054 -0.000001 -0.000007  0.016169 -0.087448 -0.708938
14  9.393341 -0.000004 0.000007  1.939538 0.008013 0.055012
15  1.442245 0.107455 -1.746178  1.681545 0.375758 0.468508
16  1.063451 -0.000000 -0.000002  0.000000 -0.000000 0.193399
17  1.376309 0.000001 0.000004  -0.000000 0.000000 0.193391
18  4.172853 -0.251365 -1.312745  0.080078 0.053114 1.050999
19  1.215373 0.000004 -0.000001  -0.000000 -0.000000 1.106527
20  1.215371 -0.000005 0.000000  -0.000000 0.000000 1.106527
21  4.220536 -0.244852 -0.431466  0.021383 0.015252 1.049058
22  1.350416 -0.000004 0.000002  0.000000 -0.000000 1.150172
23  1.350410 0.000002 0.000002  -0.000000 0.000000 1.150172
24  -1.939908 0.902675 -2.680975  -0.381116 1.356935 2.309431
25  4.640935 -0.000004 -0.000016  0.840773 -0.556066 -1.008731
26  10.828045 0.000000 0.000007  0.372594 -1.232925 -0.552316
27  9.393342 0.000005 0.000000  1.046902 -0.119173 0.046355
28  1.442249 0.107454 1.746171  -1.681495 -0.375751 0.468487
29  1.063451 -0.000000 0.000002  0.000000 -0.000000 0.193399
30  1.376310 0.000006 0.000002  0.000000 0.000000 0.193396
31  4.172850 -0.251363 1.312741  -0.080078 -0.053114 1.050999
32  1.215370 0.000000 -0.000004  0.000000 0.000000 1.106513
33  1.215368 -0.000001 0.000001  0.000000 -0.000000 1.106513
34  4.220537 -0.244851 0.431461  -0.021383 -0.015252 1.049058
35  1.350418 -0.000000 -0.000003  -0.000000 -0.000000 1.150159
36  1.350409 -0.000005 -0.000008  -0.000000 0.000000 1.150127
37  4.262829 -0.232718 -1.392181  0.067427 0.040199 1.071279
38  2.110545 -0.000002 -0.000000  0.019744 0.008571 -0.214365
39  0.891931 2.373048 -0.014527  -3.141592 -0.000001 1.413797
40  7.228122 5.709447 3.726568  3.140796 -1.570796 0.000000
41  2.450431 5.076127 0.001325  3.140791 -1.570796 0.000000
42  6.312414 -4.528057 0.001311  -3.101367 -1.570796 0.000000
43  2.233294 1.152535 -7.309138  -1.727739 -1.570796 0.000000
44  3.061500 2.842763 2.243589  0.000000 -0.000000 1.570796
time 42
0  0.676766 -0.491227 39.487568  0.013231 0.008354 -1.665282
1  -0.234055 -0.214850 0.000000  -0.000030 -1.520280 -1.570772
2  -0.000002 0.000008 4.427392  -0.096879 -3.110848 0.049799
3  18.465939 -0.000000 -0.000000  -0.000000 0.000000 -0.002185
4  14.875444 -0.000001 0.000000  0.007340 -0.099668 0.026511
5  0.000014 -0.000003 -4.427392  0.038065 3.051333 -0.122842
6  18.465942 -0.000002 0.000000  0.000000 0.000000 -0.328238
7  14.875442 0.000000 -0.000000  -0.116899 0.021527 0.213068
8  2.255218 -0.007574 0.113288  0.029573 -0.071723 0.018597
9  9.514219 -0.009356 -0.000000  -0.031740 0.000887 -0.050008
10  11.752197 -0.001494 0.000000  0.000324 0.030859 0.447882
11  -2.072736 0.879223 2.587231  0.825553 -1.340402 1.875838
12  4.640939 0.000000 0.000008  0.224880 1.168221 -0.020758
13  10.828044 -0.000002 -0.000005  0.011877 -0.084008 -0.696452
14  9.393340 -0.000001 0.000008  1.939538 0.008013 0.055012
15  1.442238 0.107452 -1.746175  1.686411 0.438093 0.415248
16  1.063452 -0.000002 -0.000000  -0.000000 -0.000000 0.195556
17  1.376312 0.000000 0.000008  -0.000000 -0.000000 0.195558
18  4.172848 -0.251370 -1.312747  0.057499 0.077000 0.707102
19  1.215372 -0.000001 -0.000001  0.000000 -0.000000 0.930533
20  1.215374 -0.000002 0.000002  -0.000000 -0.000000 0.930533
21  4.220531 -0.244856 -0.431465  0.014995 0.021568 0.705098
22  1.350417 0.000003 0.000003  -0.000000 -0.000000 1.040844
23  1.350408 -0.000000 -0.000004  0.000000 0.000000 1.040844
24  -1.912572 0.879236 -2.708320  -0.619386 1.394459 2.083633
25  4.640934 -0.000003 -0.000015  0.840773 -0.556066 -1.008731
26  10.828047 -0.000001 0.000009  0.372594 -1.232925 -0.552316
27  9.393341 0.000005 -0.000002  1.046902 -0.119173 0.046355
28  1.442245 0.107456 1.746173  -1.686405 -0.438112 0.415241
29  1.063451 0.000003 0.000001  0.000000 -0.000000 0.195556
30  1.376307 -0.000001 0.000000  0.000000 -0.000000 0.195555
31  4.172845 -0.251362 1.312739  -0.057499 -0.077000 0.707102
32  1.215370 0.000000 -0.000000  0.000000 -0.000000 0.930541
33  1.215371 -0.000003 -0.000008  -0.000000 0.000000 0.930541
34  4.220532 -0.244851 0.431465  -0.014995 -0.021568 0.705098
35  1.350416 0.000000 -0.000005  -0.000000 -0.000000 1.040833
36  1.350407 -0.000007 -0.000012  -0.000000 0.000000 1.040827
37  4.262826 -0.232717 -1.392179  0.051847 0.058955 0.759451
38  2.110539 -0.000003 -0.000000  0.044320 -0.003697 -0.317202
39  0.891924 2.373048 -0.014527  -3.141592 -0.000001 1.413797
40  7.228119 5.709446 3.726568  3.140796 -1.570796 0.000000
41  2.450428 5.076127 0.001325  3.140791 -1.570796 0.000000
42  6.312405 -4.528056 0.001311  -3.104581 -1.570796 0.000000
43  2.233305 1.152535 -7.309137  -1.265249 -1.605688 -0.541125
44  3.061500 2.842763 2.243589  0.000000 -0.000000 1.570796
time 43
0  0.028309 -0.517904 39.519081  0.021955 0.003063 -1.732971
1  -0.898138 -0.253914 0.000002  -0.000030 -1.483230 -1.570772
2  -0.000006 0.000008 4.427392  -0.132329 3.134558 -0.007103
3  18.465935 -0.000000 -0.000000  0.000000 0.000000 -0.093130
4  14.875443 -0.000001 0.000001  -0.039874 -0.086472 0.069452
5  0.000012 -0.000003 -4.427393  0.060300 3.017182 -0.175064
6  18.465942 -0.000001 0.000000  -0.000000 -0.000000 -0.395712
7  14.875443 0.000000 -0.000000  -0.216994 0.002702 0.224361
8  2.247392 -0.007574 0.195320  0.052484 -0.112336 0.063563
9  9.514224 -0.009356 -0.000000  -0.057252 0.002325 -0.004546
10  11.752193 -0.001494 0.000000  0.000216 0.044006 0.429459
11  -2.123509 0.844062 2.559885  0.951317 -1.316983 1.766795
12  4.640940 0.000000 0.000000  0.185929 1.181622 -0.067059
13  10.828055 -0.000002 -0.000005  0.007948 -0.080860 -0.685019
14  9.393340 -0.000003 0.000010  1.939538 0.008013 0.055012
15  1.442241 0.107453 -1.746175  1.687645 0.500021 0.361105
16  1.063449 -0.000001 0.000004  -0.000000 0.000000 0.197701
17  1.376307 0.000000 0.000002  0.000000 -0.000000 0.197696
18  4.172850 -0.251369 -1.312747  0.028412 0.091777 0.365328
19  1.215373 -0.000002 -0.000002  0.000000 0.000000 0.756132
20  1.215371 -0.000007 -0.000001  -0.000000 -0.000000 0.756132
21  4.220531 -0.244853 -0.431464  0.006918 0.025343 0.364180
22  1.350417 -0.000002 0.000001  0.000000 -0.000000 0.932496
23  1.350411 0.000003 -0.000002  0.000000 0.000000 0.932496
24  -1.893033 0.840171 -2.735665  -0.944578 1.417881 1.776986
25  4.640934 -0.000003 -0.000007  0.840773 -0.556066 -1.008731
26  10.828047 -0.000000 0.000011  0.372594 -1.232925 -0.552316
27  9.393340 -0.000001 -0.000000  1.046902 -0.119173 0.046355
28  1.442245 0.107454 1.746179  -1.687587 -0.500022 0.361069
29  1.063451 -0.000003 0.000001  -0.000000 -0.000000 0.197701
30  1.376309 0.000000 -0.000000  -0.000000 -0.000000 0.197693
31  4.172848 -0.251365 1.312743  -0.028412 -0.091777 0.365328
32  1.215372 0.000001 -0.000001  0.000000 0.000000 0.756164
33  1.215370 0.000002 0.000005  0.000000 0.000000 0.756164
34  4.220535 -0.244852 0.431461  -0.006918 -0.025343 0.364180
35  1.350415 0.000000 -0.000007  -0.000000 -0.000000 0.932513
36  1.350410 -0.000002 -0.000007  -0.000000 0.000000 0.932482
37  4.262829 -0.232719 -1.392179  0.031437 0.071934 0.449930
38  2.110542 -0.000004 -0.000000  0.069257 -0.011816 -0.413635
39  0.891936 2.373048 -0.014526  -3.141592 -0.000001 1.413797
40  7.228122 5.709446 3.726568  3.140796 -1.570796 0.000000
41  2.450436 5.076127 0.001325  3.140791 -1.570796 0.000000
42  6.312410 -4.528057 0.001311  -3.107490 -1.570796 0.000000
43  2.233302 1.152535 -7.309138  -1.220957 -1.640608 -0.638110
44  3.061500 2.842763 2.243589  0.000000 -0.000000 1.570796
time 44
0  -0.264669 -0.135545 39.471809  0.026078 -0.000000 -1.771417
1  -1.234085 -0.285165 0.000007  -0.000030 -1.466142 -1.570772
2  0.000001 0.000008 4.427393  -0.161839 3.112496 -0.066675
3  18.465935 0.000000 -0.000000  0.000000 0.000000 -0.206227
4  14.875446 -0.000001 0.000001  -0.079230 -0.065571 0.119503
5  0.000008 -0.000003 -4.427393  0.085794 2.999963 -0.215212
6  18.465939 -0.000002 0.000001  0.000000 -0.000000 -0.434372
7  14.875443 0.000000 -0.000001  -0.288520 -0.010575 0.221134
8  2.247400 -0.007575 0.234386  0.068939 -0.131720 0.086758
9  9.514218 -0.009356 -0.000000  -0.069670 0.003548 0.017297
10  11.752192 -0.001494 0.000000  0.000036 0.051856 0.419359
11  -2.150861 0.820630 2.544261  1.006672 -1.306130 1.719597
12  4.640938 0.000001 0.000007  0.147278 1.193803 -0.112654
13  10.828044 -0.000000 -0.000006  0.004418 -0.078031 -0.674750
14  9.393339 -0.000008 0.000008  1.939538 0.008013 0.055012
15  1.442250 0.107455 -1.746176  1.686435 0.539209 0.325885
16  1.063453 -0.000000 -0.000000  -0.000000 -0.000000 0.199056
17  1.376311 0.000001 0.000005  -0.000000 -0.000000 0.199049
18  4.172855 -0.251367 -1.312744  0.008050 0.095731 0.148659
19  1.215374 -0.000000 -0.000001  0.000000 -0.000000 0.645758
20  1.215372 -0.000005 -0.000001  -0.000000 0.000000 0.645758
21  4.220535 -0.244850 -0.431462  0.001333 0.026242 0.148339
22  1.350419 -0.000001 0.000002  0.000000 -0.000000 0.863926
23  1.350411 0.000001 -0.000003  -0.000000 0.000000 0.863926
24  -1.881318 0.820641 -2.747383  -1.177109 1.424992 1.554094
25  4.640935 -0.000003 -0.000020  0.840773 -0.556066 -1.008731
26  10.828049 0.000004 0.000016  0.372594 -1.232925 -0.552316
27  9.393337 0.000002 0.000002  1.046902 -0.119173 0.046355
28  1.442249 0.107453 1.746178  -1.686405 -0.539236 0.325898
29  1.063451 -0.000006 0.000000  -0.000000 -0.000000 0.199056
30  1.376310 0.000001 0.000001  0.000000 0.000000 0.199059
31  4.172848 -0.251367 1.312746  -0.008050 -0.095731 0.148659
32  1.215371 0.000002 -0.000000  0.000000 0.000000 0.645746
33  1.215369 0.000000 0.000001  0.000000 0.000000 0.645746
34  4.220535 -0.244854 0.431465  -0.001333 -0.026242 0.148339
35  1.350413 -0.000000 0.000002  -0.000000 -0.000000 0.863937
36  1.350408 0.000000 -0.000004  0.000000 0.000000 0.863925
37  4.262830 -0.232722 -1.392178  0.016840 0.076668 0.253759
38  2.110538 -0.000002 -0.000000  0.081288 -0.016146 -0.456390
39  0.891932 2.373049 -0.014526  -3.141592 -0.000001 1.413797
40  7.228117 5.709446 3.726568  3.140796 -1.570796 0.000000
41  2.450430 5.076127 0.001325  3.140791 -1.570796 0.000000
42  6.312410 -4.528057 0.001311  -3.110246 -1.570796 0.000000
43  2.233310 1.152535 -7.309137  -1.191045 -1.640579 -0.711351
44  3.061500 2.842763 2.243589  0.000000 -0.000000 1.570796
time 45
0  -0.170916 0.700308 39.361511  0.024927 -0.001114 -1.777649
1  -1.206741 -0.285165 0.000005  -0.000030 -1.470856 -1.570772
2  0.000000 0.000008 4.427392  -0.170845 3.104069 -0.082688
3  18.465944 -0.000000 0.000000  -0.000000 -0.000000 -0.332337
4  14.875442 -0.000001 0.000001  -0.072262 -0.052439 0.166551
5  0.000012 -0.000004 -4.427394  0.098157 3.005320 -0.247313
6  18.465944 -0.000003 0.000001  0.000000 -0.000000 -0.451897
7  14.875443 0.000000 -0.000000  -0.309086 -0.016608 0.205865
8  2.247399 -0.007574 0.222666  0.080795 -0.127144 0.085666
9  9.514225 -0.009357 -0.000000  -0.067756 0.003535 0.013335
10  11.752191 -0.001495 0.000000  0.000012 0.053870 0.419793
11  -2.158670 0.820626 2.540353  1.006101 -1.311796 1.718927
12  4.640938 0.000001 0.000011  0.110170 1.204515 -0.156135
13  10.828053 -0.000001 -0.000003  0.001327 -0.075555 -0.665757
14  9.393336 -0.000007 0.000008  1.939538 0.008013 0.055012
15  1.442238 0.107454 -1.746176  1.685584 0.553392 0.312914
16  1.063452 0.000000 0.000000  -0.000000 0.000000 0.199547
17  1.376308 0.000000 0.000005  0.000000 -0.000000 0.199545
18  4.172848 -0.251367 -1.312747  0.000524 0.096055 0.070118
19  1.215375 -0.000003 -0.000003  -0.000000 -0.000000 0.605740
20  1.215373 -0.000005 -0.000001  -0.000000 0.000000 0.605740
21  4.220530 -0.244852 -0.431465  -0.000729 0.026254 0.070146
22  1.350420 0.000000 0.000001  -0.000000 -0.000000 0.839055
23  1.350411 0.000002 -0.000003  0.000000 0.000000 0.839055
24  -1.873505 0.820641 -2.751291  -1.249960 1.429743 1.480082
25  4.640936 -0.000004 -0.000014  0.840773 -0.556066 -1.008731
26  10.828049 0.000006 0.000009  0.372594 -1.232925 -0.552316
27  9.393343 0.000005 0.000003  1.046902 -0.119173 0.046355
28  1.442242 0.107454 1.746179  -1.685587 -0.553394 0.312921
29  1.063451 -0.000002 0.000000  0.000000 -0.000000 0.199547
30  1.376310 0.000001 0.000001  0.000000 -0.000000 0.199544
31  4.172843 -0.251365 1.312744  -0.000524 -0.096055 0.070118
32  1.215373 0.000000 0.000006  -0.000000 0.000000 0.605750
33  1.215370 0.000000 0.000000  0.000000 0.000000 0.605750
34  4.220531 -0.244854 0.431466  0.000729 -0.026254 0.070146
35  1.350413 0.000002 0.000002  -0.000000 -0.000000 0.839050
36  1.350408 -0.000002 0.000002  -0.000000 0.000000 0.839069
37  4.262824 -0.232720 -1.392175  0.011351 0.077663 0.182637
38  2.110534 -0.000001 -0.000001  0.077741 -0.019453 -0.441134
39  0.891929 2.373049 -0.014527  -3.141592 -0.000001 1.413797
40  7.228117 5.709446 3.726568  3.140796 -1.570796 0.000000
41  2.450441 5.076126 0.001325  3.140791 -1.570796 0.000000
42  6.312413 -4.528057 0.001311  -3.112848 -1.570796 0.000000
43  2.233306 1.152535 -7.309138  -1.191908 -1.647569 -0.732510
44  3.061500 2.842763 2.243589  0.000000 -0.000000 1.570796
time 46
0  0.094717 1.767355 39.219704  0.021476 -0.001485 -1.770938
1  -1.030955 -0.269539 0.000008  -0.000030 -1.484739 -1.570772
2  -0.000003 0.000008 4.427392  -0.169408 3.094127 -0.049709
3  18.465937 -0.000000 0.000000  0.000000 0.000000 -0.385048
4  14.875445 -0.000001 0.000001  -0.051392 -0.037284 0.203092
5  0.000013 -0.000003 -4.427393  0.097007 3.021200 -0.277167
6  18.465944 -0.000002 0.000001  0.000000 0.000000 -0.458855
7  14.875444 -0.000000 0.000000  -0.300207 -0.018275 0.182191
8  2.251304 -0.007574 0.191415  0.091427 -0.112317 0.074648
9  9.514215 -0.009355 -0.000000  -0.059953 0.003064 -0.001321
10  11.752187 -0.001494 0.000000  0.000012 0.053438 0.422397
11  -2.154768 0.828442 2.540353  0.979709 -1.325016 1.742287
12  4.640939 0.000000 0.000009  0.076081 1.213568 -0.195851
13  10.828059 -0.000003 -0.000007  -0.001287 -0.073459 -0.658151
14  9.393339 -0.000005 0.000009  1.939538 0.008013 0.055012
15  1.442239 0.107455 -1.746175  1.685308 0.557356 0.309260
16  1.063452 0.000000 0.000000  -0.000000 -0.000000 0.199679
17  1.376313 0.000001 0.000011  -0.000000 -0.000000 0.199683
18  4.172851 -0.251369 -1.312746  -0.001574 0.096055 0.048159
19  1.215371 0.000003 -0.000002  0.000000 -0.000000 0.594552
20  1.215369 -0.000001 0.000001  -0.000000 0.000000 0.594552
21  4.220529 -0.244848 -0.431462  -0.001280 0.026242 0.048285
22  1.350417 0.000005 0.000004  0.000000 -0.000000 0.832112
23  1.350410 -0.000008 -0.000004  0.000000 0.000000 0.832112
24  -1.873503 0.828452 -2.751291  -1.251996 1.435886 1.474869
25  4.640936 -0.000003 -0.000020  0.840773 -0.556066 -1.008731
26  10.828044 0.000007 0.000013  0.372594 -1.232925 -0.552316
27  9.393344 -0.000001 0.000002  1.046902 -0.119173 0.046355
28  1.442248 0.107454 1.746185  -1.685314 -0.557326 0.309214
29  1.063451 -0.000000 0.000001  0.000000 -0.000000 0.199679
30  1.376308 -0.000002 0.000001  0.000000 0.000000 0.199676
31  4.172850 -0.251364 1.312748  0.001574 -0.096055 0.048159
32  1.215368 0.000000 0.000007  -0.000000 0.000000 0.594545
33  1.215368 0.000001 0.000003  0.000000 -0.000000 0.594545
34  4.220536 -0.244851 0.431474  0.001280 -0.026242 0.048285
35  1.350414 0.000000 0.000009  -0.000000 -0.000000 0.832126
36  1.350409 -0.000001 -0.000004  -0.000000 0.000000 0.832104
37  4.262831 -0.232719 -1.392172  0.009805 0.077879 0.162737
38  2.110533 -0.000001 -0.000001  0.066995 -0.021739 -0.400592
39  0.891928 2.373048 -0.014527  -3.141592 -0.000001 1.413797
40  7.228114 5.709446 3.726568  3.140796 -1.570796 0.000000
41  2.450429 5.076128 0.001325  3.140791 -1.570796 0.000000
42  6.312407 -4.528057 0.001311  -3.115298 -1.570796 0.000000
43  2.233305 1.152535 -7.309138  -1.203412 -1.633036 -0.741318
44  3.061500 2.842763 2.243589  0.000000 -0.000000 1.570796
time 47
0  0.473635 2.976675 39.030621  0.016394 -0.001392 -1.755789
1  -0.753602 -0.242195 0.000005  -0.000030 -1.504730 -1.570772
2  -0.000009 0.000008 4.427392  -0.162605 3.068656 0.098124
3  18.465944 0.000000 0.000000  -0.000000 0.000000 -0.185392
4  14.875443 -0.000002 0.000000  -0.031803 -0.014425 0.200248
5  0.000001 -0.000003 -4.427393  0.097007 3.041193 -0.304213
6  18.465940 -0.000001 0.000002  0.000000 -0.000000 -0.455967
7  14.875439 -0.000000 -0.000000  -0.281431 -0.015820 0.151464
8  2.251291 -0.007574 0.144539  0.100667 -0.090557 0.057144
9  9.514216 -0.009356 -0.000000  -0.048135 0.002486 -0.023164
10  11.752193 -0.001494 0.000000  0.000024 0.051377 0.426460
11  -2.146946 0.836248 2.544260  0.930833 -1.342845 1.786995
12  4.640939 0.000001 0.000005  0.046657 1.220824 -0.229971
13  10.828056 -0.000001 -0.000003  -0.003387 -0.071777 -0.652042
14  9.393346 -0.000004 0.000010  1.939538 0.008013 0.055012
15  1.442246 0.107454 -1.746178  1.685512 0.554525 0.311867
16  1.063457 0.000000 0.000005  -0.000000 0.000000 0.199583
17  1.376307 0.000000 0.000006  -0.000000 0.000000 0.199587
18  4.172851 -0.251366 -1.312747  -0.000075 0.096055 0.063827
19  1.215373 0.000001 -0.000001  0.000000 -0.000000 0.602555
20  1.215370 0.000005 0.000000  -0.000000 -0.000000 0.602555
21  4.220536 -0.244852 -0.431466  -0.000884 0.026254 0.063860
22  1.350420 0.000003 0.000003  0.000000 -0.000000 0.837095
23  1.350410 -0.000002 -0.000003  0.000000 0.000000 0.837095
24  -1.877401 0.836260 -2.747383  -1.200158 1.443058 1.522045
25  4.640935 -0.000003 -0.000016  0.840773 -0.556066 -1.008731
26  10.828049 0.000000 0.000013  0.372594 -1.232925 -0.552316
27  9.393341 -0.000000 -0.000001  1.046902 -0.119173 0.046355
28  1.442245 0.107453 1.746174  -1.685496 -0.554517 0.311840
29  1.063451 -0.000004 0.000000  0.000000 0.000000 0.199583
30  1.376309 0.000000 0.000000  -0.000000 -0.000000 0.199588
31  4.172843 -0.251365 1.312743  0.000075 -0.096055 0.063827
32  1.215369 0.000001 0.000003  0.000000 0.000000 0.602561
33  1.215369 -0.000001 0.000002  0.000000 0.000000 0.602561
34  4.220529 -0.244852 0.431463  0.000884 -0.026254 0.063860
35  1.350414 -0.000001 0.000004  -0.000000 -0.000000 0.837078
36  1.350409 0.000000 -0.000002  0.000000 0.000000 0.837065
37  4.262824 -0.232719 -1.392179  0.010908 0.077735 0.176946
38  2.110546 -0.000007 -0.000000  0.051519 -0.022069 -0.343100
39  0.891921 2.373049 -0.014527  -3.141592 -0.000001 1.413797
40  7.228119 5.709447 3.726568  3.140796 -1.570796 0.000000
41  2.450431 5.076127 0.001325  3.140791 -1.570796 0.000000
42  6.312409 -4.528057 0.001311  -3.117747 -1.570796 0.000000
43  2.233294 1.152535 -7.309138  -1.217506 -1.616289 -0.747254
44  3.061500 2.842763 2.243589  0.000000 -0.000000 1.570796
time 48
0  0.911148 4.274915 38.841541  0.010642 -0.000928 -1.736326
1  -0.429373 -0.207038 0.000004  -0.000030 -1.527767 -1.570772
2  -0.000002 0.000008 4.427392  -0.156856 3.052181 0.226418
3  18.465944 0.000001 -0.000001  -0.000000 0.000000 -0.001965
4  14.875446 -0.000002 0.000000  -0.005957 0.006433 0.212731
5  0.000011 -0.000003 -4.427393  0.099115 3.061473 -0.327610
6  18.465940 -0.000001 0.000001  -0.000000 -0.000000 -0.443693
7  14.875442 0.000000 -0.000000  -0.258969 -0.009909 0.114922
8  2.255210 -0.007574 0.093756  0.108473 -0.065183 0.036464
9  9.514226 -0.009357 -0.000000  -0.034366 0.002110 -0.048601
10  11.752195 -0.001494 0.000000  0.000036 0.048513 0.431234
11  -2.135236 0.844064 2.552073  0.862139 -1.362260 1.850755
12  4.640939 0.000001 0.000011  0.023626 1.226175 -0.256576
13  10.828055 -0.000002 -0.000005  -0.004934 -0.070537 -0.647541
14  9.393341 -0.000004 0.000010  1.939538 0.008013 0.055012
15  1.442237 0.107452 -1.746174  1.685920 0.548295 0.317593
16  1.063448 0.000001 0.000003  -0.000000 0.000000 0.199367
17  1.376313 -0.000002 0.000006  -0.000000 0.000000 0.199366
18  4.172847 -0.251368 -1.312746  0.003232 0.096019 0.098409
19  1.215372 0.000003 -0.000003  -0.000000 0.000000 0.620155
20  1.215370 -0.000005 -0.000000  -0.000000 0.000000 0.620155
21  4.220529 -0.244852 -0.431464  0.000014 0.026266 0.098292
22  1.350420 0.000002 0.000002  0.000000 0.000000 0.847999
23  1.350410 -0.000001 -0.000000  0.000000 -0.000000 0.847999
24  -1.881317 0.844078 -2.743477  -1.113422 1.450049 1.603408
25  4.640936 -0.000003 -0.000020  0.840773 -0.556066 -1.008731
26  10.828048 -0.000001 0.000007  0.372594 -1.232925 -0.552316
27  9.393341 0.000005 -0.000001  1.046902 -0.119173 0.046355
28  1.442248 0.107453 1.746174  -1.685859 -0.548337 0.317607
29  1.063451 0.000003 0.000000  0.000000 -0.000000 0.199367
30  1.376307 0.000002 0.000001  -0.000000 0.000000 0.199368
31  4.172848 -0.251364 1.312745  -0.003232 -0.096019 0.098409
32  1.215373 0.000002 -0.000001  -0.000000 0.000000 0.620145
33  1.215370 -0.000001 0.000004  0.000000 0.000000 0.620145
34  4.220534 -0.244854 0.431466  -0.000014 -0.026266 0.098292
35  1.350416 0.000002 0.000000  -0.000000 -0.000000 0.848032
36  1.350409 -0.000002 -0.000005  -0.000000 -0.000000 0.847990
37  4.262829 -0.232719 -1.392175  0.013328 0.077351 0.208228
38  2.110536 -0.000002 -0.000000  0.033934 -0.019904 -0.277179
39  0.891927 2.373047 -0.014527  -3.141592 -0.000001 1.413797
40  7.228121 5.709447 3.726568  3.140796 -1.570796 0.000000
41  2.450436 5.076127 0.001325  3.140791 -1.570796 0.000000
42  6.312414 -4.528057 0.001311  -3.120094 -1.570796 0.000000
43  2.233303 1.152535 -7.309138  -1.238789 -1.598232 -0.745914
44  3.061500 2.842763 2.243589  0.000000 -0.000000 1.570796
time 49
0  1.344755 5.573155 38.652458  0.004890 -0.000371 -1.716863
1  -0.109051 -0.164068 0.000010  -0.000030 -1.550819 -1.570772
2  -0.000007 0.000007 4.427392  -0.169791 3.100755 0.051039
3  18.465944 0.000001 -0.000000  -0.000000 0.000000 -0.329486
4  14.875444 -0.000001 -0.000000  0.009011 0.014819 0.365175
5  0.000004 -0.000004 -4.427393  0.102662 3.080032 -0.347076
6  18.465935 0.000001 0.000000  0.000000 0.000000 -0.422755
7  14.875443 0.000000 -0.000000  -0.237385 -0.002118 0.073803
8  2.255203 -0.007575 0.042973  0.115308 -0.039652 0.015884
9  9.514211 -0.009356 -0.000000  -0.020560 0.002083 -0.074037
10  11.752189 -0.001494 -0.000000  0.000036 0.045648 0.435968
11  -2.123513 0.855785 2.555978  0.779915 -1.380441 1.928014
12  4.640940 0.000000 0.000008  0.008694 1.229509 -0.273777
13  10.828050 -0.000001 -0.000006  -0.005890 -0.069771 -0.644759
14  9.393336 -0.000007 0.000011  1.939538 0.008013 0.055012
15  1.442247 0.107452 -1.746176  1.686279 0.542053 0.323299
16  1.063451 -0.000001 0.000002  -0.000000 0.000000 0.199152
17  1.376310 0.000000 0.000012  0.000000 -0.000000 0.199159
18  4.172853 -0.251368 -1.312745  0.006540 0.095851 0.132951
19  1.215370 0.000000 -0.000000  0.000000 0.000000 0.637754
20  1.215371 -0.000002 0.000002  -0.000000 -0.000000 0.637754
21  4.220535 -0.244852 -0.431464  0.000925 0.026242 0.132684
22  1.350415 0.000006 0.000005  0.000000 -0.000000 0.858944
23  1.350411 -0.000000 -0.000002  0.000000 0.000000 0.858944
24  -1.885212 0.855795 -2.735663  -1.016873 1.456071 1.694513
25  4.640936 -0.000003 -0.000017  0.840773 -0.556066 -1.008731
26  10.828047 0.000006 0.000017  0.372594 -1.232925 -0.552316
27  9.393342 0.000002 0.000000  1.046902 -0.119173 0.046355
28  1.442250 0.107455 1.746174  -1.686223 -0.542045 0.323272
29  1.063451 -0.000002 0.000002  -0.000000 0.000000 0.199152
30  1.376307 0.000002 -0.000001  -0.000000 0.000000 0.199147
31  4.172847 -0.251365 1.312746  -0.006540 -0.095851 0.132951
32  1.215370 0.000001 -0.000001  0.000000 -0.000000 0.637772
33  1.215368 -0.000001 0.000004  0.000000 0.000000 0.637772
34  4.220536 -0.244852 0.431464  -0.000925 -0.026242 0.132684
35  1.350418 0.000001 -0.000002  0.000000 0.000000 0.858943
36  1.350410 -0.000002 -0.000006  -0.000000 0.000000 0.858963
37  4.262831 -0.232718 -1.392179  0.015749 0.076896 0.239510
38  2.110541 -0.000001 -0.000000  0.016864 -0.015605 -0.211210
39  0.891936 2.373048 -0.014527  -3.141592 -0.000001 1.413797
40  7.228117 5.709446 3.726568  3.140796 -1.570796 0.000000
41  2.450427 5.076127 0.001325  3.140791 -1.570796 0.000000
42  6.312404 -4.528056 0.001311  -3.122493 -1.570796 0.000000
43  2.233299 1.152535 -7.309138  -1.307340 -1.579854 -0.697277
44  3.061500 2.842763 2.243589  0.000000 -0.000000 1.570796
time 50
0  1.727579 6.791367 38.463379  0.000000 -0.000000 -1.701715
1  0.164395 -0.125004 0.000008  -1.570795 -1.570451 -0.000000
2  -0.000000 0.000008 4.427392  -0.170749 3.130202 0.000903
3  18.465939 -0.000000 -0.000000  -0.000000 -0.000000 -0.416557
4  14.875444 0.000000 0.000000  0.018467 0.017437 0.402071
5  0.000007 -0.000003 -4.427393  0.106016 3.095625 -0.362237
6  18.465939 -0.000000 0.000001  0.000000 0.000000 -0.394334
7  14.875444 -0.000000 -0.000000  -0.220117 0.005218 0.029344
8  2.255208 -0.007574 0.000003  0.122101 -0.017401 -0.001322
9  9.514218 -0.009356 -0.000000  -0.008779 0.002352 -0.095902
10  11.752189 -0.001496 0.000000  0.000024 0.043599 0.440031
11  -2.111784 0.863596 2.563793  0.697216 -1.395374 2.006326
12  4.640937 0.000000 0.000007  0.003415 1.230669 -0.279848
13  10.828056 -0.000002 -0.000006  -0.006218 -0.069509 -0.643807
14  9.393338 -0.000006 0.000010  1.939538 0.008013 0.055012
15  1.442241 0.107451 -1.746178  1.686435 0.539209 0.325885
16  1.063445 0.000001 0.000001  0.000000 -0.000000 0.199056
17  1.376308 -0.000000 0.000006  -0.000000 -0.000000 0.199049
18  4.172848 -0.251369 -1.312745  0.008050 0.095731 0.148659
19  1.215368 0.000005 0.000000  -0.000000 -0.000000 0.645758
20  1.215372 0.000000 0.000002  -0.000000 -0.000000 0.645758
21  4.220534 -0.244856 -0.431467  0.001333 0.026242 0.148339
22  1.350421 0.000002 0.000001  0.000000 -0.000000 0.863926
23  1.350410 0.000003 -0.000003  0.000000 0.000000 0.863926
24  -1.885216 0.863608 -2.731759  -0.942448 1.461427 1.764337
25  4.640937 -0.000003 -0.000014  0.840773 -0.556066 -1.008731
26  10.828048 0.000005 0.000008  0.372594 -1.232925 -0.552316
27  9.393347 0.000003 0.000001  1.046902 -0.119173 0.046355
28  1.442243 0.107455 1.746174  -1.686405 -0.539236 0.325898
29  1.063451 0.000007 -0.000000  0.000000 -0.000000 0.199056
30  1.376308 -0.000003 -0.000000  0.000000 -0.000000 0.199059
31  4.172844 -0.251363 1.312741  -0.008050 -0.095731 0.148659
32  1.215374 0.000002 -0.000002  0.000000 -0.000000 0.645746
33  1.215371 -0.000001 0.000003  0.000000 -0.000000 0.645746
34  4.220533 -0.244850 0.431460  -0.001333 -0.026242 0.148339
35  1.350416 0.000000 0.000002  0.000000 -0.000000 0.863937
36  1.350410 -0.000002 -0.000005  -0.000000 -0.000000 0.863925
37  4.262824 -0.232719 -1.392179  0.016840 0.076668 0.253759
38  2.110544 -0.000004 -0.000000  0.002417 -0.010493 -0.153718
39  0.891930 2.373051 -0.014527  -3.141592 -0.000001 1.413797
40  7.228119 5.709445 3.726568  3.140796 -1.570796 0.000000
41  2.450430 5.076127 0.001325  3.140791 -1.570796 0.000000
42  6.312410 -4.528057 0.001311  -3.124993 -1.570796 0.000000
43  2.233305 1.152535 -7.309138  -1.140617 -1.562088 -0.883876
44  3.061500 2.842763 2.243589  0.000000 -0.000000 1.570796
end
