version 1
nodes
0 "Bip01" -1
1 "Bip01 Pelvis" 0
2 "Bip01 L Thigh" 1
3 "Bip01 L Calf" 2
4 "Bip01 L Foot" 3
5 "Bip01 R Thigh" 1
6 "Bip01 R Calf" 5
7 "Bip01 R Foot" 6
8 "Bip01 Spine" 1
9 "Bip01 Spine1" 8
10 "Bip01 Neck" 9
11 "Bip01 L Clavicle" 10
12 "Bip01 L UpperArm" 11
13 "Bip01 L Forearm" 12
14 "Bip01 L Hand" 13
15 "Bip01 L Finger0" 14
16 "Bip01 L Finger01" 15
17 "Bip01 L Finger02" 16
18 "Bip01 L Finger1" 14
19 "Bip01 L Finger11" 18
20 "Bip01 L Finger12" 19
21 "Bip01 L Finger2" 14
22 "Bip01 L Finger21" 21
23 "Bip01 L Finger22" 22
24 "Bip01 R Clavicle" 10
25 "Bip01 R UpperArm" 24
26 "Bip01 R Forearm" 25
27 "Bip01 R Hand" 26
28 "Bip01 R Finger0" 27
29 "Bip01 R Finger01" 28
30 "Bip01 R Finger02" 29
31 "Bip01 R Finger1" 27
32 "Bip01 R Finger11" 31
33 "Bip01 R Finger12" 32
34 "Bip01 R Finger2" 27
35 "Bip01 R Finger21" 34
36 "Bip01 R Finger22" 35
37 "Bip01 R Finger4" 27
38 "Bip01 Head" 10
39 "Bone05" 38
40 "Bone08" 9
41 "Bone16" 8
42 "Bone01" 8
43 "Bone03" 1
44 "Box01" -1
end
skeleton
time 0
0  0.420091 1.059590 39.345757  0.000000 -0.000000 -1.570795
1  -0.245774 -0.000000 0.000000  -1.021376 -1.570400 -0.549426
2  -0.000923 0.000008 4.427392  -0.000317 -3.130563 -0.072680
3  18.465935 -0.000130 -0.000070  -0.000001 0.000015 -0.242158
4  14.875449 0.000417 0.000167  0.001118 -0.017827 0.169459
5  0.000926 -0.000004 -4.427392  0.000288 3.130167 -0.072680
6  18.465940 -0.000130 0.000427  0.000006 -0.000034 -0.242158
7  14.875444 0.000418 -0.000167  -0.001115 0.005127 0.169473
8  2.255210 -0.007558 0.000470  -0.000004 -0.000184 0.000803
9  9.514226 -0.009356 0.000233  -0.000000 0.000000 0.000000
10  11.752196 -0.001491 0.000288  -0.000011 -0.000023 0.478763
11  -1.967263 0.937800 2.649730  0.088017 -1.370041 2.575769
12  4.640935 0.000003 0.000002  -0.049948 1.052208 -0.032372
13  10.828042 0.000102 0.000002  -0.000007 -0.000003 -0.409434
14  9.393347 0.000029 -0.000004  -1.569609 -0.000001 0.165807
15  1.442248 0.107452 -1.746175  1.585941 0.550077 0.132381
16  1.063451 0.000005 -0.000003  -0.000001 -0.000000 0.183259
17  1.376312 0.000004 -0.000002  0.000003 0.000001 0.148356
18  4.172847 -0.251363 -1.312735  -0.001197 0.096043 0.052253
19  1.215375 -0.000006 -0.000013  0.000007 0.000014 0.052348
20  1.215372 0.000006 0.000005  -0.000001 -0.000006 0.052366
21  4.220532 -0.244849 -0.431456  -0.001189 0.026230 0.052339
22  1.350415 -0.000011 -0.000012  0.000005 0.000014 0.052346
23  1.350408 0.000004 0.000005  -0.000003 -0.000009 0.052368
24  -1.967258 0.937811 -2.649725  -0.088049 1.370038 2.575735
25  4.640945 0.000012 -0.000000  0.049954 -1.052208 -0.032362
26  10.828055 0.000041 -0.000000  -0.000004 -0.000002 -0.409434
27  9.393341 -0.000020 0.000000  1.569610 0.000000 0.165802
28  1.442248 0.107459 1.746178  -1.585941 -0.550075 0.132380
29  1.063451 -0.000002 0.000001  -0.000004 -0.000002 0.183258
30  1.376310 -0.000003 -0.000003  0.000002 0.000000 0.148356
31  4.172848 -0.251363 1.312741  0.001195 -0.096044 0.052256
32  1.215372 -0.000010 0.000012  -0.000007 -0.000013 0.052347
33  1.215374 0.000004 -0.000004  0.000001 0.000005 0.052365
34  4.220537 -0.244850 0.431461  0.001182 -0.026251 0.052318
35  1.350415 0.000015 -0.000017  0.000001 0.000006 0.052369
36  1.350412 0.000002 -0.000003  0.000003 0.000009 0.052368
37  4.262825 -0.232718 -1.392183  0.001185 0.078468 0.052445
38  2.110545 0.000018 -0.000000  0.000000 0.000001 -0.322560
39  0.891931 2.373047 -0.014527  -3.141592 -0.000002 1.413796
40  7.228031 5.709447 3.726745  3.140790 -1.570772 0.000000
41  2.450426 5.076128 0.001385  3.140790 -1.570772 0.000000
42  6.312409 -4.528057 0.001466  3.140790 -1.570772 0.000000
43  2.234815 1.152551 -7.308675  -1.569191 -1.571002 -0.001598
44  3.061500 2.842763 2.243589  0.000000 -0.000000 1.570796
end
triangles
barney_legs.bmp
9  2.770111 -0.941716 61.952629  0.738643 -0.607340 -0.292479  0.301961 0.507874
38  2.980115 -2.136800 64.743919  0.936683 -0.215572 -0.275959  0.301961 0.625984
9  1.220108 -2.510651 61.020840  0.239543 -0.875196 0.420298  0.196078 0.507874
barney_legs.bmp
9  1.220108 -2.510651 61.020840  0.239543 -0.875196 0.420298  0.196078 0.507874
38  2.980115 -2.136800 64.743919  0.936683 -0.215572 -0.275959  0.301961 0.625984
38  0.980112 -3.533368 63.590839  0.330198 -0.348383 -0.877267  0.184314 0.606299
barney_legs.bmp
38  2.980115 -2.136800 64.743919  0.936683 -0.215572 -0.275959  0.301961 0.625984
39  2.275588 -3.918814 64.127960  0.705054 -0.244589 -0.665639  0.266667 0.645669
38  0.980112 -3.533368 63.590839  0.330198 -0.348383 -0.877267  0.184314 0.606299
barney_legs.bmp
38  0.980112 -3.533368 63.590839  0.330198 -0.348383 -0.877267  0.184314 0.606299
39  2.275588 -3.918814 64.127960  0.705054 -0.244589 -0.665639  0.266667 0.645669
39  1.345587 -4.908721 63.857620  0.524098 -0.685501 -0.505380  0.211765 0.633858
barney_legs.bmp
39  2.275588 -3.918814 64.127960  0.705054 -0.244589 -0.665639  0.266667 0.645669
38  2.730114 -4.643812 67.079941  0.806566 -0.571879 -0.149688  0.286275 0.771654
39  1.345587 -4.908721 63.857620  0.524098 -0.685501 -0.505380  0.211765 0.633858
barney_legs.bmp
39  1.345587 -4.908721 63.857620  0.524098 -0.685501 -0.505380  0.211765 0.633858
38  2.730114 -4.643812 67.079941  0.806566 -0.571879 -0.149688  0.286275 0.771654
38  1.520112 -5.123625 65.636932  0.441919 -0.892416 -0.091112  0.211765 0.712598
barney_legs.bmp
38  2.730114 -4.643812 67.079941  0.806566 -0.571879 -0.149688  0.286275 0.771654
38  1.720114 -5.297177 67.624283  0.320586 -0.934596 0.154128  0.227451 0.787402
38  1.520112 -5.123625 65.636932  0.441919 -0.892416 -0.091112  0.211765 0.712598
barney_legs.bmp
38  1.520112 -5.123625 65.636932  0.441919 -0.892416 -0.091112  0.211765 0.712598
38  1.720114 -5.297177 67.624283  0.320586 -0.934596 0.154128  0.227451 0.787402
38  1.090113 -5.456339 67.032028  0.573209 -0.817614 0.054205  0.188235 0.767717
barney_legs.bmp
38  1.720114 -5.297177 67.624283  0.320586 -0.934596 0.154128  0.227451 0.787402
38  0.860113 -5.450357 67.377228  0.521784 -0.786456 0.330497  0.176471 0.783465
38  1.090113 -5.456339 67.032028  0.573209 -0.817614 0.054205  0.188235 0.767717
barney_legs.bmp
38  1.090113 -5.456339 67.032028  0.573209 -0.817614 0.054205  0.188235 0.767717
38  0.860113 -5.450357 67.377228  0.521784 -0.786456 0.330497  0.176471 0.783465
38  0.630112 -6.345364 67.083359  0.703341 -0.696752 0.140885  0.164706 0.775591
barney_legs.bmp
38  0.860113 -5.450357 67.377228  0.521784 -0.786456 0.330497  0.176471 0.783465
38  0.640115 -5.288630 68.719147  0.650858 -0.740196 -0.168803  0.164706 0.842520
38  0.630112 -6.345364 67.083359  0.703341 -0.696752 0.140885  0.164706 0.775591
barney_legs.bmp
38  0.630112 -6.345364 67.083359  0.703341 -0.696752 0.140885  0.164706 0.775591
38  0.640115 -5.288630 68.719147  0.650858 -0.740196 -0.168803  0.164706 0.842520
38  0.370114 -5.514839 68.804764  0.000015 -0.997138 0.075605  0.149020 0.846457
barney_legs.bmp
38  0.640115 -5.288630 68.719147  0.650858 -0.740196 -0.168803  0.164706 0.842520
38  0.370115 -5.698551 69.069244  0.001429 -0.858447 -0.512900  0.149020 0.862205
38  0.370114 -5.514839 68.804764  0.000015 -0.997138 0.075605  0.149020 0.846457
barney_legs.bmp
38  0.370114 -5.514839 68.804764  0.000015 -0.997138 0.075605  0.149020 0.846457
38  0.370115 -5.698551 69.069244  0.001429 -0.858447 -0.512900  0.149020 0.862205
38  0.090115 -5.288630 68.719147  -0.651049 -0.740026 -0.168809  0.133333 0.842520
barney_legs.bmp
38  0.370115 -5.698551 69.069244  0.001429 -0.858447 -0.512900  0.149020 0.862205
38  -0.539885 -5.191574 68.937050  -0.102695 -0.824008 -0.557194  0.094118 0.850394
38  0.090115 -5.288630 68.719147  -0.651049 -0.740026 -0.168809  0.133333 0.842520
barney_legs.bmp
38  0.090115 -5.288630 68.719147  -0.651049 -0.740026 -0.168809  0.133333 0.842520
38  -0.539885 -5.191574 68.937050  -0.102695 -0.824008 -0.557194  0.094118 0.850394
38  -0.239885 -5.004111 68.521286  -0.213702 -0.976335 -0.033193  0.113725 0.838583
barney_legs.bmp
38  -0.539885 -5.191574 68.937050  -0.102695 -0.824008 -0.557194  0.094118 0.850394
38  -0.519886 -5.107291 68.150543  -0.059401 -0.988534 0.138824  0.098039 0.811024
38  -0.239885 -5.004111 68.521286  -0.213702 -0.976335 -0.033193  0.113725 0.838583
barney_legs.bmp
38  -0.239885 -5.004111 68.521286  -0.213702 -0.976335 -0.033193  0.113725 0.838583
38  -0.519886 -5.107291 68.150543  -0.059401 -0.988534 0.138824  0.098039 0.811024
38  -0.129887 -5.450355 67.377235  -0.521951 -0.786351 0.330484  0.121569 0.783465
barney_legs.bmp
38  -0.519886 -5.107291 68.150543  -0.059401 -0.988534 0.138824  0.098039 0.811024
38  -0.989886 -5.297174 67.624290  -0.320496 -0.934583 0.154393  0.070588 0.787402
38  -0.129887 -5.450355 67.377235  -0.521951 -0.786351 0.330484  0.121569 0.783465
barney_legs.bmp
38  -0.129887 -5.450355 67.377235  -0.521951 -0.786351 0.330484  0.121569 0.783465
38  -0.989886 -5.297174 67.624290  -0.320496 -0.934583 0.154393  0.070588 0.787402
38  -0.359887 -5.456338 67.032028  -0.641035 -0.767429 0.011228  0.109804 0.767717
barney_legs.bmp
38  -0.989886 -5.297174 67.624290  -0.320496 -0.934583 0.154393  0.070588 0.787402
38  -0.789888 -5.123622 65.636932  -0.441948 -0.892440 -0.090734  0.086275 0.712598
38  -0.359887 -5.456338 67.032028  -0.641035 -0.767429 0.011228  0.109804 0.767717
barney_legs.bmp
38  -0.359887 -5.456338 67.032028  -0.641035 -0.767429 0.011228  0.109804 0.767717
38  -0.789888 -5.123622 65.636932  -0.441948 -0.892440 -0.090734  0.086275 0.712598
38  -0.289887 -5.452444 66.688393  -0.487406 -0.838710 -0.242903  0.113725 0.755906
barney_legs.bmp
38  -0.789888 -5.123622 65.636932  -0.441948 -0.892440 -0.090734  0.086275 0.712598
38  0.140112 -5.633401 66.042053  -0.162529 -0.973000 0.163877  0.137255 0.720472
38  -0.289887 -5.452444 66.688393  -0.487406 -0.838710 -0.242903  0.113725 0.755906
barney_legs.bmp
38  -0.289887 -5.452444 66.688393  -0.487406 -0.838710 -0.242903  0.113725 0.755906
38  0.140112 -5.633401 66.042053  -0.162529 -0.973000 0.163877  0.137255 0.720472
38  0.370112 -5.507952 66.527710  0.000008 -0.858425 -0.512938  0.149020 0.740157
barney_legs.bmp
38  0.140112 -5.633401 66.042053  -0.162529 -0.973000 0.163877  0.137255 0.720472
38  0.590112 -5.633402 66.042053  0.162622 -0.973001 0.163776  0.164706 0.720472
38  0.370112 -5.507952 66.527710  0.000008 -0.858425 -0.512938  0.149020 0.740157
barney_legs.bmp
38  0.370112 -5.507952 66.527710  0.000008 -0.858425 -0.512938  0.149020 0.740157
38  0.590112 -5.633402 66.042053  0.162622 -0.973001 0.163776  0.164706 0.720472
38  1.020113 -5.452445 66.688393  0.576271 -0.782232 -0.236698  0.184314 0.755906
barney_legs.bmp
38  0.590112 -5.633402 66.042053  0.162622 -0.973001 0.163776  0.164706 0.720472
38  1.520112 -5.123625 65.636932  0.441919 -0.892416 -0.091112  0.211765 0.712598
38  1.020113 -5.452445 66.688393  0.576271 -0.782232 -0.236698  0.184314 0.755906
barney_legs.bmp
38  1.020113 -5.452445 66.688393  0.576271 -0.782232 -0.236698  0.184314 0.755906
38  1.520112 -5.123625 65.636932  0.441919 -0.892416 -0.091112  0.211765 0.712598
38  1.090113 -5.456339 67.032028  0.573209 -0.817614 0.054205  0.188235 0.767717
barney_legs.bmp
1  0.420077 6.625081 40.167595  0.000000 0.997204 0.074721  0.784314 0.476378
1  3.570077 6.625089 40.167595  0.162542 0.977366 0.135413  0.701961 0.480315
1  0.420077 6.755702 38.367638  -0.000012 0.999295 -0.037532  0.784314 0.448819
barney_legs.bmp
1  0.420077 6.755702 38.367638  -0.000012 0.999295 -0.037532  0.784314 0.448819
1  3.570077 6.625089 40.167595  0.162542 0.977366 0.135413  0.701961 0.480315
1  4.120077 6.795711 38.367653  0.360208 0.932710 -0.017398  0.701961 0.448819
barney_legs.bmp
1  3.570077 6.625089 40.167595  0.162542 0.977366 0.135413  0.701961 0.480315
1  4.810080 5.534598 41.597218  0.705911 0.694187 0.140689  0.647059 0.496063
1  4.120077 6.795711 38.367653  0.360208 0.932710 -0.017398  0.701961 0.448819
barney_legs.bmp
1  4.120077 6.795711 38.367653  0.360208 0.932710 -0.017398  0.701961 0.448819
1  4.810080 5.534598 41.597218  0.705911 0.694187 0.140689  0.647059 0.496063
2  6.892548 3.360085 37.806126  0.871306 0.488352 -0.048365  0.623529 0.413386
barney_legs.bmp
1  4.810080 5.534598 41.597218  0.705911 0.694187 0.140689  0.647059 0.496063
1  7.100088 2.404746 41.186134  0.981269 0.176013 0.078293  0.623529 0.496063
2  6.892548 3.360085 37.806126  0.871306 0.488352 -0.048365  0.623529 0.413386
barney_legs.bmp
2  6.892548 3.360085 37.806126  0.871306 0.488352 -0.048365  0.623529 0.413386
1  7.100088 2.404746 41.186134  0.981269 0.176013 0.078293  0.623529 0.496063
2  7.105379 -0.774485 38.860130  0.967094 -0.247950 0.057002  0.549020 0.460630
barney_legs.bmp
1  7.100088 2.404746 41.186134  0.981269 0.176013 0.078293  0.623529 0.496063
1  6.680098 -1.445176 40.954807  0.841420 -0.538816 0.041103  0.549020 0.496063
2  7.105379 -0.774485 38.860130  0.967094 -0.247950 0.057002  0.549020 0.460630
barney_legs.bmp
2  7.105379 -0.774485 38.860130  0.967094 -0.247950 0.057002  0.549020 0.460630
1  6.680098 -1.445176 40.954807  0.841420 -0.538816 0.041103  0.549020 0.496063
2  4.143562 -3.879808 37.527687  0.297993 -0.953997 -0.033006  0.478431 0.440945
barney_legs.bmp
1  6.680098 -1.445176 40.954807  0.841420 -0.538816 0.041103  0.549020 0.496063
1  4.080104 -3.815175 40.933990  0.276264 -0.957177 -0.086551  0.478431 0.496063
2  4.143562 -3.879808 37.527687  0.297993 -0.953997 -0.033006  0.478431 0.440945
barney_legs.bmp
2  4.143562 -3.879808 37.527687  0.297993 -0.953997 -0.033006  0.478431 0.440945
1  4.080104 -3.815175 40.933990  0.276264 -0.957177 -0.086551  0.478431 0.496063
1  2.270103 -3.403982 37.464130  0.099019 -0.948815 -0.299909  0.431373 0.440945
barney_legs.bmp
1  4.080104 -3.815175 40.933990  0.276264 -0.957177 -0.086551  0.478431 0.496063
1  0.420105 -4.153683 36.583870  0.000104 -0.939361 -0.342931  0.400000 0.440945
1  2.270103 -3.403982 37.464130  0.099019 -0.948815 -0.299909  0.431373 0.440945
barney_legs.bmp
1  2.270103 -3.403982 37.464130  0.099019 -0.948815 -0.299909  0.431373 0.440945
1  0.420105 -4.153683 36.583870  0.000104 -0.939361 -0.342931  0.400000 0.440945
1  0.420100 -2.322909 34.344501  -0.000008 -0.878738 -0.477305  0.400000 0.409449
barney_legs.bmp
1  0.420105 -4.153683 36.583870  0.000104 -0.939361 -0.342931  0.400000 0.440945
1  -1.439897 -3.403991 37.464130  -0.098903 -0.948895 -0.299694  0.364706 0.440945
1  0.420100 -2.322909 34.344501  -0.000008 -0.878738 -0.477305  0.400000 0.409449
barney_legs.bmp
1  0.420100 -2.322909 34.344501  -0.000008 -0.878738 -0.477305  0.400000 0.409449
1  -1.439897 -3.403991 37.464130  -0.098903 -0.948895 -0.299694  0.364706 0.440945
5  0.384523 -2.082574 33.565746  0.754628 -0.635822 -0.162071  0.372549 0.385827
barney_legs.bmp
1  -1.439897 -3.403991 37.464130  -0.098903 -0.948895 -0.299694  0.364706 0.440945
5  -3.313370 -3.879805 37.527809  -0.288372 -0.957138 -0.026993  0.317647 0.437008
5  0.384523 -2.082574 33.565746  0.754628 -0.635822 -0.162071  0.372549 0.385827
barney_legs.bmp
5  0.384523 -2.082574 33.565746  0.754628 -0.635822 -0.162071  0.372549 0.385827
5  -3.313370 -3.879805 37.527809  -0.288372 -0.957138 -0.026993  0.317647 0.437008
5  -4.039347 -3.343669 22.647375  -0.017235 -0.997637 -0.066506  0.305882 0.185039
barney_legs.bmp
5  -3.313370 -3.879805 37.527809  -0.288372 -0.957138 -0.026993  0.317647 0.437008
5  -7.163220 -1.229460 29.257408  -0.889772 -0.455240 0.032584  0.254902 0.295276
5  -4.039347 -3.343669 22.647375  -0.017235 -0.997637 -0.066506  0.305882 0.185039
barney_legs.bmp
5  -4.039347 -3.343669 22.647375  -0.017235 -0.997637 -0.066506  0.305882 0.185039
5  -7.163220 -1.229460 29.257408  -0.889772 -0.455240 0.032584  0.254902 0.295276
5  -7.117688 -1.459378 22.625751  -0.920057 -0.391701 0.008099  0.254902 0.185039
barney_legs.bmp
5  -7.163220 -1.229460 29.257408  -0.889772 -0.455240 0.032584  0.254902 0.295276
5  -7.159017 2.314829 22.132145  -0.876747 0.478067 0.052591  0.172549 0.169291
5  -7.117688 -1.459378 22.625751  -0.920057 -0.391701 0.008099  0.254902 0.185039
barney_legs.bmp
5  -7.117688 -1.459378 22.625751  -0.920057 -0.391701 0.008099  0.254902 0.185039
5  -7.159017 2.314829 22.132145  -0.876747 0.478067 0.052591  0.172549 0.169291
6  -7.197643 2.528085 20.446760  -0.918568 0.369024 0.141610  0.172549 0.141732
barney_legs.bmp
5  -7.159017 2.314829 22.132145  -0.876747 0.478067 0.052591  0.172549 0.169291
6  -4.203891 4.424473 20.576626  -0.070463 0.960727 0.268401  0.078431 0.145669
6  -7.197643 2.528085 20.446760  -0.918568 0.369024 0.141610  0.172549 0.141732
barney_legs.bmp
6  -7.197643 2.528085 20.446760  -0.918568 0.369024 0.141610  0.172549 0.141732
6  -4.203891 4.424473 20.576626  -0.070463 0.960727 0.268401  0.078431 0.145669
6  -7.549407 3.467640 17.517035  -0.880309 0.454396 0.136309  0.172549 0.098425
barney_legs.bmp
6  -4.203891 4.424473 20.576626  -0.070463 0.960727 0.268401  0.078431 0.145669
6  -4.243731 5.405640 17.812944  0.007606 0.995261 0.096937  0.078431 0.102362
6  -7.549407 3.467640 17.517035  -0.880309 0.454396 0.136309  0.172549 0.098425
barney_legs.bmp
6  -7.549407 3.467640 17.517035  -0.880309 0.454396 0.136309  0.172549 0.098425
6  -4.243731 5.405640 17.812944  0.007606 0.995261 0.096937  0.078431 0.102362
6  -7.474960 3.537405 13.439131  -0.746873 0.623846 -0.230211  0.172549 0.023622
barney_legs.bmp
6  -4.243731 5.405640 17.812944  0.007606 0.995261 0.096937  0.078431 0.102362
6  -4.424797 5.262513 13.265053  0.101624 0.958638 -0.265868  0.082353 0.027559
6  -7.474960 3.537405 13.439131  -0.746873 0.623846 -0.230211  0.172549 0.023622
barney_legs.bmp
6  -7.474960 3.537405 13.439131  -0.746873 0.623846 -0.230211  0.172549 0.023622
6  -4.424797 5.262513 13.265053  0.101624 0.958638 -0.265868  0.082353 0.027559
6  -4.382085 4.654480 11.780407  -0.172173 0.905817 -0.387106  0.078431 0.000000
barney_legs.bmp
6  -4.424797 5.262513 13.265053  0.101624 0.958638 -0.265868  0.082353 0.027559
6  -2.121606 3.321093 11.942933  0.658939 0.575604 -0.484232  0.003922 0.000000
6  -4.382085 4.654480 11.780407  -0.172173 0.905817 -0.387106  0.078431 0.000000
barney_legs.bmp
1  4.120077 6.795711 38.367653  0.360208 0.932710 -0.017398  0.701961 0.448819
1  4.290078 6.446433 36.277531  0.412082 0.865521 -0.284714  0.701961 0.413386
1  0.420078 6.156424 36.277431  0.000001 0.912486 -0.409109  0.784314 0.413386
barney_legs.bmp
1  0.420078 6.156424 36.277431  0.000001 0.912486 -0.409109  0.784314 0.413386
1  4.290078 6.446433 36.277531  0.412082 0.865521 -0.284714  0.701961 0.413386
1  4.380079 5.916734 35.407349  0.314725 0.774602 -0.548580  0.701961 0.397638
barney_legs.bmp
1  4.290078 6.446433 36.277531  0.412082 0.865521 -0.284714  0.701961 0.413386
2  6.892548 3.360085 37.806126  0.871306 0.488352 -0.048365  0.623529 0.413386
1  4.380079 5.916734 35.407349  0.314725 0.774602 -0.548580  0.701961 0.397638
barney_legs.bmp
1  4.380079 5.916734 35.407349  0.314725 0.774602 -0.548580  0.701961 0.397638
2  6.892548 3.360085 37.806126  0.871306 0.488352 -0.048365  0.623529 0.413386
2  4.420508 5.627306 35.067158  0.183992 0.916746 -0.354576  0.701961 0.393701
barney_legs.bmp
2  6.892548 3.360085 37.806126  0.871306 0.488352 -0.048365  0.623529 0.413386
2  7.934672 2.654357 28.754599  0.887984 0.459381 0.021290  0.623529 0.279528
2  4.420508 5.627306 35.067158  0.183992 0.916746 -0.354576  0.701961 0.393701
barney_legs.bmp
2  4.420508 5.627306 35.067158  0.183992 0.916746 -0.354576  0.701961 0.393701
2  7.934672 2.654357 28.754599  0.887984 0.459381 0.021290  0.623529 0.279528
2  4.942122 4.234657 21.657753  -0.083370 0.996516 0.002308  0.701961 0.165354
barney_legs.bmp
2  7.934672 2.654357 28.754599  0.887984 0.459381 0.021290  0.623529 0.279528
2  7.989149 2.314838 22.132011  0.875772 0.478756 0.061770  0.623529 0.173228
2  4.942122 4.234657 21.657753  -0.083370 0.996516 0.002308  0.701961 0.165354
barney_legs.bmp
2  4.942122 4.234657 21.657753  -0.083370 0.996516 0.002308  0.701961 0.165354
2  7.989149 2.314838 22.132011  0.875772 0.478756 0.061770  0.623529 0.173228
3  5.034013 4.424473 20.576500  0.070496 0.960724 0.268403  0.701961 0.145669
barney_legs.bmp
2  7.989149 2.314838 22.132011  0.875772 0.478756 0.061770  0.623529 0.173228
3  8.027770 2.528094 20.446627  0.918568 0.369027 0.141608  0.623529 0.145669
3  5.034013 4.424473 20.576500  0.070496 0.960724 0.268403  0.701961 0.145669
barney_legs.bmp
3  5.034013 4.424473 20.576500  0.070496 0.960724 0.268403  0.701961 0.145669
3  8.027770 2.528094 20.446627  0.918568 0.369027 0.141608  0.623529 0.145669
3  8.379524 3.467650 17.516899  0.880345 0.454328 0.136304  0.623529 0.098425
barney_legs.bmp
3  8.027770 2.528094 20.446627  0.918568 0.369027 0.141608  0.623529 0.145669
3  8.080290 -1.188770 19.698322  0.869255 -0.493665 -0.026279  0.549020 0.125984
3  8.379524 3.467650 17.516899  0.880345 0.454328 0.136304  0.623529 0.098425
barney_legs.bmp
3  8.379524 3.467650 17.516899  0.880345 0.454328 0.136304  0.623529 0.098425
3  8.080290 -1.188770 19.698322  0.869255 -0.493665 -0.026279  0.549020 0.125984
3  8.078816 0.209699 13.434164  0.857197 -0.424408 -0.291705  0.549020 0.023622
barney_legs.bmp
3  8.080290 -1.188770 19.698322  0.869255 -0.493665 -0.026279  0.549020 0.125984
3  5.129566 -2.990962 19.032190  -0.077075 -0.979085 -0.188285  0.494118 0.122047
3  8.078816 0.209699 13.434164  0.857197 -0.424408 -0.291705  0.549020 0.023622
barney_legs.bmp
3  8.078816 0.209699 13.434164  0.857197 -0.424408 -0.291705  0.549020 0.023622
3  5.129566 -2.990962 19.032190  -0.077075 -0.979085 -0.188285  0.494118 0.122047
3  5.252373 -1.505901 13.271277  0.106050 -0.851304 -0.513843  0.494118 0.023622
barney_legs.bmp
3  5.129566 -2.990962 19.032190  -0.077075 -0.979085 -0.188285  0.494118 0.122047
3  2.442652 0.216369 13.058780  -0.747005 -0.531993 -0.398707  0.431373 0.019685
3  5.252373 -1.505901 13.271277  0.106050 -0.851304 -0.513843  0.494118 0.023622
barney_legs.bmp
3  5.252373 -1.505901 13.271277  0.106050 -0.851304 -0.513843  0.494118 0.023622
3  2.442652 0.216369 13.058780  -0.747005 -0.531993 -0.398707  0.431373 0.019685
3  5.210779 -0.683373 12.437780  -0.139731 -0.713493 -0.686588  0.494118 0.000000
barney_legs.bmp
3  2.442652 0.216369 13.058780  -0.747005 -0.531993 -0.398707  0.431373 0.019685
3  2.950937 0.656244 12.277335  -0.727190 -0.292646 -0.620929  0.431373 0.000000
3  5.210779 -0.683373 12.437780  -0.139731 -0.713493 -0.686588  0.494118 0.000000
barney_legs.bmp
38  1.520112 -5.123625 65.636932  0.441919 -0.892416 -0.091112  0.211765 0.712598
39  1.215588 -5.249220 65.307503  0.446417 -0.884474 -0.135708  0.196078 0.696850
39  1.345587 -4.908721 63.857620  0.524098 -0.685501 -0.505380  0.211765 0.633858
barney_legs.bmp
39  1.345587 -4.908721 63.857620  0.524098 -0.685501 -0.505380  0.211765 0.633858
39  1.215588 -5.249220 65.307503  0.446417 -0.884474 -0.135708  0.196078 0.696850
39  0.905588 -5.339096 64.947472  0.297801 -0.936967 -0.182778  0.180392 0.677165
barney_legs.bmp
39  1.215588 -5.249220 65.307503  0.446417 -0.884474 -0.135708  0.196078 0.696850
39  0.365588 -5.579196 65.237389  0.000085 -0.956749 -0.290915  0.149020 0.688976
39  0.905588 -5.339096 64.947472  0.297801 -0.936967 -0.182778  0.180392 0.677165
barney_legs.bmp
39  0.905588 -5.339096 64.947472  0.297801 -0.936967 -0.182778  0.180392 0.677165
39  0.365588 -5.579196 65.237389  0.000085 -0.956749 -0.290915  0.149020 0.688976
39  -0.174412 -5.339096 64.947472  -0.251217 -0.959291 -0.129039  0.117647 0.677165
barney_legs.bmp
39  0.365588 -5.579196 65.237389  0.000085 -0.956749 -0.290915  0.149020 0.688976
39  -0.484412 -5.249220 65.307503  -0.448806 -0.883311 -0.135403  0.098039 0.696850
39  -0.174412 -5.339096 64.947472  -0.251217 -0.959291 -0.129039  0.117647 0.677165
barney_legs.bmp
39  -0.174412 -5.339096 64.947472  -0.251217 -0.959291 -0.129039  0.117647 0.677165
39  -0.484412 -5.249220 65.307503  -0.448806 -0.883311 -0.135403  0.098039 0.696850
39  -0.614413 -4.908725 63.867622  -0.527271 -0.680827 -0.508390  0.090196 0.633858
barney_legs.bmp
39  -0.484412 -5.249220 65.307503  -0.448806 -0.883311 -0.135403  0.098039 0.696850
38  -0.789888 -5.123622 65.636932  -0.441948 -0.892440 -0.090734  0.086275 0.712598
39  -0.614413 -4.908725 63.867622  -0.527271 -0.680827 -0.508390  0.090196 0.633858
barney_legs.bmp
39  -0.614413 -4.908725 63.867622  -0.527271 -0.680827 -0.508390  0.090196 0.633858
38  -0.789888 -5.123622 65.636932  -0.441948 -0.892440 -0.090734  0.086275 0.712598
38  -1.999886 -4.643806 67.079941  -0.806469 -0.571989 -0.149789  0.015686 0.771654
barney_legs.bmp
38  -0.789888 -5.123622 65.636932  -0.441948 -0.892440 -0.090734  0.086275 0.712598
38  -0.989886 -5.297174 67.624290  -0.320496 -0.934583 0.154393  0.070588 0.787402
38  -1.999886 -4.643806 67.079941  -0.806469 -0.571989 -0.149789  0.015686 0.771654
barney_legs.bmp
38  -1.999886 -4.643806 67.079941  -0.806469 -0.571989 -0.149789  0.015686 0.771654
38  -0.989886 -5.297174 67.624290  -0.320496 -0.934583 0.154393  0.070588 0.787402
38  -2.049885 -4.650787 68.081215  -0.669993 -0.722340 0.171271  0.011765 0.814961
barney_legs.bmp
38  -0.989886 -5.297174 67.624290  -0.320496 -0.934583 0.154393  0.070588 0.787402
38  -1.479885 -4.861945 68.199593  -0.420892 -0.894611 0.150070  0.043137 0.814961
38  -2.049885 -4.650787 68.081215  -0.669993 -0.722340 0.171271  0.011765 0.814961
barney_legs.bmp
38  -2.049885 -4.650787 68.081215  -0.669993 -0.722340 0.171271  0.011765 0.814961
38  -1.479885 -4.861945 68.199593  -0.420892 -0.894611 0.150070  0.043137 0.814961
38  -1.989884 -4.422014 68.745270  -0.722665 -0.660857 -0.202542  0.011765 0.842520
barney_legs.bmp
38  -1.479885 -4.861945 68.199593  -0.420892 -0.894611 0.150070  0.043137 0.814961
38  -1.479885 -5.058478 68.927795  -0.396614 -0.799612 -0.450908  0.043137 0.850394
38  -1.989884 -4.422014 68.745270  -0.722665 -0.660857 -0.202542  0.011765 0.842520
barney_legs.bmp
38  -1.989884 -4.422014 68.745270  -0.722665 -0.660857 -0.202542  0.011765 0.842520
38  -1.479885 -5.058478 68.927795  -0.396614 -0.799612 -0.450908  0.043137 0.850394
38  -2.149884 -4.666077 69.071053  -0.733924 -0.583670 -0.347398  0.007843 0.862205
barney_legs.bmp
38  -1.479885 -5.058478 68.927795  -0.396614 -0.799612 -0.450908  0.043137 0.850394
38  -1.249885 -5.449121 69.220192  -0.381224 -0.875025 -0.298328  0.050980 0.870079
38  -2.149884 -4.666077 69.071053  -0.733924 -0.583670 -0.347398  0.007843 0.862205
barney_legs.bmp
38  -2.149884 -4.666077 69.071053  -0.733924 -0.583670 -0.347398  0.007843 0.862205
38  -1.249885 -5.449121 69.220192  -0.381224 -0.875025 -0.298328  0.050980 0.870079
38  -1.979881 -4.082039 72.282234  -0.866910 -0.457356 0.198225  0.015686 1.000000
barney_legs.bmp
38  -1.249885 -5.449121 69.220192  -0.381224 -0.875025 -0.298328  0.050980 0.870079
38  0.370118 -4.959766 72.517601  0.000001 -0.963834 0.266504  0.149020 1.000000
38  -1.979881 -4.082039 72.282234  -0.866910 -0.457356 0.198225  0.015686 1.000000
barney_legs.bmp
30  -13.269315 -7.189823 37.413853  0.381707 -0.910334 -0.159975  0.600000 0.582677
30  -13.412417 -6.657276 37.122623  0.232962 0.198690 -0.951972  0.615686 0.582677
29  -12.879255 -6.680056 38.478081  0.927262 -0.354890 -0.119329  0.603922 0.614173
barney_legs.bmp
29  -12.879255 -6.680056 38.478081  0.927262 -0.354890 -0.119329  0.603922 0.614173
30  -13.412417 -6.657276 37.122623  0.232962 0.198690 -0.951972  0.615686 0.582677
29  -13.102263 -5.986306 38.028770  0.463022 0.544983 -0.699003  0.627451 0.606299
barney_legs.bmp
30  -13.412417 -6.657276 37.122623  0.232962 0.198690 -0.951972  0.615686 0.582677
29  -14.034174 -6.054250 38.353462  -0.802978 0.449058 -0.391883  0.627451 0.606299
29  -13.102263 -5.986306 38.028770  0.463022 0.544983 -0.699003  0.627451 0.606299
barney_legs.bmp
29  -13.102263 -5.986306 38.028770  0.463022 0.544983 -0.699003  0.627451 0.606299
29  -14.034174 -6.054250 38.353462  -0.802978 0.449058 -0.391883  0.627451 0.606299
27  -12.904821 -5.338337 38.531006  0.774112 -0.148463 -0.615393  0.647059 0.625984
barney_legs.bmp
29  -14.034174 -6.054250 38.353462  -0.802978 0.449058 -0.391883  0.627451 0.606299
27  -14.062289 -5.409001 39.141232  -0.865904 -0.484025 0.126218  0.647059 0.625984
27  -12.904821 -5.338337 38.531006  0.774112 -0.148463 -0.615393  0.647059 0.625984
barney_legs.bmp
27  -12.904821 -5.338337 38.531006  0.774112 -0.148463 -0.615393  0.647059 0.625984
27  -14.062289 -5.409001 39.141232  -0.865904 -0.484025 0.126218  0.647059 0.625984
27  -14.673821 -5.623846 38.182549  -0.360914 -0.863859 0.351409  0.654902 0.602362
barney_legs.bmp
27  -14.062289 -5.409001 39.141232  -0.865904 -0.484025 0.126218  0.647059 0.625984
27  -14.178171 -4.634218 40.409649  -0.890854 -0.248000 0.380626  0.662745 0.657480
27  -14.673821 -5.623846 38.182549  -0.360914 -0.863859 0.351409  0.654902 0.602362
barney_legs.bmp
27  -14.673821 -5.623846 38.182549  -0.360914 -0.863859 0.351409  0.654902 0.602362
27  -14.178171 -4.634218 40.409649  -0.890854 -0.248000 0.380626  0.662745 0.657480
27  -14.767030 -4.917380 37.858791  -0.987422 -0.046201 0.151204  0.686275 0.602362
barney_legs.bmp
27  -14.178171 -4.634218 40.409649  -0.890854 -0.248000 0.380626  0.662745 0.657480
27  -14.950082 -2.264296 37.237877  -0.828639 0.559333 0.022458  0.807843 0.606299
27  -14.767030 -4.917380 37.858791  -0.987422 -0.046201 0.151204  0.686275 0.602362
barney_legs.bmp
27  -14.767030 -4.917380 37.858791  -0.987422 -0.046201 0.151204  0.686275 0.602362
27  -14.950082 -2.264296 37.237877  -0.828639 0.559333 0.022458  0.807843 0.606299
34  -14.971596 -5.255900 36.644390  -0.616409 -0.717315 0.324808  0.694118 0.570866
barney_legs.bmp
27  -14.950082 -2.264296 37.237877  -0.828639 0.559333 0.022458  0.807843 0.606299
34  -15.183647 -2.830810 36.101002  -0.797193 0.589587 -0.129890  0.811765 0.574803
34  -14.971596 -5.255900 36.644390  -0.616409 -0.717315 0.324808  0.694118 0.570866
barney_legs.bmp
34  -14.971596 -5.255900 36.644390  -0.616409 -0.717315 0.324808  0.694118 0.570866
34  -15.183647 -2.830810 36.101002  -0.797193 0.589587 -0.129890  0.811765 0.574803
35  -15.148152 -5.597888 35.613937  -0.588816 -0.734015 0.338406  0.698039 0.539370
barney_legs.bmp
34  -15.183647 -2.830810 36.101002  -0.797193 0.589587 -0.129890  0.811765 0.574803
35  -15.344257 -3.236853 35.170029  -0.790688 0.585379 -0.179287  0.819608 0.547244
35  -15.148152 -5.597888 35.613937  -0.588816 -0.734015 0.338406  0.698039 0.539370
barney_legs.bmp
35  -15.148152 -5.597888 35.613937  -0.588816 -0.734015 0.338406  0.698039 0.539370
35  -15.344257 -3.236853 35.170029  -0.790688 0.585379 -0.179287  0.819608 0.547244
36  -15.322150 -6.026507 34.316780  -0.794600 -0.369307 -0.481895  0.698039 0.503937
barney_legs.bmp
35  -15.344257 -3.236853 35.170029  -0.790688 0.585379 -0.179287  0.819608 0.547244
36  -15.384296 -3.699339 34.187435  -0.496568 0.574699 -0.650493  0.823529 0.527559
36  -15.322150 -6.026507 34.316780  -0.794600 -0.369307 -0.481895  0.698039 0.503937
barney_legs.bmp
23  16.184256 -3.707292 34.183510  0.496487 0.574760 -0.650501  0.823529 0.527559
22  16.145420 -3.235825 35.161385  0.790687 0.585380 -0.179287  0.819608 0.547244
23  16.122116 -6.034459 34.312847  0.794601 -0.369282 -0.481912  0.698039 0.503937
barney_legs.bmp
23  16.122116 -6.034459 34.312847  0.794601 -0.369282 -0.481912  0.698039 0.503937
22  16.145420 -3.235825 35.161385  0.790687 0.585380 -0.179287  0.819608 0.547244
22  15.947323 -5.594002 35.614662  0.588780 -0.734060 0.338371  0.698039 0.539370
barney_legs.bmp
22  16.145420 -3.235825 35.161385  0.790687 0.585380 -0.179287  0.819608 0.547244
21  15.982775 -2.827516 36.099655  0.797188 0.589592 -0.129896  0.811765 0.574803
22  15.947323 -5.594002 35.614662  0.588780 -0.734060 0.338371  0.698039 0.539370
barney_legs.bmp
22  15.947323 -5.594002 35.614662  0.588780 -0.734060 0.338371  0.698039 0.539370
21  15.982775 -2.827516 36.099655  0.797188 0.589592 -0.129896  0.811765 0.574803
21  15.780376 -5.252693 36.645683  0.616412 -0.717313 0.324804  0.694118 0.570866
barney_legs.bmp
21  15.982775 -2.827516 36.099655  0.797188 0.589592 -0.129896  0.811765 0.574803
14  15.758769 -2.261719 37.237633  0.828637 0.559336 0.022463  0.807843 0.606299
21  15.780376 -5.252693 36.645683  0.616412 -0.717313 0.324804  0.694118 0.570866
barney_legs.bmp
21  15.780376 -5.252693 36.645683  0.616412 -0.717313 0.324804  0.694118 0.570866
14  15.758769 -2.261719 37.237633  0.828637 0.559336 0.022463  0.807843 0.606299
14  15.575726 -4.914805 37.858540  0.987420 -0.046196 0.151219  0.686275 0.602362
barney_legs.bmp
14  15.758769 -2.261719 37.237633  0.828637 0.559336 0.022463  0.807843 0.606299
14  14.976589 -4.641339 40.408768  0.890849 -0.247997 0.380637  0.662745 0.657480
14  15.575726 -4.914805 37.858540  0.987420 -0.046196 0.151219  0.686275 0.602362
barney_legs.bmp
14  15.575726 -4.914805 37.858540  0.987420 -0.046196 0.151219  0.686275 0.602362
14  14.976589 -4.641339 40.408768  0.890849 -0.247997 0.380637  0.662745 0.657480
14  15.481736 -5.630922 38.184795  0.360881 -0.863872 0.351413  0.654902 0.602362
barney_legs.bmp
14  14.976589 -4.641339 40.408768  0.890849 -0.247997 0.380637  0.662745 0.657480
14  14.870987 -5.406430 39.140980  0.865857 -0.484107 0.126219  0.647059 0.625984
14  15.481736 -5.630922 38.184795  0.360881 -0.863872 0.351413  0.654902 0.602362
barney_legs.bmp
14  15.481736 -5.630922 38.184795  0.360881 -0.863872 0.351413  0.654902 0.602362
14  14.870987 -5.406430 39.140980  0.865857 -0.484107 0.126219  0.647059 0.625984
14  13.713518 -5.335767 38.530758  -0.774107 -0.148482 -0.615395  0.647059 0.625984
barney_legs.bmp
14  14.870987 -5.406430 39.140980  0.865857 -0.484107 0.126219  0.647059 0.625984
16  14.833733 -6.060607 38.351147  0.802991 0.449057 -0.391859  0.627451 0.606299
14  13.713518 -5.335767 38.530758  -0.774107 -0.148482 -0.615395  0.647059 0.625984
barney_legs.bmp
14  13.713518 -5.335767 38.530758  -0.774107 -0.148482 -0.615395  0.647059 0.625984
16  14.833733 -6.060607 38.351147  0.802991 0.449057 -0.391859  0.627451 0.606299
16  13.900441 -5.986776 38.034420  -0.463027 0.544986 -0.698997  0.627451 0.606299
barney_legs.bmp
16  14.833733 -6.060607 38.351147  0.802991 0.449057 -0.391859  0.627451 0.606299
17  14.213480 -6.655561 37.114601  -0.232935 0.198697 -0.951977  0.615686 0.582677
16  13.900441 -5.986776 38.034420  -0.463027 0.544986 -0.698997  0.627451 0.606299
barney_legs.bmp
16  13.900441 -5.986776 38.034420  -0.463027 0.544986 -0.698997  0.627451 0.606299
17  14.213480 -6.655561 37.114601  -0.232935 0.198697 -0.951977  0.615686 0.582677
16  13.688604 -6.686825 38.477764  -0.927259 -0.354884 -0.119368  0.603922 0.614173
barney_legs.bmp
17  14.213480 -6.655561 37.114601  -0.232935 0.198697 -0.951977  0.615686 0.582677
17  14.078885 -7.197373 37.412296  -0.381761 -0.910311 -0.159974  0.600000 0.582677
16  13.688604 -6.686825 38.477764  -0.927259 -0.354884 -0.119368  0.603922 0.614173
barney_legs.bmp
38  0.860113 -5.450357 67.377228  0.521784 -0.786456 0.330497  0.176471 0.783465
38  0.970115 -5.004112 68.521286  0.213302 -0.976422 -0.033198  0.184314 0.838583
38  0.640115 -5.288630 68.719147  0.650858 -0.740196 -0.168803  0.164706 0.842520
barney_legs.bmp
38  0.640115 -5.288630 68.719147  0.650858 -0.740196 -0.168803  0.164706 0.842520
38  0.970115 -5.004112 68.521286  0.213302 -0.976422 -0.033198  0.184314 0.838583
38  1.270115 -5.191576 68.937050  0.102607 -0.824080 -0.557103  0.200000 0.850394
barney_legs.bmp
38  0.970115 -5.004112 68.521286  0.213302 -0.976422 -0.033198  0.184314 0.838583
38  1.250114 -5.107293 68.150543  0.059414 -0.988534 0.138818  0.200000 0.811024
38  1.270115 -5.191576 68.937050  0.102607 -0.824080 -0.557103  0.200000 0.850394
barney_legs.bmp
38  1.270115 -5.191576 68.937050  0.102607 -0.824080 -0.557103  0.200000 0.850394
38  1.250114 -5.107293 68.150543  0.059414 -0.988534 0.138818  0.200000 0.811024
38  2.210115 -5.058482 68.927788  0.396900 -0.799587 -0.450701  0.254902 0.850394
barney_legs.bmp
38  1.250114 -5.107293 68.150543  0.059414 -0.988534 0.138818  0.200000 0.811024
38  2.210115 -4.861949 68.199593  0.421191 -0.894483 0.149992  0.254902 0.814961
38  2.210115 -5.058482 68.927788  0.396900 -0.799587 -0.450701  0.254902 0.850394
barney_legs.bmp
38  2.210115 -5.058482 68.927788  0.396900 -0.799587 -0.450701  0.254902 0.850394
38  2.210115 -4.861949 68.199593  0.421191 -0.894483 0.149992  0.254902 0.814961
38  2.720116 -4.422020 68.745262  0.722946 -0.660548 -0.202547  0.286275 0.842520
barney_legs.bmp
38  2.210115 -4.861949 68.199593  0.421191 -0.894483 0.149992  0.254902 0.814961
38  2.780115 -4.650792 68.081215  0.670122 -0.722265 0.171085  0.286275 0.814961
38  2.720116 -4.422020 68.745262  0.722946 -0.660548 -0.202547  0.286275 0.842520
barney_legs.bmp
38  2.720116 -4.422020 68.745262  0.722946 -0.660548 -0.202547  0.286275 0.842520
38  2.780115 -4.650792 68.081215  0.670122 -0.722265 0.171085  0.286275 0.814961
38  3.310117 -3.282950 68.713356  0.950957 -0.302004 -0.066885  0.352941 0.834646
barney_legs.bmp
38  2.780115 -4.650792 68.081215  0.670122 -0.722265 0.171085  0.286275 0.814961
38  2.730114 -4.643812 67.079941  0.806566 -0.571879 -0.149688  0.286275 0.771654
38  3.310117 -3.282950 68.713356  0.950957 -0.302004 -0.066885  0.352941 0.834646
barney_legs.bmp
38  3.310117 -3.282950 68.713356  0.950957 -0.302004 -0.066885  0.352941 0.834646
38  2.730114 -4.643812 67.079941  0.806566 -0.571879 -0.149688  0.286275 0.771654
38  3.290116 -2.161114 66.684074  0.951618 -0.196676 -0.236098  0.388235 0.736220
barney_legs.bmp
38  2.730114 -4.643812 67.079941  0.806566 -0.571879 -0.149688  0.286275 0.771654
38  2.980115 -2.136800 64.743919  0.936683 -0.215572 -0.275959  0.301961 0.625984
38  3.290116 -2.161114 66.684074  0.951618 -0.196676 -0.236098  0.388235 0.736220
barney_legs.bmp
38  3.290116 -2.161114 66.684074  0.951618 -0.196676 -0.236098  0.388235 0.736220
38  2.980115 -2.136800 64.743919  0.936683 -0.215572 -0.275959  0.301961 0.625984
38  2.730118 0.420303 65.665993  0.843387 0.537294 -0.003603  0.466667 0.685039
barney_legs.bmp
38  2.980115 -2.136800 64.743919  0.936683 -0.215572 -0.275959  0.301961 0.625984
9  2.980114 1.047358 62.764896  0.950169 0.301395 0.079621  0.470588 0.535433
38  2.730118 0.420303 65.665993  0.843387 0.537294 -0.003603  0.466667 0.685039
barney_legs.bmp
38  2.730118 0.420303 65.665993  0.843387 0.537294 -0.003603  0.466667 0.685039
9  2.980114 1.047358 62.764896  0.950169 0.301395 0.079621  0.470588 0.535433
9  0.400117 2.747121 62.976841  0.001214 0.959323 0.282307  0.572549 0.555118
barney_legs.bmp
1  0.420105 -4.153683 36.583870  0.000104 -0.939361 -0.342931  0.400000 0.440945
1  -3.239896 -3.815194 40.933990  -0.276275 -0.957237 -0.085846  0.317647 0.492126
1  -1.439897 -3.403991 37.464130  -0.098903 -0.948895 -0.299694  0.364706 0.440945
barney_legs.bmp
1  -1.439897 -3.403991 37.464130  -0.098903 -0.948895 -0.299694  0.364706 0.440945
1  -3.239896 -3.815194 40.933990  -0.276275 -0.957237 -0.085846  0.317647 0.492126
5  -3.313370 -3.879805 37.527809  -0.288372 -0.957138 -0.026993  0.317647 0.437008
barney_legs.bmp
1  -3.239896 -3.815194 40.933990  -0.276275 -0.957237 -0.085846  0.317647 0.492126
1  -5.839903 -1.445208 40.954807  -0.831933 -0.549618 0.076205  0.254902 0.496063
5  -3.313370 -3.879805 37.527809  -0.288372 -0.957138 -0.026993  0.317647 0.437008
barney_legs.bmp
5  -3.313370 -3.879805 37.527809  -0.288372 -0.957138 -0.026993  0.317647 0.437008
1  -5.839903 -1.445208 40.954807  -0.831933 -0.549618 0.076205  0.254902 0.496063
5  -6.405184 -0.774346 38.861717  -0.963497 -0.254623 0.082707  0.254902 0.460630
barney_legs.bmp
1  -5.839903 -1.445208 40.954807  -0.831933 -0.549618 0.076205  0.254902 0.496063
1  -6.259912 2.404712 41.186134  -0.975980 0.177026 0.126987  0.172549 0.496063
5  -6.405184 -0.774346 38.861717  -0.963497 -0.254623 0.082707  0.254902 0.460630
barney_legs.bmp
5  -6.405184 -0.774346 38.861717  -0.963497 -0.254623 0.082707  0.254902 0.460630
1  -6.259912 2.404712 41.186134  -0.975980 0.177026 0.126987  0.172549 0.496063
5  -6.192368 3.360225 37.807709  -0.864506 0.500936 -0.041138  0.172549 0.413386
barney_legs.bmp
1  -6.259912 2.404712 41.186134  -0.975980 0.177026 0.126987  0.172549 0.496063
1  -3.979920 5.534576 41.597218  -0.699781 0.697164 0.155787  0.145098 0.496063
5  -6.192368 3.360225 37.807709  -0.864506 0.500936 -0.041138  0.172549 0.413386
barney_legs.bmp
5  -6.192368 3.360225 37.807709  -0.864506 0.500936 -0.041138  0.172549 0.413386
1  -3.979920 5.534576 41.597218  -0.699781 0.697164 0.155787  0.145098 0.496063
1  -3.289923 6.795692 38.367653  -0.353204 0.935413 -0.015798  0.078431 0.448819
barney_legs.bmp
1  -3.979920 5.534576 41.597218  -0.699781 0.697164 0.155787  0.145098 0.496063
1  -2.729923 6.625073 40.167591  -0.161907 0.977390 0.136000  0.078431 0.480315
1  -3.289923 6.795692 38.367653  -0.353204 0.935413 -0.015798  0.078431 0.448819
barney_legs.bmp
1  -3.289923 6.795692 38.367653  -0.353204 0.935413 -0.015798  0.078431 0.448819
1  -2.729923 6.625073 40.167591  -0.161907 0.977390 0.136000  0.078431 0.480315
1  0.420077 6.755702 38.367638  -0.000012 0.999295 -0.037532  0.003922 0.448819
barney_legs.bmp
1  -2.729923 6.625073 40.167591  -0.161907 0.977390 0.136000  0.078431 0.480315
1  0.420077 6.625081 40.167595  0.000000 0.997204 0.074721  0.003922 0.476378
1  0.420077 6.755702 38.367638  -0.000012 0.999295 -0.037532  0.003922 0.448819
barney_legs.bmp
6  -4.380664 -0.683374 12.437906  0.139723 -0.713486 -0.686597  0.305882 0.000000
6  -1.612538 0.216376 13.058898  0.747025 -0.531966 -0.398705  0.360784 0.019685
6  -4.432253 -1.505891 13.271515  -0.105957 -0.851308 -0.513856  0.305882 0.023622
barney_legs.bmp
6  -4.432253 -1.505891 13.271515  -0.105957 -0.851308 -0.513856  0.305882 0.023622
6  -1.612538 0.216376 13.058898  0.747025 -0.531966 -0.398705  0.360784 0.019685
6  -4.299427 -2.990962 19.032314  0.077097 -0.979082 -0.188292  0.305882 0.122047
barney_legs.bmp
6  -1.612538 0.216376 13.058898  0.747025 -0.531966 -0.398705  0.360784 0.019685
6  -1.294741 -1.160765 19.252176  0.936963 -0.331687 -0.109927  0.360784 0.122047
6  -4.299427 -2.990962 19.032314  0.077097 -0.979082 -0.188292  0.305882 0.122047
barney_legs.bmp
6  -4.299427 -2.990962 19.032314  0.077097 -0.979082 -0.188292  0.305882 0.122047
6  -1.294741 -1.160765 19.252176  0.936963 -0.331687 -0.109927  0.360784 0.122047
5  -0.981664 -1.459411 22.235729  0.802700 -0.581775 -0.131189  0.360784 0.177165
barney_legs.bmp
6  -1.294741 -1.160765 19.252176  0.936963 -0.331687 -0.109927  0.360784 0.122047
5  -1.022993 2.314796 21.742119  0.940996 0.318675 -0.113894  0.400000 0.169291
5  -0.981664 -1.459411 22.235729  0.802700 -0.581775 -0.131189  0.360784 0.177165
barney_legs.bmp
5  -0.981664 -1.459411 22.235729  0.802700 -0.581775 -0.131189  0.360784 0.177165
5  -1.022993 2.314796 21.742119  0.940996 0.318675 -0.113894  0.400000 0.169291
5  -0.238590 -1.307858 26.959072  0.919719 -0.368816 -0.134509  0.360784 0.271654
barney_legs.bmp
5  -1.022993 2.314796 21.742119  0.940996 0.318675 -0.113894  0.400000 0.169291
5  -0.297074 2.594151 26.707067  0.846802 0.510790 -0.148393  0.400000 0.271654
5  -0.238590 -1.307858 26.959072  0.919719 -0.368816 -0.134509  0.360784 0.271654
barney_legs.bmp
5  -0.238590 -1.307858 26.959072  0.919719 -0.368816 -0.134509  0.360784 0.271654
5  -0.297074 2.594151 26.707067  0.846802 0.510790 -0.148393  0.400000 0.271654
5  0.384523 -2.082574 33.565746  0.754628 -0.635822 -0.162071  0.372549 0.385827
barney_legs.bmp
5  -0.297074 2.594151 26.707067  0.846802 0.510790 -0.148393  0.400000 0.271654
5  0.390784 3.800981 33.540421  0.869100 0.417724 -0.264899  0.400000 0.377953
5  0.384523 -2.082574 33.565746  0.754628 -0.635822 -0.162071  0.372549 0.385827
barney_legs.bmp
5  0.384523 -2.082574 33.565746  0.754628 -0.635822 -0.162071  0.372549 0.385827
5  0.390784 3.800981 33.540421  0.869100 0.417724 -0.264899  0.400000 0.377953
1  0.420100 -2.322909 34.344501  -0.000008 -0.878738 -0.477305  0.388235 0.385827
barney_legs.bmp
5  0.390784 3.800981 33.540421  0.869100 0.417724 -0.264899  0.400000 0.377953
1  0.420082 4.727039 34.496937  0.000001 0.745896 -0.666062  0.400000 0.389764
1  0.420100 -2.322909 34.344501  -0.000008 -0.878738 -0.477305  0.388235 0.385827
barney_legs.bmp
36  -15.384296 -3.699339 34.187435  -0.496568 0.574699 -0.650493  0.823529 0.527559
35  -14.505128 -3.176976 34.940735  0.414895 0.733979 -0.537715  0.862745 0.547244
36  -14.756074 -3.746351 34.050224  0.378229 0.236966 -0.894869  0.858824 0.523622
barney_legs.bmp
36  -14.756074 -3.746351 34.050224  0.378229 0.236966 -0.894869  0.858824 0.523622
35  -14.505128 -3.176976 34.940735  0.414895 0.733979 -0.537715  0.862745 0.547244
35  -14.315534 -5.514993 35.357666  0.834510 -0.544873 -0.081889  0.952941 0.531496
barney_legs.bmp
35  -14.505128 -3.176976 34.940735  0.414895 0.733979 -0.537715  0.862745 0.547244
34  -14.202459 -2.730055 35.825287  0.544503 0.656605 -0.521907  0.862745 0.570866
35  -14.315534 -5.514993 35.357666  0.834510 -0.544873 -0.081889  0.952941 0.531496
barney_legs.bmp
35  -14.315534 -5.514993 35.357666  0.834510 -0.544873 -0.081889  0.952941 0.531496
34  -14.202459 -2.730055 35.825287  0.544503 0.656605 -0.521907  0.862745 0.570866
34  -13.975353 -5.201148 36.422127  0.734720 -0.675316 -0.064308  0.952941 0.559055
barney_legs.bmp
34  -14.202459 -2.730055 35.825287  0.544503 0.656605 -0.521907  0.862745 0.570866
27  -13.810656 -2.279517 36.701801  0.564095 0.653899 -0.504195  0.866667 0.598425
34  -13.975353 -5.201148 36.422127  0.734720 -0.675316 -0.064308  0.952941 0.559055
barney_legs.bmp
34  -13.975353 -5.201148 36.422127  0.734720 -0.675316 -0.064308  0.952941 0.559055
27  -13.810656 -2.279517 36.701801  0.564095 0.653899 -0.504195  0.866667 0.598425
27  -13.615622 -4.874777 37.422279  0.886684 -0.012378 -0.462209  0.960784 0.590551
barney_legs.bmp
27  -13.810656 -2.279517 36.701801  0.564095 0.653899 -0.504195  0.866667 0.598425
27  -12.300550 -1.525825 40.221424  0.735071 0.669589 -0.106396  0.843137 0.692913
27  -13.615622 -4.874777 37.422279  0.886684 -0.012378 -0.462209  0.960784 0.590551
barney_legs.bmp
27  -13.615622 -4.874777 37.422279  0.886684 -0.012378 -0.462209  0.960784 0.590551
27  -12.300550 -1.525825 40.221424  0.735071 0.669589 -0.106396  0.843137 0.692913
27  -12.321716 -4.373471 39.393978  0.919899 -0.016700 -0.391800  0.949020 0.657480
barney_legs.bmp
27  -12.300550 -1.525825 40.221424  0.735071 0.669589 -0.106396  0.843137 0.692913
27  -11.961689 -3.633188 41.180584  0.795199 -0.250005 0.552410  0.937255 0.688976
27  -12.321716 -4.373471 39.393978  0.919899 -0.016700 -0.391800  0.949020 0.657480
barney_legs.bmp
27  -12.321716 -4.373471 39.393978  0.919899 -0.016700 -0.391800  0.949020 0.657480
27  -11.961689 -3.633188 41.180584  0.795199 -0.250005 0.552410  0.937255 0.688976
28  -12.555716 -5.949765 39.411926  0.790779 -0.570686 0.221328  0.988235 0.653543
barney_legs.bmp
27  -11.961689 -3.633188 41.180584  0.795199 -0.250005 0.552410  0.937255 0.688976
28  -13.763658 -5.941009 39.801285  -0.369534 -0.666501 0.647473  0.992157 0.677165
28  -12.555716 -5.949765 39.411926  0.790779 -0.570686 0.221328  0.988235 0.653543
barney_legs.bmp
15  14.571700 -5.939310 39.809116  0.369533 -0.666504 0.647470  0.992157 0.677165
14  12.769602 -3.640277 41.182838  -0.795205 -0.250001 0.552403  0.937255 0.688976
15  13.363758 -5.948068 39.419758  -0.790786 -0.570688 0.221297  0.988235 0.653543
barney_legs.bmp
15  13.363758 -5.948068 39.419758  -0.790786 -0.570688 0.221297  0.988235 0.653543
14  12.769602 -3.640277 41.182838  -0.795205 -0.250001 0.552403  0.937255 0.688976
14  13.130412 -4.370905 39.393730  -0.919894 -0.016708 -0.391811  0.949020 0.657480
barney_legs.bmp
14  12.769602 -3.640277 41.182838  -0.795205 -0.250001 0.552403  0.937255 0.688976
14  13.109239 -1.523260 40.221180  -0.735056 0.669614 -0.106349  0.843137 0.692913
14  13.130412 -4.370905 39.393730  -0.919894 -0.016708 -0.391811  0.949020 0.657480
barney_legs.bmp
14  13.130412 -4.370905 39.393730  -0.919894 -0.016708 -0.391811  0.949020 0.657480
14  13.109239 -1.523260 40.221180  -0.735056 0.669614 -0.106349  0.843137 0.692913
14  14.424317 -4.872204 37.422031  -0.886693 -0.012408 -0.462192  0.960784 0.590551
barney_legs.bmp
14  13.109239 -1.523260 40.221180  -0.735056 0.669614 -0.106349  0.843137 0.692913
14  14.618560 -2.286594 36.704056  -0.564106 0.653880 -0.504207  0.866667 0.598425
14  14.424317 -4.872204 37.422031  -0.886693 -0.012408 -0.462192  0.960784 0.590551
barney_legs.bmp
14  14.424317 -4.872204 37.422031  -0.886693 -0.012408 -0.462192  0.960784 0.590551
14  14.618560 -2.286594 36.704056  -0.564106 0.653880 -0.504207  0.866667 0.598425
21  14.784132 -5.197944 36.423420  -0.734718 -0.675319 -0.064295  0.952941 0.559055
barney_legs.bmp
14  14.618560 -2.286594 36.704056  -0.564106 0.653880 -0.504207  0.866667 0.598425
21  15.010393 -2.736428 35.829327  -0.544508 0.656604 -0.521902  0.862745 0.570866
21  14.784132 -5.197944 36.423420  -0.734718 -0.675319 -0.064295  0.952941 0.559055
barney_legs.bmp
21  14.784132 -5.197944 36.423420  -0.734718 -0.675319 -0.064295  0.952941 0.559055
21  15.010393 -2.736428 35.829327  -0.544508 0.656604 -0.521902  0.862745 0.570866
22  15.124467 -5.511345 35.360542  -0.834519 -0.544859 -0.081892  0.952941 0.531496
barney_legs.bmp
21  15.010393 -2.736428 35.829327  -0.544508 0.656604 -0.521902  0.862745 0.570866
22  15.305453 -3.185530 34.934834  -0.414897 0.733976 -0.537717  0.862745 0.547244
22  15.124467 -5.511345 35.360542  -0.834519 -0.544859 -0.081892  0.952941 0.531496
barney_legs.bmp
22  15.124467 -5.511345 35.360542  -0.834519 -0.544859 -0.081892  0.952941 0.531496
22  15.305453 -3.185530 34.934834  -0.414897 0.733976 -0.537717  0.862745 0.547244
23  15.565239 -3.742268 34.054688  -0.378235 0.236970 -0.894865  0.858824 0.523622
barney_legs.bmp
22  15.305453 -3.185530 34.934834  -0.414897 0.733976 -0.537717  0.862745 0.547244
23  16.184256 -3.707292 34.183510  0.496487 0.574760 -0.650501  0.823529 0.527559
23  15.565239 -3.742268 34.054688  -0.378235 0.236970 -0.894865  0.858824 0.523622
barney_legs.bmp
1  0.420077 6.755702 38.367638  -0.000012 0.999295 -0.037532  0.003922 0.448819
1  0.420078 6.156424 36.277431  0.000001 0.912486 -0.409109  0.003922 0.413386
1  -3.289923 6.795692 38.367653  -0.353204 0.935413 -0.015798  0.078431 0.448819
barney_legs.bmp
1  -3.289923 6.795692 38.367653  -0.353204 0.935413 -0.015798  0.078431 0.448819
1  0.420078 6.156424 36.277431  0.000001 0.912486 -0.409109  0.003922 0.413386
1  -3.459922 6.446414 36.277531  -0.401295 0.869722 -0.287309  0.078431 0.413386
barney_legs.bmp
1  0.420078 6.156424 36.277431  0.000001 0.912486 -0.409109  0.003922 0.413386
1  -3.549921 5.916714 35.407349  -0.306398 0.776377 -0.550780  0.078431 0.397638
1  -3.459922 6.446414 36.277531  -0.401295 0.869722 -0.287309  0.078431 0.413386
barney_legs.bmp
1  -3.459922 6.446414 36.277531  -0.401295 0.869722 -0.287309  0.078431 0.413386
1  -3.549921 5.916714 35.407349  -0.306398 0.776377 -0.550780  0.078431 0.397638
5  -6.192368 3.360225 37.807709  -0.864506 0.500936 -0.041138  0.172549 0.413386
barney_legs.bmp
1  -3.549921 5.916714 35.407349  -0.306398 0.776377 -0.550780  0.078431 0.397638
5  -3.590350 5.627307 35.067284  -0.175003 0.918072 -0.355693  0.082353 0.393701
5  -6.192368 3.360225 37.807709  -0.864506 0.500936 -0.041138  0.172549 0.413386
barney_legs.bmp
5  -6.192368 3.360225 37.807709  -0.864506 0.500936 -0.041138  0.172549 0.413386
5  -3.590350 5.627307 35.067284  -0.175003 0.918072 -0.355693  0.082353 0.393701
5  -7.234514 2.654493 28.756186  -0.885251 0.464876 0.014897  0.172549 0.295276
barney_legs.bmp
5  -3.590350 5.627307 35.067284  -0.175003 0.918072 -0.355693  0.082353 0.393701
5  -4.111996 4.234657 21.657879  0.085579 0.996331 0.000317  0.078431 0.165354
5  -7.234514 2.654493 28.756186  -0.885251 0.464876 0.014897  0.172549 0.295276
barney_legs.bmp
5  -7.234514 2.654493 28.756186  -0.885251 0.464876 0.014897  0.172549 0.295276
5  -4.111996 4.234657 21.657879  0.085579 0.996331 0.000317  0.078431 0.165354
5  -7.159017 2.314829 22.132145  -0.876747 0.478067 0.052591  0.172549 0.169291
barney_legs.bmp
5  -4.111996 4.234657 21.657879  0.085579 0.996331 0.000317  0.078431 0.165354
6  -4.203891 4.424473 20.576626  -0.070463 0.960727 0.268401  0.078431 0.145669
5  -7.159017 2.314829 22.132145  -0.876747 0.478067 0.052591  0.172549 0.169291
barney_legs.bmp
3  2.218930 3.543582 13.058578  -0.815399 0.467476 -0.341455  0.400000 0.015748
3  2.442652 0.216369 13.058780  -0.747005 -0.531993 -0.398707  0.431373 0.019685
3  1.863090 3.468269 17.161238  -0.893486 0.440607 0.086880  0.400000 0.074803
barney_legs.bmp
3  1.863090 3.468269 17.161238  -0.893486 0.440607 0.086880  0.400000 0.074803
3  2.442652 0.216369 13.058780  -0.747005 -0.531993 -0.398707  0.431373 0.019685
3  2.124876 -1.160773 19.252060  -0.936961 -0.331703 -0.109901  0.431373 0.122047
barney_legs.bmp
3  2.442652 0.216369 13.058780  -0.747005 -0.531993 -0.398707  0.431373 0.019685
3  5.129566 -2.990962 19.032190  -0.077075 -0.979085 -0.188285  0.494118 0.122047
3  2.124876 -1.160773 19.252060  -0.936961 -0.331703 -0.109901  0.431373 0.122047
barney_legs.bmp
3  2.124876 -1.160773 19.252060  -0.936961 -0.331703 -0.109901  0.431373 0.122047
3  5.129566 -2.990962 19.032190  -0.077075 -0.979085 -0.188285  0.494118 0.122047
2  1.811808 -1.459420 22.235613  -0.802705 -0.581768 -0.131189  0.431373 0.177165
barney_legs.bmp
3  5.129566 -2.990962 19.032190  -0.077075 -0.979085 -0.188285  0.494118 0.122047
2  4.869497 -3.343669 22.647249  0.019387 -0.997697 -0.064998  0.494118 0.185039
2  1.811808 -1.459420 22.235613  -0.802705 -0.581768 -0.131189  0.431373 0.177165
barney_legs.bmp
2  1.811808 -1.459420 22.235613  -0.802705 -0.581768 -0.131189  0.431373 0.177165
2  4.869497 -3.343669 22.647249  0.019387 -0.997697 -0.064998  0.494118 0.185039
2  1.068746 -1.307870 26.958958  -0.919715 -0.368824 -0.134508  0.431373 0.271654
barney_legs.bmp
2  4.869497 -3.343669 22.647249  0.019387 -0.997697 -0.064998  0.494118 0.185039
2  0.435653 -2.082598 33.565521  -0.754646 -0.635802 -0.162066  0.419608 0.385827
2  1.068746 -1.307870 26.958958  -0.919715 -0.368824 -0.134508  0.431373 0.271654
barney_legs.bmp
2  1.068746 -1.307870 26.958958  -0.919715 -0.368824 -0.134508  0.431373 0.271654
2  0.435653 -2.082598 33.565521  -0.754646 -0.635802 -0.162066  0.419608 0.385827
2  1.127218 2.594140 26.706951  -0.846803 0.510787 -0.148394  0.400000 0.271654
barney_legs.bmp
2  0.435653 -2.082598 33.565521  -0.754646 -0.635802 -0.162066  0.419608 0.385827
2  0.439376 3.800968 33.540306  -0.869109 0.417705 -0.264900  0.400000 0.377953
2  1.127218 2.594140 26.706951  -0.846803 0.510787 -0.148394  0.400000 0.271654
barney_legs.bmp
2  1.127218 2.594140 26.706951  -0.846803 0.510787 -0.148394  0.784314 0.251969
2  4.942122 4.234657 21.657753  -0.083370 0.996516 0.002308  0.701961 0.165354
2  1.843125 2.314776 21.741892  -0.940986 0.318712 -0.113881  0.784314 0.165354
barney_legs.bmp
2  1.843125 2.314776 21.741892  -0.940986 0.318712 -0.113881  0.784314 0.165354
2  4.942122 4.234657 21.657753  -0.083370 0.996516 0.002308  0.701961 0.165354
3  2.072217 2.564258 20.011908  -0.823826 0.560144 0.086890  0.784314 0.137795
barney_legs.bmp
2  4.942122 4.234657 21.657753  -0.083370 0.996516 0.002308  0.701961 0.165354
3  5.034013 4.424473 20.576500  0.070496 0.960724 0.268403  0.701961 0.145669
3  2.072217 2.564258 20.011908  -0.823826 0.560144 0.086890  0.784314 0.137795
barney_legs.bmp
3  2.072217 2.564258 20.011908  -0.823826 0.560144 0.086890  0.784314 0.137795
3  5.034013 4.424473 20.576500  0.070496 0.960724 0.268403  0.701961 0.145669
3  1.863090 3.468269 17.161238  -0.893486 0.440607 0.086880  0.784314 0.094488
barney_legs.bmp
3  5.034013 4.424473 20.576500  0.070496 0.960724 0.268403  0.701961 0.145669
3  5.073843 5.405641 17.812820  -0.007609 0.995261 0.096937  0.701961 0.102362
3  1.863090 3.468269 17.161238  -0.893486 0.440607 0.086880  0.784314 0.094488
barney_legs.bmp
3  1.863090 3.468269 17.161238  -0.893486 0.440607 0.086880  0.784314 0.094488
3  5.073843 5.405641 17.812820  -0.007609 0.995261 0.096937  0.701961 0.102362
3  2.218930 3.543582 13.058578  -0.815399 0.467476 -0.341455  0.784314 0.019685
barney_legs.bmp
3  5.073843 5.405641 17.812820  -0.007609 0.995261 0.096937  0.701961 0.102362
3  5.254897 5.262514 13.264927  -0.101633 0.958640 -0.265858  0.701961 0.023622
3  2.218930 3.543582 13.058578  -0.815399 0.467476 -0.341455  0.784314 0.019685
barney_legs.bmp
3  2.218930 3.543582 13.058578  -0.815399 0.467476 -0.341455  0.784314 0.019685
3  5.254897 5.262514 13.264927  -0.101633 0.958640 -0.265858  0.701961 0.023622
3  2.951708 3.321088 11.942813  -0.658852 0.575607 -0.484346  0.784314 0.000000
barney_legs.bmp
3  5.254897 5.262514 13.264927  -0.101633 0.958640 -0.265858  0.701961 0.023622
3  5.212183 4.654481 11.780281  0.172235 0.905849 -0.387005  0.701961 0.000000
3  2.951708 3.321088 11.942813  -0.658852 0.575607 -0.484346  0.784314 0.000000
barney_legs.bmp
39  -0.614413 -4.908725 63.867622  -0.527271 -0.680827 -0.508390  0.090196 0.633858
39  0.055587 -5.428855 64.247444  -0.225599 -0.954402 -0.195503  0.133333 0.649606
39  -0.174412 -5.339096 64.947472  -0.251217 -0.959291 -0.129039  0.117647 0.677165
barney_legs.bmp
39  -0.174412 -5.339096 64.947472  -0.251217 -0.959291 -0.129039  0.117647 0.677165
39  0.055587 -5.428855 64.247444  -0.225599 -0.954402 -0.195503  0.133333 0.649606
39  0.665587 -5.428855 64.247444  0.222523 -0.969813 -0.099729  0.168627 0.649606
barney_legs.bmp
39  0.055587 -5.428855 64.247444  -0.225599 -0.954402 -0.195503  0.133333 0.649606
39  0.675587 -5.278711 63.827492  0.155096 -0.776121 -0.611213  0.168627 0.629921
39  0.665587 -5.428855 64.247444  0.222523 -0.969813 -0.099729  0.168627 0.649606
barney_legs.bmp
39  0.665587 -5.428855 64.247444  0.222523 -0.969813 -0.099729  0.168627 0.649606
39  0.675587 -5.278711 63.827492  0.155096 -0.776121 -0.611213  0.168627 0.629921
39  1.345587 -4.908721 63.857620  0.524098 -0.685501 -0.505380  0.211765 0.633858
barney_legs.bmp
39  0.675587 -5.278711 63.827492  0.155096 -0.776121 -0.611213  0.168627 0.629921
39  0.365587 -4.908639 63.617622  -0.001302 -0.232197 -0.972668  0.152941 0.614173
39  1.345587 -4.908721 63.857620  0.524098 -0.685501 -0.505380  0.211765 0.633858
barney_legs.bmp
39  1.345587 -4.908721 63.857620  0.524098 -0.685501 -0.505380  0.211765 0.633858
39  0.365587 -4.908639 63.617622  -0.001302 -0.232197 -0.972668  0.152941 0.614173
38  0.980112 -3.533368 63.590839  0.330198 -0.348383 -0.877267  0.184314 0.606299
barney_legs.bmp
39  0.365587 -4.908639 63.617622  -0.001302 -0.232197 -0.972668  0.152941 0.614173
38  -0.149888 -3.533367 63.590839  -0.279544 -0.464530 -0.840278  0.117647 0.606299
38  0.980112 -3.533368 63.590839  0.330198 -0.348383 -0.877267  0.184314 0.606299
barney_legs.bmp
38  0.980112 -3.533368 63.590839  0.330198 -0.348383 -0.877267  0.184314 0.606299
38  -0.149888 -3.533367 63.590839  -0.279544 -0.464530 -0.840278  0.117647 0.606299
9  1.220108 -2.510651 61.020840  0.239543 -0.875196 0.420298  0.196078 0.507874
barney_legs.bmp
38  -0.149888 -3.533367 63.590839  -0.279544 -0.464530 -0.840278  0.117647 0.606299
9  -0.399892 -2.510626 61.000839  -0.340683 -0.868734 0.359495  0.101961 0.507874
9  1.220108 -2.510651 61.020840  0.239543 -0.875196 0.420298  0.196078 0.507874
barney_legs.bmp
38  -3.969881 -0.489797 66.807487  -0.976063 0.213492 0.041498  0.850980 0.397638
38  -4.169882 -2.428246 68.686966  -0.987334 0.045799 0.151904  0.898039 0.366142
38  -3.429876 1.320490 70.203102  -0.956885 0.284205 0.059996  0.996078 0.417323
barney_legs.bmp
38  -3.429876 1.320490 70.203102  -0.956885 0.284205 0.059996  0.996078 0.417323
38  -4.169882 -2.428246 68.686966  -0.987334 0.045799 0.151904  0.898039 0.366142
38  -3.819879 -1.759497 70.534576  -0.965421 -0.074283 0.249890  0.996078 0.370079
barney_legs.bmp
38  -4.169882 -2.428246 68.686966  -0.987334 0.045799 0.151904  0.898039 0.366142
38  -3.519883 -4.477426 69.860359  -0.900480 -0.275119 0.336815  0.952941 0.334646
38  -3.819879 -1.759497 70.534576  -0.965421 -0.074283 0.249890  0.996078 0.370079
barney_legs.bmp
38  -3.819879 -1.759497 70.534576  -0.965421 -0.074283 0.249890  0.996078 0.370079
38  -3.519883 -4.477426 69.860359  -0.900480 -0.275119 0.336815  0.952941 0.334646
38  -3.139882 -4.139823 70.987183  -0.824905 -0.370081 0.427285  0.996078 0.330709
barney_legs.bmp
38  -3.519883 -4.477426 69.860359  -0.900480 -0.275119 0.336815  0.952941 0.334646
38  -1.639886 -7.196830 70.471794  -0.558344 -0.637056 0.531423  0.956863 0.279528
38  -3.139882 -4.139823 70.987183  -0.824905 -0.370081 0.427285  0.996078 0.330709
barney_legs.bmp
38  -3.139882 -4.139823 70.987183  -0.824905 -0.370081 0.427285  0.996078 0.330709
38  -1.639886 -7.196830 70.471794  -0.558344 -0.637056 0.531423  0.956863 0.279528
38  -1.349884 -6.544604 71.466278  -0.265878 -0.768956 0.581391  0.996078 0.279528
barney_legs.bmp
38  -1.639886 -7.196830 70.471794  -0.558344 -0.637056 0.531423  0.956863 0.279528
38  2.410114 -7.196835 70.471794  0.424120 -0.720725 0.548340  0.956863 0.220472
38  -1.349884 -6.544604 71.466278  -0.265878 -0.768956 0.581391  0.996078 0.279528
barney_legs.bmp
38  -1.349884 -6.544604 71.466278  -0.265878 -0.768956 0.581391  0.996078 0.279528
38  2.410114 -7.196835 70.471794  0.424120 -0.720725 0.548340  0.956863 0.220472
38  2.150116 -6.544608 71.466278  0.424110 -0.720733 0.548338  0.996078 0.220472
barney_legs.bmp
38  2.410114 -7.196835 70.471794  0.424120 -0.720725 0.548340  0.956863 0.220472
38  3.960118 -4.139832 70.987175  0.826895 -0.377983 0.416382  0.996078 0.169291
38  2.150116 -6.544608 71.466278  0.424110 -0.720733 0.548338  0.996078 0.220472
barney_legs.bmp
38  -0.989886 -5.297174 67.624290  -0.320496 -0.934583 0.154393  0.070588 0.787402
38  -0.519886 -5.107291 68.150543  -0.059401 -0.988534 0.138824  0.098039 0.811024
38  -1.479885 -4.861945 68.199593  -0.420892 -0.894611 0.150070  0.043137 0.814961
barney_legs.bmp
38  -1.479885 -4.861945 68.199593  -0.420892 -0.894611 0.150070  0.043137 0.814961
38  -0.519886 -5.107291 68.150543  -0.059401 -0.988534 0.138824  0.098039 0.811024
38  -1.479885 -5.058478 68.927795  -0.396614 -0.799612 -0.450908  0.043137 0.850394
barney_legs.bmp
38  -0.519886 -5.107291 68.150543  -0.059401 -0.988534 0.138824  0.098039 0.811024
38  -0.539885 -5.191574 68.937050  -0.102695 -0.824008 -0.557194  0.094118 0.850394
38  -1.479885 -5.058478 68.927795  -0.396614 -0.799612 -0.450908  0.043137 0.850394
barney_legs.bmp
38  -1.479885 -5.058478 68.927795  -0.396614 -0.799612 -0.450908  0.043137 0.850394
38  -0.539885 -5.191574 68.937050  -0.102695 -0.824008 -0.557194  0.094118 0.850394
38  -1.249885 -5.449121 69.220192  -0.381224 -0.875025 -0.298328  0.050980 0.870079
barney_legs.bmp
38  -0.539885 -5.191574 68.937050  -0.102695 -0.824008 -0.557194  0.094118 0.850394
38  0.370115 -5.698551 69.069244  0.001429 -0.858447 -0.512900  0.149020 0.862205
38  -1.249885 -5.449121 69.220192  -0.381224 -0.875025 -0.298328  0.050980 0.870079
barney_legs.bmp
38  -1.249885 -5.449121 69.220192  -0.381224 -0.875025 -0.298328  0.050980 0.870079
38  0.370115 -5.698551 69.069244  0.001429 -0.858447 -0.512900  0.149020 0.862205
38  0.370118 -4.959766 72.517601  0.000001 -0.963834 0.266504  0.149020 1.000000
barney_legs.bmp
38  0.370115 -5.698551 69.069244  0.001429 -0.858447 -0.512900  0.149020 0.862205
38  1.980115 -5.449125 69.220192  0.381282 -0.875119 -0.297978  0.243137 0.870079
38  0.370118 -4.959766 72.517601  0.000001 -0.963834 0.266504  0.149020 1.000000
barney_legs.bmp
38  0.370118 -4.959766 72.517601  0.000001 -0.963834 0.266504  0.149020 1.000000
38  1.980115 -5.449125 69.220192  0.381282 -0.875119 -0.297978  0.243137 0.870079
38  2.710119 -4.082044 72.282227  0.866912 -0.457364 0.198193  0.282353 1.000000
barney_legs.bmp
38  1.980115 -5.449125 69.220192  0.381282 -0.875119 -0.297978  0.243137 0.870079
38  2.880116 -4.666083 69.071045  0.733891 -0.583679 -0.347452  0.294118 0.866142
38  2.710119 -4.082044 72.282227  0.866912 -0.457364 0.198193  0.282353 1.000000
barney_legs.bmp
38  3.710119 -1.966863 69.033531  -0.215597 -0.507547 0.834214  0.674510 0.996063
38  3.480118 -2.345635 68.740562  0.894779 -0.412434 0.171083  0.650980 0.976378
38  3.810119 -1.977689 68.910316  0.726544 -0.684229 0.062962  0.670588 0.988189
barney_legs.bmp
38  3.810119 -1.977689 68.910316  0.726544 -0.684229 0.062962  0.670588 0.988189
38  3.480118 -2.345635 68.740562  0.894779 -0.412434 0.171083  0.650980 0.976378
38  4.090119 -0.885864 68.091286  0.930128 -0.320973 -0.178432  0.745098 0.940945
barney_legs.bmp
38  3.480118 -2.345635 68.740562  0.894779 -0.412434 0.171083  0.650980 0.976378
38  3.290116 -2.161114 66.684074  0.951618 -0.196676 -0.236098  0.662745 0.854331
38  4.090119 -0.885864 68.091286  0.930128 -0.320973 -0.178432  0.745098 0.940945
barney_legs.bmp
38  4.090119 -0.885864 68.091286  0.930128 -0.320973 -0.178432  0.745098 0.940945
38  3.290116 -2.161114 66.684074  0.951618 -0.196676 -0.236098  0.662745 0.854331
38  3.570117 -1.913110 66.652550  0.733878 -0.583667 -0.347500  0.678431 0.850394
barney_legs.bmp
38  3.290116 -2.161114 66.684074  0.951618 -0.196676 -0.236098  0.662745 0.854331
38  3.480117 -1.849625 66.571495  -0.002286 0.179218 -0.983807  0.682353 0.846457
38  3.570117 -1.913110 66.652550  0.733878 -0.583667 -0.347500  0.678431 0.850394
barney_legs.bmp
38  3.570117 -1.913110 66.652550  0.733878 -0.583667 -0.347500  0.678431 0.850394
38  3.480117 -1.849625 66.571495  -0.002286 0.179218 -0.983807  0.682353 0.846457
38  3.810117 -1.577928 66.837349  0.854114 -0.126827 -0.504385  0.701961 0.862205
barney_legs.bmp
38  3.480117 -1.849625 66.571495  -0.002286 0.179218 -0.983807  0.682353 0.846457
38  3.740117 -1.484813 66.760994  0.081795 0.735483 -0.672587  0.705882 0.858268
38  3.810117 -1.577928 66.837349  0.854114 -0.126827 -0.504385  0.701961 0.862205
barney_legs.bmp
38  3.810117 -1.577928 66.837349  0.854114 -0.126827 -0.504385  0.701961 0.862205
38  3.740117 -1.484813 66.760994  0.081795 0.735483 -0.672587  0.705882 0.858268
38  4.090119 -0.885864 68.091286  0.930128 -0.320973 -0.178432  0.745098 0.940945
barney_legs.bmp
6  -7.248701 0.209690 13.434298  -0.857158 -0.424422 -0.291798  0.254902 0.023622
6  -7.474960 3.537405 13.439131  -0.746873 0.623846 -0.230211  0.172549 0.023622
6  -6.711918 3.314935 11.941642  -0.845854 0.254123 -0.468990  0.172549 0.000000
barney_legs.bmp
6  -7.248701 0.209690 13.434298  -0.857158 -0.424422 -0.291798  0.254902 0.023622
6  -7.549407 3.467640 17.517035  -0.880309 0.454396 0.136309  0.172549 0.098425
6  -7.474960 3.537405 13.439131  -0.746873 0.623846 -0.230211  0.172549 0.023622
barney_legs.bmp
6  -7.248701 0.209690 13.434298  -0.857158 -0.424422 -0.291798  0.254902 0.023622
6  -7.250154 -1.188779 19.698456  -0.869224 -0.493718 -0.026314  0.254902 0.129921
6  -7.549407 3.467640 17.517035  -0.880309 0.454396 0.136309  0.172549 0.098425
barney_legs.bmp
6  -7.248701 0.209690 13.434298  -0.857158 -0.424422 -0.291798  0.254902 0.023622
6  -4.299427 -2.990962 19.032314  0.077097 -0.979082 -0.188292  0.305882 0.122047
6  -7.250154 -1.188779 19.698456  -0.869224 -0.493718 -0.026314  0.254902 0.129921
barney_legs.bmp
6  -7.248701 0.209690 13.434298  -0.857158 -0.424422 -0.291798  0.254902 0.023622
6  -4.432253 -1.505891 13.271515  -0.105957 -0.851308 -0.513856  0.305882 0.023622
6  -4.299427 -2.990962 19.032314  0.077097 -0.979082 -0.188292  0.305882 0.122047
barney_legs.bmp
6  -7.248701 0.209690 13.434298  -0.857158 -0.424422 -0.291798  0.254902 0.023622
6  -6.711138 0.650091 12.276164  -0.617977 -0.523406 -0.586644  0.254902 0.000000
6  -4.432253 -1.505891 13.271515  -0.105957 -0.851308 -0.513856  0.305882 0.023622
barney_legs.bmp
6  -7.248701 0.209690 13.434298  -0.857158 -0.424422 -0.291798  0.254902 0.023622
6  -6.711918 3.314935 11.941642  -0.845854 0.254123 -0.468990  0.172549 0.000000
6  -6.711138 0.650091 12.276164  -0.617977 -0.523406 -0.586644  0.254902 0.000000
barney_legs.bmp
6  -4.424797 5.262513 13.265053  0.101624 0.958638 -0.265868  0.082353 0.027559
6  -4.243731 5.405640 17.812944  0.007606 0.995261 0.096937  0.078431 0.102362
6  -1.388826 3.543590 13.058696  0.815419 0.467490 -0.341386  0.003922 0.023622
barney_legs.bmp
6  -1.388826 3.543590 13.058696  0.815419 0.467490 -0.341386  0.003922 0.023622
6  -4.243731 5.405640 17.812944  0.007606 0.995261 0.096937  0.078431 0.102362
6  -1.032974 3.468278 17.161352  0.893484 0.440611 0.086885  0.003922 0.094488
barney_legs.bmp
6  -4.243731 5.405640 17.812944  0.007606 0.995261 0.096937  0.078431 0.102362
6  -4.203891 4.424473 20.576626  -0.070463 0.960727 0.268401  0.078431 0.145669
6  -1.032974 3.468278 17.161352  0.893484 0.440611 0.086885  0.003922 0.094488
barney_legs.bmp
6  -1.032974 3.468278 17.161352  0.893484 0.440611 0.086885  0.003922 0.094488
6  -4.203891 4.424473 20.576626  -0.070463 0.960727 0.268401  0.078431 0.145669
6  -1.252091 2.564278 20.012138  0.823848 0.560110 0.086890  0.003922 0.141732
barney_legs.bmp
6  -4.203891 4.424473 20.576626  -0.070463 0.960727 0.268401  0.078431 0.145669
5  -4.111996 4.234657 21.657879  0.085579 0.996331 0.000317  0.078431 0.165354
6  -1.252091 2.564278 20.012138  0.823848 0.560110 0.086890  0.003922 0.141732
barney_legs.bmp
6  -1.252091 2.564278 20.012138  0.823848 0.560110 0.086890  0.003922 0.141732
5  -4.111996 4.234657 21.657879  0.085579 0.996331 0.000317  0.078431 0.165354
5  -1.022993 2.314796 21.742119  0.940996 0.318675 -0.113894  0.003922 0.165354
barney_legs.bmp
5  -4.111996 4.234657 21.657879  0.085579 0.996331 0.000317  0.078431 0.165354
5  -0.297074 2.594151 26.707067  0.846802 0.510790 -0.148393  0.003922 0.251969
5  -1.022993 2.314796 21.742119  0.940996 0.318675 -0.113894  0.003922 0.165354
barney_legs.bmp
1  0.420100 -2.322909 34.344501  -0.000008 -0.878738 -0.477305  0.400000 0.409449
2  0.435653 -2.082598 33.565521  -0.754646 -0.635802 -0.162066  0.419608 0.385827
1  2.270103 -3.403982 37.464130  0.099019 -0.948815 -0.299909  0.431373 0.440945
barney_legs.bmp
1  2.270103 -3.403982 37.464130  0.099019 -0.948815 -0.299909  0.431373 0.440945
2  0.435653 -2.082598 33.565521  -0.754646 -0.635802 -0.162066  0.419608 0.385827
2  4.143562 -3.879808 37.527687  0.297993 -0.953997 -0.033006  0.478431 0.440945
barney_legs.bmp
2  0.435653 -2.082598 33.565521  -0.754646 -0.635802 -0.162066  0.419608 0.385827
2  4.869497 -3.343669 22.647249  0.019387 -0.997697 -0.064998  0.494118 0.185039
2  4.143562 -3.879808 37.527687  0.297993 -0.953997 -0.033006  0.478431 0.440945
barney_legs.bmp
2  4.143562 -3.879808 37.527687  0.297993 -0.953997 -0.033006  0.478431 0.440945
2  4.869497 -3.343669 22.647249  0.019387 -0.997697 -0.064998  0.494118 0.185039
2  7.873277 -1.228863 29.265905  0.892814 -0.448470 0.041926  0.549020 0.299213
barney_legs.bmp
2  4.869497 -3.343669 22.647249  0.019387 -0.997697 -0.064998  0.494118 0.185039
2  7.947832 -1.459370 22.625620  0.920248 -0.391057 0.014779  0.549020 0.185039
2  7.873277 -1.228863 29.265905  0.892814 -0.448470 0.041926  0.549020 0.299213
barney_legs.bmp
2  7.873277 -1.228863 29.265905  0.892814 -0.448470 0.041926  0.549020 0.299213
2  7.947832 -1.459370 22.625620  0.920248 -0.391057 0.014779  0.549020 0.185039
2  7.989149 2.314838 22.132011  0.875772 0.478756 0.061770  0.623529 0.173228
barney_legs.bmp
2  7.947832 -1.459370 22.625620  0.920248 -0.391057 0.014779  0.549020 0.185039
3  8.027770 2.528094 20.446627  0.918568 0.369027 0.141608  0.623529 0.145669
2  7.989149 2.314838 22.132011  0.875772 0.478756 0.061770  0.623529 0.173228
barney_legs.bmp
36  -15.384296 -3.699339 34.187435  -0.496568 0.574699 -0.650493  0.823529 0.527559
35  -15.344257 -3.236853 35.170029  -0.790688 0.585379 -0.179287  0.819608 0.547244
35  -14.505128 -3.176976 34.940735  0.414895 0.733979 -0.537715  0.862745 0.547244
barney_legs.bmp
35  -14.505128 -3.176976 34.940735  0.414895 0.733979 -0.537715  0.862745 0.547244
35  -15.344257 -3.236853 35.170029  -0.790688 0.585379 -0.179287  0.819608 0.547244
34  -14.202459 -2.730055 35.825287  0.544503 0.656605 -0.521907  0.862745 0.570866
barney_legs.bmp
35  -15.344257 -3.236853 35.170029  -0.790688 0.585379 -0.179287  0.819608 0.547244
34  -15.183647 -2.830810 36.101002  -0.797193 0.589587 -0.129890  0.811765 0.574803
34  -14.202459 -2.730055 35.825287  0.544503 0.656605 -0.521907  0.862745 0.570866
barney_legs.bmp
34  -14.202459 -2.730055 35.825287  0.544503 0.656605 -0.521907  0.862745 0.570866
34  -15.183647 -2.830810 36.101002  -0.797193 0.589587 -0.129890  0.811765 0.574803
27  -13.810656 -2.279517 36.701801  0.564095 0.653899 -0.504195  0.866667 0.598425
barney_legs.bmp
34  -15.183647 -2.830810 36.101002  -0.797193 0.589587 -0.129890  0.811765 0.574803
27  -14.950082 -2.264296 37.237877  -0.828639 0.559333 0.022458  0.807843 0.606299
27  -13.810656 -2.279517 36.701801  0.564095 0.653899 -0.504195  0.866667 0.598425
barney_legs.bmp
27  -13.810656 -2.279517 36.701801  0.564095 0.653899 -0.504195  0.866667 0.598425
27  -14.950082 -2.264296 37.237877  -0.828639 0.559333 0.022458  0.807843 0.606299
27  -12.300550 -1.525825 40.221424  0.735071 0.669589 -0.106396  0.843137 0.692913
barney_legs.bmp
27  -14.950082 -2.264296 37.237877  -0.828639 0.559333 0.022458  0.807843 0.606299
27  -13.861282 -1.509732 40.852894  -0.583368 0.600190 0.547224  0.772549 0.692913
27  -12.300550 -1.525825 40.221424  0.735071 0.669589 -0.106396  0.843137 0.692913
barney_legs.bmp
27  -13.861282 -1.509732 40.852894  -0.583368 0.600190 0.547224  0.772549 0.692913
27  -14.178171 -4.634218 40.409649  -0.890854 -0.248000 0.380626  0.662745 0.657480
27  -13.471085 -3.630458 41.744335  -0.316378 -0.236581 0.918659  0.670588 0.685039
barney_legs.bmp
27  -13.471085 -3.630458 41.744335  -0.316378 -0.236581 0.918659  0.670588 0.685039
27  -14.178171 -4.634218 40.409649  -0.890854 -0.248000 0.380626  0.662745 0.657480
28  -13.763658 -5.941009 39.801285  -0.369534 -0.666501 0.647473  0.611765 0.641732
barney_legs.bmp
27  -14.178171 -4.634218 40.409649  -0.890854 -0.248000 0.380626  0.662745 0.657480
27  -14.062289 -5.409001 39.141232  -0.865904 -0.484025 0.126218  0.647059 0.625984
28  -13.763658 -5.941009 39.801285  -0.369534 -0.666501 0.647473  0.611765 0.641732
barney_legs.bmp
28  -13.763658 -5.941009 39.801285  -0.369534 -0.666501 0.647473  0.611765 0.641732
27  -14.062289 -5.409001 39.141232  -0.865904 -0.484025 0.126218  0.647059 0.625984
29  -13.783678 -6.696814 38.797829  -0.403490 -0.791883 0.458385  0.603922 0.614173
barney_legs.bmp
27  -14.062289 -5.409001 39.141232  -0.865904 -0.484025 0.126218  0.647059 0.625984
29  -14.034174 -6.054250 38.353462  -0.802978 0.449058 -0.391883  0.627451 0.606299
29  -13.783678 -6.696814 38.797829  -0.403490 -0.791883 0.458385  0.603922 0.614173
barney_legs.bmp
29  -13.783678 -6.696814 38.797829  -0.403490 -0.791883 0.458385  0.603922 0.614173
29  -14.034174 -6.054250 38.353462  -0.802978 0.449058 -0.391883  0.627451 0.606299
30  -13.820561 -7.203142 37.612980  -0.659336 -0.695197 -0.286316  0.600000 0.582677
barney_legs.bmp
29  -14.034174 -6.054250 38.353462  -0.802978 0.449058 -0.391883  0.627451 0.606299
30  -13.970884 -6.688711 37.332687  -0.764762 0.035032 -0.643360  0.615686 0.582677
30  -13.820561 -7.203142 37.612980  -0.659336 -0.695197 -0.286316  0.600000 0.582677
barney_legs.bmp
17  14.771947 -6.686997 37.324661  0.764761 0.035016 -0.643362  0.615686 0.582677
16  14.833733 -6.060607 38.351147  0.802991 0.449057 -0.391859  0.627451 0.606299
17  14.620341 -7.210281 37.609425  0.658371 -0.695586 -0.287590  0.600000 0.582677
barney_legs.bmp
17  14.620341 -7.210281 37.609425  0.658371 -0.695586 -0.287590  0.600000 0.582677
16  14.833733 -6.060607 38.351147  0.802991 0.449057 -0.391859  0.627451 0.606299
16  14.583237 -6.703172 38.795513  0.403512 -0.791872 0.458385  0.603922 0.614173
barney_legs.bmp
16  14.833733 -6.060607 38.351147  0.802991 0.449057 -0.391859  0.627451 0.606299
14  14.870987 -5.406430 39.140980  0.865857 -0.484107 0.126219  0.647059 0.625984
16  14.583237 -6.703172 38.795513  0.403512 -0.791872 0.458385  0.603922 0.614173
barney_legs.bmp
16  14.583237 -6.703172 38.795513  0.403512 -0.791872 0.458385  0.603922 0.614173
14  14.870987 -5.406430 39.140980  0.865857 -0.484107 0.126219  0.647059 0.625984
15  14.571700 -5.939310 39.809116  0.369533 -0.666504 0.647470  0.611765 0.641732
barney_legs.bmp
14  14.870987 -5.406430 39.140980  0.865857 -0.484107 0.126219  0.647059 0.625984
14  14.976589 -4.641339 40.408768  0.890849 -0.247997 0.380637  0.662745 0.657480
15  14.571700 -5.939310 39.809116  0.369533 -0.666504 0.647470  0.611765 0.641732
barney_legs.bmp
15  14.571700 -5.939310 39.809116  0.369533 -0.666504 0.647470  0.611765 0.641732
14  14.976589 -4.641339 40.408768  0.890849 -0.247997 0.380637  0.662745 0.657480
14  14.270284 -3.627932 41.740959  0.316350 -0.236551 0.918676  0.670588 0.685039
barney_legs.bmp
14  14.976589 -4.641339 40.408768  0.890849 -0.247997 0.380637  0.662745 0.657480
14  14.669972 -1.507164 40.852650  0.583363 0.600198 0.547220  0.772549 0.692913
14  14.270284 -3.627932 41.740959  0.316350 -0.236551 0.918676  0.670588 0.685039
barney_legs.bmp
14  14.669972 -1.507164 40.852650  0.583363 0.600198 0.547220  0.772549 0.692913
14  15.758769 -2.261719 37.237633  0.828637 0.559336 0.022463  0.807843 0.606299
14  13.109239 -1.523260 40.221180  -0.735056 0.669614 -0.106349  0.843137 0.692913
barney_legs.bmp
14  13.109239 -1.523260 40.221180  -0.735056 0.669614 -0.106349  0.843137 0.692913
14  15.758769 -2.261719 37.237633  0.828637 0.559336 0.022463  0.807843 0.606299
14  14.618560 -2.286594 36.704056  -0.564106 0.653880 -0.504207  0.866667 0.598425
barney_legs.bmp
14  15.758769 -2.261719 37.237633  0.828637 0.559336 0.022463  0.807843 0.606299
21  15.982775 -2.827516 36.099655  0.797188 0.589592 -0.129896  0.811765 0.574803
14  14.618560 -2.286594 36.704056  -0.564106 0.653880 -0.504207  0.866667 0.598425
barney_legs.bmp
14  14.618560 -2.286594 36.704056  -0.564106 0.653880 -0.504207  0.866667 0.598425
21  15.982775 -2.827516 36.099655  0.797188 0.589592 -0.129896  0.811765 0.574803
21  15.010393 -2.736428 35.829327  -0.544508 0.656604 -0.521902  0.862745 0.570866
barney_legs.bmp
21  15.982775 -2.827516 36.099655  0.797188 0.589592 -0.129896  0.811765 0.574803
22  16.145420 -3.235825 35.161385  0.790687 0.585380 -0.179287  0.819608 0.547244
21  15.010393 -2.736428 35.829327  -0.544508 0.656604 -0.521902  0.862745 0.570866
barney_legs.bmp
21  15.010393 -2.736428 35.829327  -0.544508 0.656604 -0.521902  0.862745 0.570866
22  16.145420 -3.235825 35.161385  0.790687 0.585380 -0.179287  0.819608 0.547244
22  15.305453 -3.185530 34.934834  -0.414897 0.733976 -0.537717  0.862745 0.547244
barney_legs.bmp
22  16.145420 -3.235825 35.161385  0.790687 0.585380 -0.179287  0.819608 0.547244
23  16.184256 -3.707292 34.183510  0.496487 0.574760 -0.650501  0.823529 0.527559
22  15.305453 -3.185530 34.934834  -0.414897 0.733976 -0.537717  0.862745 0.547244
barney_legs.bmp
38  -2.579883 -3.282943 68.713364  -0.950960 -0.301996 -0.066887  0.352941 0.834646
38  -2.559884 -2.161107 66.684082  -0.951655 -0.195777 -0.236696  0.388235 0.736220
38  -1.999886 -4.643806 67.079941  -0.806469 -0.571989 -0.149789  0.286275 0.771654
barney_legs.bmp
38  -2.579883 -3.282943 68.713364  -0.950960 -0.301996 -0.066887  0.352941 0.834646
38  -2.749882 -2.345628 68.740570  -0.894778 -0.412445 0.171061  0.384314 0.834646
38  -2.559884 -2.161107 66.684082  -0.951655 -0.195777 -0.236696  0.388235 0.736220
barney_legs.bmp
38  -2.579883 -3.282943 68.713364  -0.950960 -0.301996 -0.066887  0.352941 0.834646
38  -1.979881 -4.082039 72.282234  -0.866910 -0.457356 0.198225  0.282353 1.000000
38  -2.749882 -2.345628 68.740570  -0.894778 -0.412445 0.171061  0.384314 0.834646
barney_legs.bmp
38  -2.579883 -3.282943 68.713364  -0.950960 -0.301996 -0.066887  0.352941 0.834646
38  -2.149884 -4.666077 69.071053  -0.733924 -0.583670 -0.347398  0.294118 0.866142
38  -1.979881 -4.082039 72.282234  -0.866910 -0.457356 0.198225  0.282353 1.000000
barney_legs.bmp
38  -2.579883 -3.282943 68.713364  -0.950960 -0.301996 -0.066887  0.352941 0.834646
38  -1.989884 -4.422014 68.745270  -0.722665 -0.660857 -0.202542  0.286275 0.842520
38  -2.149884 -4.666077 69.071053  -0.733924 -0.583670 -0.347398  0.294118 0.866142
barney_legs.bmp
38  -2.579883 -3.282943 68.713364  -0.950960 -0.301996 -0.066887  0.352941 0.834646
38  -2.049885 -4.650787 68.081215  -0.669993 -0.722340 0.171271  0.286275 0.814961
38  -1.989884 -4.422014 68.745270  -0.722665 -0.660857 -0.202542  0.286275 0.842520
barney_legs.bmp
38  -2.579883 -3.282943 68.713364  -0.950960 -0.301996 -0.066887  0.352941 0.834646
38  -1.999886 -4.643806 67.079941  -0.806469 -0.571989 -0.149789  0.286275 0.771654
38  -2.049885 -4.650787 68.081215  -0.669993 -0.722340 0.171271  0.286275 0.814961
barney_legs.bmp
38  -3.009883 -1.484806 66.761002  -0.081786 0.735487 -0.672584  0.705882 0.858268
38  -2.749883 -1.849618 66.571495  -0.002092 0.179214 -0.983808  0.682353 0.846457
38  -3.079883 -1.577920 66.837357  -0.854109 -0.126857 -0.504386  0.701961 0.862205
barney_legs.bmp
38  -3.079883 -1.577920 66.837357  -0.854109 -0.126857 -0.504386  0.701961 0.862205
38  -2.749883 -1.849618 66.571495  -0.002092 0.179214 -0.983808  0.682353 0.846457
38  -2.839883 -1.913103 66.652550  -0.733874 -0.583667 -0.347509  0.678431 0.850394
barney_legs.bmp
38  -2.749883 -1.849618 66.571495  -0.002092 0.179214 -0.983808  0.682353 0.846457
38  -2.559884 -2.161107 66.684082  -0.951655 -0.195777 -0.236696  0.662745 0.854331
38  -2.839883 -1.913103 66.652550  -0.733874 -0.583667 -0.347509  0.678431 0.850394
barney_legs.bmp
38  -2.839883 -1.913103 66.652550  -0.733874 -0.583667 -0.347509  0.678431 0.850394
38  -2.559884 -2.161107 66.684082  -0.951655 -0.195777 -0.236696  0.662745 0.854331
38  -3.359881 -0.885855 68.091286  -0.930120 -0.321019 -0.178394  0.745098 0.940945
barney_legs.bmp
38  -2.559884 -2.161107 66.684082  -0.951655 -0.195777 -0.236696  0.662745 0.854331
38  -2.749882 -2.345628 68.740570  -0.894778 -0.412445 0.171061  0.650980 0.976378
38  -3.359881 -0.885855 68.091286  -0.930120 -0.321019 -0.178394  0.745098 0.940945
barney_legs.bmp
38  -3.359881 -0.885855 68.091286  -0.930120 -0.321019 -0.178394  0.745098 0.940945
38  -2.749882 -2.345628 68.740570  -0.894778 -0.412445 0.171061  0.650980 0.976378
38  -3.079881 -1.977681 68.910324  -0.726547 -0.684225 0.062971  0.670588 0.988189
barney_legs.bmp
38  -2.749882 -2.345628 68.740570  -0.894778 -0.412445 0.171061  0.650980 0.976378
38  -2.979881 -1.966855 69.033539  0.215604 -0.507547 0.834212  0.674510 0.996063
38  -3.079881 -1.977681 68.910324  -0.726547 -0.684225 0.062971  0.670588 0.988189
barney_legs.bmp
38  0.100112 -6.345363 67.083359  -0.576109 -0.809537 0.112907  0.133333 0.775591
38  0.630112 -6.226086 66.778282  0.268474 -0.688602 -0.673609  0.164706 0.759843
38  0.630112 -6.345364 67.083359  0.703341 -0.696752 0.140885  0.164706 0.775591
barney_legs.bmp
38  0.100112 -6.345363 67.083359  -0.576109 -0.809537 0.112907  0.133333 0.775591
38  0.100112 -6.226086 66.778282  -0.488807 -0.589128 -0.643425  0.133333 0.759843
38  0.630112 -6.226086 66.778282  0.268474 -0.688602 -0.673609  0.164706 0.759843
barney_legs.bmp
38  0.100112 -6.345363 67.083359  -0.576109 -0.809537 0.112907  0.133333 0.775591
38  -0.359887 -5.456338 67.032028  -0.641035 -0.767429 0.011228  0.109804 0.767717
38  0.100112 -6.226086 66.778282  -0.488807 -0.589128 -0.643425  0.133333 0.759843
barney_legs.bmp
38  0.100112 -6.345363 67.083359  -0.576109 -0.809537 0.112907  0.133333 0.775591
38  -0.129887 -5.450355 67.377235  -0.521951 -0.786351 0.330484  0.121569 0.783465
38  -0.359887 -5.456338 67.032028  -0.641035 -0.767429 0.011228  0.109804 0.767717
barney_legs.bmp
38  0.100112 -6.345363 67.083359  -0.576109 -0.809537 0.112907  0.133333 0.775591
38  0.090115 -5.288630 68.719147  -0.651049 -0.740026 -0.168809  0.133333 0.842520
38  -0.129887 -5.450355 67.377235  -0.521951 -0.786351 0.330484  0.121569 0.783465
barney_legs.bmp
38  0.100112 -6.345363 67.083359  -0.576109 -0.809537 0.112907  0.133333 0.775591
38  0.370114 -5.514839 68.804764  0.000015 -0.997138 0.075605  0.149020 0.846457
38  0.090115 -5.288630 68.719147  -0.651049 -0.740026 -0.168809  0.133333 0.842520
barney_legs.bmp
38  0.100112 -6.345363 67.083359  -0.576109 -0.809537 0.112907  0.133333 0.775591
38  0.630112 -6.345364 67.083359  0.703341 -0.696752 0.140885  0.164706 0.775591
38  0.370114 -5.514839 68.804764  0.000015 -0.997138 0.075605  0.149020 0.846457
barney_legs.bmp
38  3.290116 -2.161114 66.684074  0.951618 -0.196676 -0.236098  0.388235 0.736220
38  2.730118 0.420303 65.665993  0.843387 0.537294 -0.003603  0.466667 0.685039
38  3.280122 1.086961 68.930786  0.751396 0.649911 -0.114099  0.603922 0.838583
barney_legs.bmp
38  3.280122 1.086961 68.930786  0.751396 0.649911 -0.114099  0.603922 0.838583
38  2.730118 0.420303 65.665993  0.843387 0.537294 -0.003603  0.466667 0.685039
38  0.370120 1.764930 66.061577  -0.000702 0.998340 0.057587  0.552941 0.708661
barney_legs.bmp
38  2.730118 0.420303 65.665993  0.843387 0.537294 -0.003603  0.466667 0.685039
9  0.400117 2.747121 62.976841  0.001214 0.959323 0.282307  0.572549 0.555118
38  0.370120 1.764930 66.061577  -0.000702 0.998340 0.057587  0.552941 0.708661
barney_legs.bmp
38  0.370120 1.764930 66.061577  -0.000702 0.998340 0.057587  0.552941 0.708661
9  0.400117 2.747121 62.976841  0.001214 0.959323 0.282307  0.572549 0.555118
38  -1.989882 0.420309 65.666000  -0.841825 0.539722 -0.005487  0.466667 0.685039
barney_legs.bmp
9  0.400117 2.747121 62.976841  0.001214 0.959323 0.282307  0.572549 0.555118
9  -2.249886 1.027365 62.764881  -0.951204 0.299480 0.074317  0.470588 0.535433
38  -1.989882 0.420309 65.666000  -0.841825 0.539722 -0.005487  0.466667 0.685039
barney_legs.bmp
38  -1.989882 0.420309 65.666000  -0.841825 0.539722 -0.005487  0.466667 0.685039
9  -2.249886 1.027365 62.764881  -0.951204 0.299480 0.074317  0.470588 0.535433
38  -2.249885 -2.136794 64.743919  -0.933820 -0.218991 -0.282883  0.301961 0.625984
barney_legs.bmp
9  -2.249886 1.027365 62.764881  -0.951204 0.299480 0.074317  0.470588 0.535433
9  -1.999889 -0.951755 61.992622  -0.730566 -0.611342 -0.304195  0.301961 0.507874
38  -2.249885 -2.136794 64.743919  -0.933820 -0.218991 -0.282883  0.301961 0.625984
barney_legs.bmp
9  -0.089894 -3.450021 60.469769  -0.399718 -0.916479 0.017080  0.686275 0.763780
9  -0.049894 -3.250524 60.909996  0.021559 -0.452571 0.891468  0.635294 0.763780
9  -2.569890 -1.491902 62.122005  -0.389921 -0.774039 0.498825  0.607843 0.708661
barney_legs.bmp
9  -0.089894 -3.450021 60.469769  -0.399718 -0.916479 0.017080  0.686275 0.763780
9  0.910106 -3.250548 60.929993  -0.025040 -0.661506 0.749522  0.635294 0.807087
9  -0.049894 -3.250524 60.909996  0.021559 -0.452571 0.891468  0.635294 0.763780
barney_legs.bmp
9  -0.089894 -3.450021 60.469769  -0.399718 -0.916479 0.017080  0.686275 0.763780
9  0.960106 -3.450023 60.469765  0.486708 -0.873029 -0.030598  0.686275 0.803150
9  0.910106 -3.250548 60.929993  -0.025040 -0.661506 0.749522  0.635294 0.807087
barney_legs.bmp
9  -0.089894 -3.450021 60.469769  -0.399718 -0.916479 0.017080  0.686275 0.763780
9  0.450105 -3.469486 59.999744  0.108745 -0.968956 0.222032  0.741176 0.783465
9  0.960106 -3.450023 60.469765  0.486708 -0.873029 -0.030598  0.686275 0.803150
barney_legs.bmp
9  -0.089894 -3.450021 60.469769  -0.399718 -0.916479 0.017080  0.686275 0.763780
9  -0.049895 -3.129222 59.770130  -0.714347 -0.689085 0.121945  0.764706 0.759843
9  0.450105 -3.469486 59.999744  0.108745 -0.968956 0.222032  0.741176 0.783465
barney_legs.bmp
9  -0.089894 -3.450021 60.469769  -0.399718 -0.916479 0.017080  0.686275 0.763780
9  -0.249894 -2.919667 60.160374  -0.807882 -0.464592 -0.362603  0.717647 0.751969
9  -0.049895 -3.129222 59.770130  -0.714347 -0.689085 0.121945  0.764706 0.759843
barney_legs.bmp
9  -0.089894 -3.450021 60.469769  -0.399718 -0.916479 0.017080  0.686275 0.763780
9  -2.569890 -1.491902 62.122005  -0.389921 -0.774039 0.498825  0.607843 0.708661
9  -0.249894 -2.919667 60.160374  -0.807882 -0.464592 -0.362603  0.717647 0.751969
barney_legs.bmp
38  2.410114 -7.196835 70.471794  0.424120 -0.720725 0.548340  0.956863 0.220472
38  4.320117 -4.477435 69.860352  0.936453 -0.350769 0.004169  0.949020 0.169291
38  3.960118 -4.139832 70.987175  0.826895 -0.377983 0.416382  0.996078 0.169291
barney_legs.bmp
38  3.960118 -4.139832 70.987175  0.826895 -0.377983 0.416382  0.996078 0.169291
38  4.320117 -4.477435 69.860352  0.936453 -0.350769 0.004169  0.949020 0.169291
38  4.630120 -1.759507 70.534569  0.971379 -0.075589 0.225186  0.996078 0.129921
barney_legs.bmp
38  4.320117 -4.477435 69.860352  0.936453 -0.350769 0.004169  0.949020 0.169291
38  4.920118 -2.428257 68.686958  0.990236 0.038417 0.133999  0.905882 0.137795
38  4.630120 -1.759507 70.534569  0.971379 -0.075589 0.225186  0.996078 0.129921
barney_legs.bmp
38  4.630120 -1.759507 70.534569  0.971379 -0.075589 0.225186  0.996078 0.129921
38  4.920118 -2.428257 68.686958  0.990236 0.038417 0.133999  0.905882 0.137795
38  4.250124 1.320481 70.203094  0.956723 0.287546 0.044697  0.996078 0.082677
barney_legs.bmp
38  4.920118 -2.428257 68.686958  0.990236 0.038417 0.133999  0.905882 0.137795
38  4.790118 -0.489808 66.807480  0.929487 -0.051197 -0.365284  0.850980 0.106299
38  4.250124 1.320481 70.203094  0.956723 0.287546 0.044697  0.996078 0.082677
barney_legs.bmp
38  4.250124 1.320481 70.203094  0.956723 0.287546 0.044697  0.996078 0.082677
38  4.790118 -0.489808 66.807480  0.929487 -0.051197 -0.365284  0.850980 0.106299
38  4.200119 1.355100 65.581429  0.875632 0.348579 -0.334308  0.827451 0.074803
barney_legs.bmp
38  4.790118 -0.489808 66.807480  0.929487 -0.051197 -0.365284  0.850980 0.106299
38  3.940118 -0.489807 66.807487  -0.000000 -0.567658 -0.823264  0.839216 0.118110
38  4.200119 1.355100 65.581429  0.875632 0.348579 -0.334308  0.827451 0.074803
barney_legs.bmp
6  -2.121606 3.321093 11.942933  0.658939 0.575604 -0.484232  0.400000 0.000000
6  -1.388826 3.543590 13.058696  0.815419 0.467490 -0.341386  0.400000 0.015748
6  -2.130826 0.656260 12.277566  0.727302 -0.292620 -0.620810  0.360784 0.000000
barney_legs.bmp
6  -2.130826 0.656260 12.277566  0.727302 -0.292620 -0.620810  0.360784 0.000000
6  -1.388826 3.543590 13.058696  0.815419 0.467490 -0.341386  0.400000 0.015748
6  -1.612538 0.216376 13.058898  0.747025 -0.531966 -0.398705  0.360784 0.019685
barney_legs.bmp
6  -1.388826 3.543590 13.058696  0.815419 0.467490 -0.341386  0.400000 0.015748
6  -1.032974 3.468278 17.161352  0.893484 0.440611 0.086885  0.400000 0.074803
6  -1.612538 0.216376 13.058898  0.747025 -0.531966 -0.398705  0.360784 0.019685
barney_legs.bmp
6  -1.612538 0.216376 13.058898  0.747025 -0.531966 -0.398705  0.360784 0.019685
6  -1.032974 3.468278 17.161352  0.893484 0.440611 0.086885  0.400000 0.074803
6  -1.294741 -1.160765 19.252176  0.936963 -0.331687 -0.109927  0.360784 0.122047
barney_legs.bmp
6  -1.032974 3.468278 17.161352  0.893484 0.440611 0.086885  0.400000 0.074803
6  -1.252091 2.564278 20.012138  0.823848 0.560110 0.086890  0.400000 0.129921
6  -1.294741 -1.160765 19.252176  0.936963 -0.331687 -0.109927  0.360784 0.122047
barney_legs.bmp
6  -1.294741 -1.160765 19.252176  0.936963 -0.331687 -0.109927  0.360784 0.122047
6  -1.252091 2.564278 20.012138  0.823848 0.560110 0.086890  0.400000 0.129921
5  -1.022993 2.314796 21.742119  0.940996 0.318675 -0.113894  0.400000 0.169291
barney_legs.bmp
3  5.254897 5.262514 13.264927  -0.101633 0.958640 -0.265858  0.701961 0.023622
3  8.305066 3.537415 13.438996  0.746872 0.623849 -0.230205  0.623529 0.023622
3  5.212183 4.654481 11.780281  0.172235 0.905849 -0.387005  0.701961 0.000000
barney_legs.bmp
3  5.212183 4.654481 11.780281  0.172235 0.905849 -0.387005  0.701961 0.000000
3  8.305066 3.537415 13.438996  0.746872 0.623849 -0.230205  0.623529 0.023622
3  7.542020 3.314942 11.941510  0.845928 0.254084 -0.468878  0.623529 0.000000
barney_legs.bmp
3  8.305066 3.537415 13.438996  0.746872 0.623849 -0.230205  0.623529 0.023622
3  8.078816 0.209699 13.434164  0.857197 -0.424408 -0.291705  0.549020 0.023622
3  7.542020 3.314942 11.941510  0.845928 0.254084 -0.468878  0.623529 0.000000
barney_legs.bmp
3  7.542020 3.314942 11.941510  0.845928 0.254084 -0.468878  0.623529 0.000000
3  8.078816 0.209699 13.434164  0.857197 -0.424408 -0.291705  0.549020 0.023622
3  7.541249 0.650098 12.276032  0.618045 -0.523403 -0.586575  0.549020 0.000000
barney_legs.bmp
3  8.078816 0.209699 13.434164  0.857197 -0.424408 -0.291705  0.549020 0.023622
3  5.252373 -1.505901 13.271277  0.106050 -0.851304 -0.513843  0.494118 0.023622
3  7.541249 0.650098 12.276032  0.618045 -0.523403 -0.586575  0.549020 0.000000
barney_legs.bmp
3  7.541249 0.650098 12.276032  0.618045 -0.523403 -0.586575  0.549020 0.000000
3  5.252373 -1.505901 13.271277  0.106050 -0.851304 -0.513843  0.494118 0.023622
3  5.210779 -0.683373 12.437780  -0.139731 -0.713493 -0.686588  0.494118 0.000000
barney_legs.bmp
14  14.424317 -4.872204 37.422031  -0.886693 -0.012408 -0.462192  0.866667 0.598425
21  14.784132 -5.197944 36.423420  -0.734718 -0.675319 -0.064295  0.862745 0.570866
14  15.575726 -4.914805 37.858540  0.987420 -0.046196 0.151219  0.807843 0.606299
barney_legs.bmp
14  15.575726 -4.914805 37.858540  0.987420 -0.046196 0.151219  0.807843 0.606299
21  14.784132 -5.197944 36.423420  -0.734718 -0.675319 -0.064295  0.862745 0.570866
21  15.780376 -5.252693 36.645683  0.616412 -0.717313 0.324804  0.811765 0.574803
barney_legs.bmp
21  14.784132 -5.197944 36.423420  -0.734718 -0.675319 -0.064295  0.862745 0.570866
22  15.124467 -5.511345 35.360542  -0.834519 -0.544859 -0.081892  0.862745 0.547244
21  15.780376 -5.252693 36.645683  0.616412 -0.717313 0.324804  0.811765 0.574803
barney_legs.bmp
21  15.780376 -5.252693 36.645683  0.616412 -0.717313 0.324804  0.811765 0.574803
22  15.124467 -5.511345 35.360542  -0.834519 -0.544859 -0.081892  0.862745 0.547244
22  15.947323 -5.594002 35.614662  0.588780 -0.734060 0.338371  0.819608 0.547244
barney_legs.bmp
22  15.124467 -5.511345 35.360542  -0.834519 -0.544859 -0.081892  0.862745 0.547244
23  15.534241 -5.965193 34.083710  -0.438126 -0.845676 -0.304758  0.858824 0.523622
22  15.947323 -5.594002 35.614662  0.588780 -0.734060 0.338371  0.819608 0.547244
barney_legs.bmp
22  15.947323 -5.594002 35.614662  0.588780 -0.734060 0.338371  0.819608 0.547244
23  15.534241 -5.965193 34.083710  -0.438126 -0.845676 -0.304758  0.858824 0.523622
23  16.122116 -6.034459 34.312847  0.794601 -0.369282 -0.481912  0.823529 0.527559
barney_legs.bmp
14  13.713518 -5.335767 38.530758  -0.774107 -0.148482 -0.615395  0.984314 0.629921
14  14.424317 -4.872204 37.422031  -0.886693 -0.012408 -0.462192  0.960784 0.590551
14  14.348675 -5.684712 37.661842  -0.691407 -0.714513 -0.106899  0.988235 0.590551
barney_legs.bmp
14  14.348675 -5.684712 37.661842  -0.691407 -0.714513 -0.106899  0.988235 0.590551
14  14.424317 -4.872204 37.422031  -0.886693 -0.012408 -0.462192  0.960784 0.590551
18  14.700623 -6.027419 36.750210  -0.727081 -0.685504 -0.037907  0.988235 0.562992
barney_legs.bmp
14  14.424317 -4.872204 37.422031  -0.886693 -0.012408 -0.462192  0.960784 0.590551
18  14.807491 -5.321295 36.458885  -0.456049 0.742053 -0.491301  0.968627 0.562992
18  14.700623 -6.027419 36.750210  -0.727081 -0.685504 -0.037907  0.988235 0.562992
barney_legs.bmp
18  14.700623 -6.027419 36.750210  -0.727081 -0.685504 -0.037907  0.988235 0.562992
18  14.807491 -5.321295 36.458885  -0.456049 0.742053 -0.491301  0.968627 0.562992
19  15.108821 -6.363112 35.677662  -0.815322 -0.572726 -0.085063  0.992157 0.539370
barney_legs.bmp
18  14.807491 -5.321295 36.458885  -0.456049 0.742053 -0.491301  0.968627 0.562992
19  15.165754 -5.745343 35.452229  -0.449261 0.736367 -0.505894  0.972549 0.539370
19  15.108821 -6.363112 35.677662  -0.815322 -0.572726 -0.085063  0.992157 0.539370
barney_legs.bmp
19  15.108821 -6.363112 35.677662  -0.815322 -0.572726 -0.085063  0.992157 0.539370
19  15.165754 -5.745343 35.452229  -0.449261 0.736367 -0.505894  0.972549 0.539370
20  15.447835 -6.295522 34.517380  -0.460389 0.074220 -0.884609  0.980392 0.515748
barney_legs.bmp
14  14.348675 -5.684712 37.661842  -0.691407 -0.714513 -0.106899  0.866667 0.598425
18  14.700623 -6.027419 36.750210  -0.727081 -0.685504 -0.037907  0.862745 0.570866
14  15.481736 -5.630922 38.184795  0.360881 -0.863872 0.351413  0.807843 0.606299
barney_legs.bmp
14  15.481736 -5.630922 38.184795  0.360881 -0.863872 0.351413  0.807843 0.606299
18  14.700623 -6.027419 36.750210  -0.727081 -0.685504 -0.037907  0.862745 0.570866
18  15.656541 -6.040637 36.969635  0.627385 -0.706804 0.326829  0.811765 0.574803
barney_legs.bmp
18  14.700623 -6.027419 36.750210  -0.727081 -0.685504 -0.037907  0.862745 0.570866
19  15.108821 -6.363112 35.677662  -0.815322 -0.572726 -0.085063  0.862745 0.547244
18  15.656541 -6.040637 36.969635  0.627385 -0.706804 0.326829  0.811765 0.574803
barney_legs.bmp
18  15.656541 -6.040637 36.969635  0.627385 -0.706804 0.326829  0.811765 0.574803
19  15.108821 -6.363112 35.677662  -0.815322 -0.572726 -0.085063  0.862745 0.547244
19  15.863112 -6.405269 35.875065  0.604608 -0.722510 0.335304  0.819608 0.547244
barney_legs.bmp
19  15.108821 -6.363112 35.677662  -0.815322 -0.572726 -0.085063  0.862745 0.547244
20  15.421526 -6.680722 34.626602  -0.430743 -0.861432 -0.269063  0.858824 0.523622
19  15.863112 -6.405269 35.875065  0.604608 -0.722510 0.335304  0.819608 0.547244
barney_legs.bmp
19  15.863112 -6.405269 35.875065  0.604608 -0.722510 0.335304  0.819608 0.547244
20  15.421526 -6.680722 34.626602  -0.430743 -0.861432 -0.269063  0.858824 0.523622
20  16.018255 -6.769759 34.795082  0.720080 -0.548939 -0.424441  0.823529 0.527559
barney_legs.bmp
20  16.073011 -6.229463 34.620777  0.513982 0.558463 -0.651108  0.678431 0.507874
19  15.919121 -5.774624 35.655403  0.777160 0.615884 -0.129267  0.682353 0.547244
20  16.018255 -6.769759 34.795082  0.720080 -0.548939 -0.424441  0.650980 0.507874
barney_legs.bmp
20  16.018255 -6.769759 34.795082  0.720080 -0.548939 -0.424441  0.650980 0.507874
19  15.919121 -5.774624 35.655403  0.777160 0.615884 -0.129267  0.682353 0.547244
19  15.863112 -6.405269 35.875065  0.604608 -0.722510 0.335304  0.654902 0.547244
barney_legs.bmp
19  15.919121 -5.774624 35.655403  0.777160 0.615884 -0.129267  0.682353 0.547244
18  15.730306 -5.357647 36.722687  0.877806 0.477357 -0.039834  0.682353 0.574803
19  15.863112 -6.405269 35.875065  0.604608 -0.722510 0.335304  0.654902 0.547244
barney_legs.bmp
19  15.863112 -6.405269 35.875065  0.604608 -0.722510 0.335304  0.654902 0.547244
18  15.730306 -5.357647 36.722687  0.877806 0.477357 -0.039834  0.682353 0.574803
18  15.656541 -6.040637 36.969635  0.627385 -0.706804 0.326829  0.650980 0.574803
barney_legs.bmp
18  15.730306 -5.357647 36.722687  0.877806 0.477357 -0.039834  0.682353 0.574803
14  15.575726 -4.914805 37.858540  0.987420 -0.046196 0.151219  0.686275 0.602362
18  15.656541 -6.040637 36.969635  0.627385 -0.706804 0.326829  0.650980 0.574803
barney_legs.bmp
18  15.656541 -6.040637 36.969635  0.627385 -0.706804 0.326829  0.650980 0.574803
14  15.575726 -4.914805 37.858540  0.987420 -0.046196 0.151219  0.686275 0.602362
14  15.481736 -5.630922 38.184795  0.360881 -0.863872 0.351413  0.654902 0.602362
barney_legs.bmp
39  0.055587 -5.428855 64.247444  -0.225599 -0.954402 -0.195503  0.133333 0.649606
39  0.045587 -5.278711 63.827492  -0.198619 -0.710312 -0.675283  0.133333 0.629921
39  0.675587 -5.278711 63.827492  0.155096 -0.776121 -0.611213  0.168627 0.629921
barney_legs.bmp
39  0.675587 -5.278711 63.827492  0.155096 -0.776121 -0.611213  0.168627 0.629921
39  0.045587 -5.278711 63.827492  -0.198619 -0.710312 -0.675283  0.133333 0.629921
39  0.365587 -4.908639 63.617622  -0.001302 -0.232197 -0.972668  0.152941 0.614173
barney_legs.bmp
39  0.045587 -5.278711 63.827492  -0.198619 -0.710312 -0.675283  0.133333 0.629921
39  -0.614413 -4.908725 63.867622  -0.527271 -0.680827 -0.508390  0.090196 0.633858
39  0.365587 -4.908639 63.617622  -0.001302 -0.232197 -0.972668  0.152941 0.614173
barney_legs.bmp
39  0.365587 -4.908639 63.617622  -0.001302 -0.232197 -0.972668  0.152941 0.614173
39  -0.614413 -4.908725 63.867622  -0.527271 -0.680827 -0.508390  0.090196 0.633858
38  -0.149888 -3.533367 63.590839  -0.279544 -0.464530 -0.840278  0.117647 0.606299
barney_legs.bmp
39  -0.614413 -4.908725 63.867622  -0.527271 -0.680827 -0.508390  0.090196 0.633858
39  -1.554412 -3.918814 64.127960  -0.697275 -0.238798 -0.675857  0.031373 0.645669
38  -0.149888 -3.533367 63.590839  -0.279544 -0.464530 -0.840278  0.117647 0.606299
barney_legs.bmp
38  -0.149888 -3.533367 63.590839  -0.279544 -0.464530 -0.840278  0.117647 0.606299
39  -1.554412 -3.918814 64.127960  -0.697275 -0.238798 -0.675857  0.031373 0.645669
38  -2.249885 -2.136794 64.743919  -0.933820 -0.218991 -0.282883  0.000000 0.625984
barney_legs.bmp
38  3.310117 -3.282950 68.713356  0.950957 -0.302004 -0.066885  0.352941 0.834646
38  2.880116 -4.666083 69.071045  0.733891 -0.583679 -0.347452  0.294118 0.866142
38  2.720116 -4.422020 68.745262  0.722946 -0.660548 -0.202547  0.286275 0.842520
barney_legs.bmp
38  2.720116 -4.422020 68.745262  0.722946 -0.660548 -0.202547  0.286275 0.842520
38  2.880116 -4.666083 69.071045  0.733891 -0.583679 -0.347452  0.294118 0.866142
38  2.210115 -5.058482 68.927788  0.396900 -0.799587 -0.450701  0.254902 0.850394
barney_legs.bmp
38  2.880116 -4.666083 69.071045  0.733891 -0.583679 -0.347452  0.294118 0.866142
38  1.980115 -5.449125 69.220192  0.381282 -0.875119 -0.297978  0.243137 0.870079
38  2.210115 -5.058482 68.927788  0.396900 -0.799587 -0.450701  0.254902 0.850394
barney_legs.bmp
38  2.210115 -5.058482 68.927788  0.396900 -0.799587 -0.450701  0.254902 0.850394
38  1.980115 -5.449125 69.220192  0.381282 -0.875119 -0.297978  0.243137 0.870079
38  1.270115 -5.191576 68.937050  0.102607 -0.824080 -0.557103  0.200000 0.850394
barney_legs.bmp
38  1.980115 -5.449125 69.220192  0.381282 -0.875119 -0.297978  0.243137 0.870079
38  0.370115 -5.698551 69.069244  0.001429 -0.858447 -0.512900  0.149020 0.862205
38  1.270115 -5.191576 68.937050  0.102607 -0.824080 -0.557103  0.200000 0.850394
barney_legs.bmp
38  1.270115 -5.191576 68.937050  0.102607 -0.824080 -0.557103  0.200000 0.850394
38  0.370115 -5.698551 69.069244  0.001429 -0.858447 -0.512900  0.149020 0.862205
38  0.640115 -5.288630 68.719147  0.650858 -0.740196 -0.168803  0.164706 0.842520
barney_legs.bmp
9  4.100102 -4.517676 58.408543  0.026163 -0.555379 0.831186  0.807843 0.724409
40  4.096669 -5.006711 57.386581  -0.599760 -0.750783 0.276789  0.725490 0.732283
40  4.556669 -4.886729 57.436623  0.813921 -0.409616 0.412005  0.725490 0.716535
barney_legs.bmp
9  4.100102 -4.517676 58.408543  0.026163 -0.555379 0.831186  0.807843 0.724409
9  3.860102 -4.397390 58.158680  -0.836561 -0.474153 0.274491  0.807843 0.736220
40  4.096669 -5.006711 57.386581  -0.599760 -0.750783 0.276789  0.725490 0.732283
barney_legs.bmp
9  4.100102 -4.517676 58.408543  0.026163 -0.555379 0.831186  0.807843 0.724409
9  3.680103 -3.847607 58.349308  -0.480897 -0.225762 0.847213  0.839216 0.736220
9  3.860102 -4.397390 58.158680  -0.836561 -0.474153 0.274491  0.807843 0.736220
barney_legs.bmp
9  4.100102 -4.517676 58.408543  0.026163 -0.555379 0.831186  0.807843 0.724409
9  4.150103 -3.727665 58.399445  0.298301 -0.009191 0.954428  0.839216 0.708661
9  3.680103 -3.847607 58.349308  -0.480897 -0.225762 0.847213  0.839216 0.736220
barney_legs.bmp
9  4.100102 -4.517676 58.408543  0.026163 -0.555379 0.831186  0.807843 0.724409
9  4.330102 -4.267459 58.218826  0.878388 -0.042374 0.476066  0.807843 0.712598
9  4.150103 -3.727665 58.399445  0.298301 -0.009191 0.954428  0.839216 0.708661
barney_legs.bmp
9  4.100102 -4.517676 58.408543  0.026163 -0.555379 0.831186  0.807843 0.724409
40  4.556669 -4.886729 57.436623  0.813921 -0.409616 0.412005  0.725490 0.716535
9  4.330102 -4.267459 58.218826  0.878388 -0.042374 0.476066  0.807843 0.712598
barney_legs.bmp
38  -1.429885 -5.988482 70.258507  0.019314 -0.173122 -0.984711  0.933333 0.279528
38  -3.519883 -4.477426 69.860359  0.000002 -0.379928 -0.925016  0.952941 0.334646
38  -2.629883 -4.477427 69.860359  -0.000002 -0.379875 -0.925038  0.925490 0.322835
barney_legs.bmp
38  -2.629883 -4.477427 69.860359  -0.000002 -0.379875 -0.925038  0.925490 0.322835
38  -3.519883 -4.477426 69.860359  0.000002 -0.379928 -0.925016  0.952941 0.334646
38  -3.409882 -2.428247 68.686958  -0.000001 -0.567684 -0.823246  0.886275 0.354331
barney_legs.bmp
38  -3.519883 -4.477426 69.860359  0.000002 -0.379928 -0.925016  0.952941 0.334646
38  -4.169882 -2.428246 68.686966  0.026891 -0.622587 -0.782089  0.898039 0.366142
38  -3.409882 -2.428247 68.686958  -0.000001 -0.567684 -0.823246  0.886275 0.354331
barney_legs.bmp
38  -3.409882 -2.428247 68.686958  -0.000001 -0.567684 -0.823246  0.886275 0.354331
38  -4.169882 -2.428246 68.686966  0.026891 -0.622587 -0.782089  0.898039 0.366142
38  -3.229882 -0.489798 66.807487  0.026900 -0.622613 -0.782067  0.843137 0.377953
barney_legs.bmp
38  -4.169882 -2.428246 68.686966  0.026891 -0.622587 -0.782089  0.898039 0.366142
38  -3.969881 -0.489797 66.807487  0.026896 -0.622591 -0.782085  0.850980 0.397638
38  -3.229882 -0.489798 66.807487  0.026900 -0.622613 -0.782067  0.843137 0.377953
barney_legs.bmp
38  -3.229882 -0.489798 66.807487  0.026900 -0.622613 -0.782067  0.843137 0.377953
38  -3.969881 -0.489797 66.807487  0.026896 -0.622591 -0.782085  0.850980 0.397638
38  -3.489881 1.355109 65.581429  0.034621 -0.464044 -0.885136  0.827451 0.425197
barney_legs.bmp
5  -4.039347 -3.343669 22.647375  -0.017235 -0.997637 -0.066506  0.305882 0.185039
5  -0.238590 -1.307858 26.959072  0.919719 -0.368816 -0.134509  0.360784 0.271654
5  0.384523 -2.082574 33.565746  0.754628 -0.635822 -0.162071  0.372549 0.385827
barney_legs.bmp
5  -4.039347 -3.343669 22.647375  -0.017235 -0.997637 -0.066506  0.305882 0.185039
5  -0.981664 -1.459411 22.235729  0.802700 -0.581775 -0.131189  0.360784 0.177165
5  -0.238590 -1.307858 26.959072  0.919719 -0.368816 -0.134509  0.360784 0.271654
barney_legs.bmp
5  -4.039347 -3.343669 22.647375  -0.017235 -0.997637 -0.066506  0.305882 0.185039
6  -4.299427 -2.990962 19.032314  0.077097 -0.979082 -0.188292  0.305882 0.122047
5  -0.981664 -1.459411 22.235729  0.802700 -0.581775 -0.131189  0.360784 0.177165
barney_legs.bmp
5  -4.039347 -3.343669 22.647375  -0.017235 -0.997637 -0.066506  0.305882 0.185039
6  -7.250154 -1.188779 19.698456  -0.869224 -0.493718 -0.026314  0.254902 0.129921
6  -4.299427 -2.990962 19.032314  0.077097 -0.979082 -0.188292  0.305882 0.122047
barney_legs.bmp
5  -4.039347 -3.343669 22.647375  -0.017235 -0.997637 -0.066506  0.305882 0.185039
5  -7.117688 -1.459378 22.625751  -0.920057 -0.391701 0.008099  0.254902 0.185039
6  -7.250154 -1.188779 19.698456  -0.869224 -0.493718 -0.026314  0.254902 0.129921
barney_legs.bmp
27  -14.767030 -4.917380 37.858791  -0.987422 -0.046201 0.151204  0.807843 0.606299
34  -14.971596 -5.255900 36.644390  -0.616409 -0.717315 0.324808  0.811765 0.574803
34  -13.975353 -5.201148 36.422127  0.734720 -0.675316 -0.064308  0.862745 0.570866
barney_legs.bmp
34  -13.975353 -5.201148 36.422127  0.734720 -0.675316 -0.064308  0.862745 0.570866
34  -14.971596 -5.255900 36.644390  -0.616409 -0.717315 0.324808  0.811765 0.574803
35  -14.315534 -5.514993 35.357666  0.834510 -0.544873 -0.081889  0.862745 0.547244
barney_legs.bmp
34  -14.971596 -5.255900 36.644390  -0.616409 -0.717315 0.324808  0.811765 0.574803
35  -15.148152 -5.597888 35.613937  -0.588816 -0.734015 0.338406  0.819608 0.547244
35  -14.315534 -5.514993 35.357666  0.834510 -0.544873 -0.081889  0.862745 0.547244
barney_legs.bmp
35  -14.315534 -5.514993 35.357666  0.834510 -0.544873 -0.081889  0.862745 0.547244
35  -15.148152 -5.597888 35.613937  -0.588816 -0.734015 0.338406  0.819608 0.547244
36  -14.725069 -5.969277 34.079250  0.438792 -0.845377 -0.304629  0.858824 0.523622
barney_legs.bmp
35  -15.148152 -5.597888 35.613937  -0.588816 -0.734015 0.338406  0.819608 0.547244
36  -15.322150 -6.026507 34.316780  -0.794600 -0.369307 -0.481895  0.823529 0.527559
36  -14.725069 -5.969277 34.079250  0.438792 -0.845377 -0.304629  0.858824 0.523622
barney_legs.bmp
27  -14.767030 -4.917380 37.858791  -0.987422 -0.046201 0.151204  0.807843 0.606299
31  -13.998647 -5.325160 36.457809  0.456090 0.742015 -0.491321  0.862745 0.570866
31  -14.921463 -5.361513 36.721607  -0.877808 0.477351 -0.039852  0.811765 0.574803
barney_legs.bmp
31  -14.921463 -5.361513 36.721607  -0.877808 0.477351 -0.039852  0.811765 0.574803
31  -13.998647 -5.325160 36.457809  0.456090 0.742015 -0.491321  0.862745 0.570866
32  -15.119873 -5.779307 35.654938  -0.777205 0.615837 -0.129214  0.819608 0.547244
barney_legs.bmp
31  -13.998647 -5.325160 36.457809  0.456090 0.742015 -0.491321  0.862745 0.570866
32  -14.364571 -5.746504 35.460918  0.449303 0.736339 -0.505896  0.862745 0.547244
32  -15.119873 -5.779307 35.654938  -0.777205 0.615837 -0.129214  0.819608 0.547244
barney_legs.bmp
32  -15.119873 -5.779307 35.654938  -0.777205 0.615837 -0.129214  0.819608 0.547244
32  -14.364571 -5.746504 35.460918  0.449303 0.736339 -0.505896  0.862745 0.547244
33  -15.263752 -6.234411 34.616596  -0.513990 0.558460 -0.651104  0.823529 0.527559
barney_legs.bmp
32  -14.364571 -5.746504 35.460918  0.449303 0.736339 -0.505896  0.862745 0.547244
33  -14.639587 -6.291113 34.509811  0.460379 0.074236 -0.884613  0.858824 0.523622
33  -15.263752 -6.234411 34.616596  -0.513990 0.558460 -0.651104  0.823529 0.527559
barney_legs.bmp
27  -14.673821 -5.623846 38.182549  -0.360914 -0.863859 0.351409  0.807843 0.606299
31  -14.847695 -6.044503 36.968555  -0.627377 -0.706810 0.326831  0.811765 0.574803
31  -13.902432 -6.022013 36.748390  0.727103 -0.685481 -0.037907  0.862745 0.570866
barney_legs.bmp
31  -13.902432 -6.022013 36.748390  0.727103 -0.685481 -0.037907  0.862745 0.570866
31  -14.847695 -6.044503 36.968555  -0.627377 -0.706810 0.326831  0.811765 0.574803
32  -14.299812 -6.367522 35.675030  0.815313 -0.572737 -0.085070  0.862745 0.547244
barney_legs.bmp
31  -14.847695 -6.044503 36.968555  -0.627377 -0.706810 0.326831  0.811765 0.574803
32  -15.054103 -6.409680 35.872433  -0.604624 -0.722501 0.335295  0.819608 0.547244
32  -14.299812 -6.367522 35.675030  0.815313 -0.572737 -0.085070  0.862745 0.547244
barney_legs.bmp
32  -14.299812 -6.367522 35.675030  0.815313 -0.572737 -0.085070  0.862745 0.547244
32  -15.054103 -6.409680 35.872433  -0.604624 -0.722501 0.335295  0.819608 0.547244
33  -14.611855 -6.672811 34.628296  0.430736 -0.861425 -0.269098  0.858824 0.523622
barney_legs.bmp
32  -15.054103 -6.409680 35.872433  -0.604624 -0.722501 0.335295  0.819608 0.547244
33  -15.208995 -6.774707 34.790901  -0.720117 -0.548884 -0.424450  0.823529 0.527559
33  -14.611855 -6.672811 34.628296  0.430736 -0.861425 -0.269098  0.858824 0.523622
barney_legs.bmp
32  -14.364571 -5.746504 35.460918  0.449303 0.736339 -0.505896  0.972549 0.539370
31  -13.998647 -5.325160 36.457809  0.456090 0.742015 -0.491321  0.968627 0.562992
32  -14.299812 -6.367522 35.675030  0.815313 -0.572737 -0.085070  0.992157 0.539370
barney_legs.bmp
32  -14.299812 -6.367522 35.675030  0.815313 -0.572737 -0.085070  0.992157 0.539370
31  -13.998647 -5.325160 36.457809  0.456090 0.742015 -0.491321  0.968627 0.562992
31  -13.902432 -6.022013 36.748390  0.727103 -0.685481 -0.037907  0.988235 0.562992
barney_legs.bmp
31  -13.998647 -5.325160 36.457809  0.456090 0.742015 -0.491321  0.968627 0.562992
27  -13.615622 -4.874777 37.422279  0.886684 -0.012378 -0.462209  0.960784 0.590551
31  -13.902432 -6.022013 36.748390  0.727103 -0.685481 -0.037907  0.988235 0.562992
barney_legs.bmp
31  -13.902432 -6.022013 36.748390  0.727103 -0.685481 -0.037907  0.988235 0.562992
27  -13.615622 -4.874777 37.422279  0.886684 -0.012378 -0.462209  0.960784 0.590551
27  -13.540761 -5.677633 37.659595  0.691390 -0.714532 -0.106881  0.988235 0.590551
barney_legs.bmp
27  -13.615622 -4.874777 37.422279  0.886684 -0.012378 -0.462209  0.960784 0.590551
27  -12.904821 -5.338337 38.531006  0.774112 -0.148463 -0.615393  0.984314 0.629921
27  -13.540761 -5.677633 37.659595  0.691390 -0.714532 -0.106881  0.988235 0.590551
barney_legs.bmp
28  -12.555716 -5.949765 39.411926  0.790779 -0.570686 0.221328  0.647059 0.566929
29  -13.783678 -6.696814 38.797829  -0.403490 -0.791883 0.458385  0.592157 0.531496
29  -12.879255 -6.680056 38.478081  0.927262 -0.354890 -0.119329  0.647059 0.531496
barney_legs.bmp
29  -12.879255 -6.680056 38.478081  0.927262 -0.354890 -0.119329  0.647059 0.531496
29  -13.783678 -6.696814 38.797829  -0.403490 -0.791883 0.458385  0.592157 0.531496
30  -13.269315 -7.189823 37.413853  0.381707 -0.910334 -0.159975  0.647059 0.503937
barney_legs.bmp
29  -13.783678 -6.696814 38.797829  -0.403490 -0.791883 0.458385  0.592157 0.531496
30  -13.820561 -7.203142 37.612980  -0.659336 -0.695197 -0.286316  0.592157 0.503937
30  -13.269315 -7.189823 37.413853  0.381707 -0.910334 -0.159975  0.647059 0.503937
barney_legs.bmp
30  -13.269315 -7.189823 37.413853  0.381707 -0.910334 -0.159975  0.647059 0.503937
30  -13.820561 -7.203142 37.612980  -0.659336 -0.695197 -0.286316  0.592157 0.503937
30  -13.412417 -6.657276 37.122623  0.232962 0.198690 -0.951972  0.635294 0.503937
barney_legs.bmp
30  -13.820561 -7.203142 37.612980  -0.659336 -0.695197 -0.286316  0.592157 0.503937
30  -13.970884 -6.688711 37.332687  -0.764762 0.035032 -0.643360  0.600000 0.500000
30  -13.412417 -6.657276 37.122623  0.232962 0.198690 -0.951972  0.635294 0.503937
barney_legs.bmp
33  -15.208995 -6.774707 34.790901  -0.720117 -0.548884 -0.424450  0.650980 0.507874
32  -15.054103 -6.409680 35.872433  -0.604624 -0.722501 0.335295  0.654902 0.547244
32  -15.119873 -5.779307 35.654938  -0.777205 0.615837 -0.129214  0.682353 0.547244
barney_legs.bmp
32  -15.119873 -5.779307 35.654938  -0.777205 0.615837 -0.129214  0.682353 0.547244
32  -15.054103 -6.409680 35.872433  -0.604624 -0.722501 0.335295  0.654902 0.547244
31  -14.921463 -5.361513 36.721607  -0.877808 0.477351 -0.039852  0.682353 0.574803
barney_legs.bmp
32  -15.054103 -6.409680 35.872433  -0.604624 -0.722501 0.335295  0.654902 0.547244
31  -14.847695 -6.044503 36.968555  -0.627377 -0.706810 0.326831  0.650980 0.574803
31  -14.921463 -5.361513 36.721607  -0.877808 0.477351 -0.039852  0.682353 0.574803
barney_legs.bmp
31  -14.921463 -5.361513 36.721607  -0.877808 0.477351 -0.039852  0.682353 0.574803
31  -14.847695 -6.044503 36.968555  -0.627377 -0.706810 0.326831  0.650980 0.574803
27  -14.767030 -4.917380 37.858791  -0.987422 -0.046201 0.151204  0.686275 0.602362
barney_legs.bmp
31  -14.847695 -6.044503 36.968555  -0.627377 -0.706810 0.326831  0.650980 0.574803
27  -14.673821 -5.623846 38.182549  -0.360914 -0.863859 0.351409  0.654902 0.602362
27  -14.767030 -4.917380 37.858791  -0.987422 -0.046201 0.151204  0.686275 0.602362
barney_legs.bmp
20  15.447835 -6.295522 34.517380  -0.460389 0.074220 -0.884609  0.858824 0.523622
19  15.165754 -5.745343 35.452229  -0.449261 0.736367 -0.505894  0.862745 0.547244
20  16.073011 -6.229463 34.620777  0.513982 0.558463 -0.651108  0.823529 0.527559
barney_legs.bmp
20  16.073011 -6.229463 34.620777  0.513982 0.558463 -0.651108  0.823529 0.527559
19  15.165754 -5.745343 35.452229  -0.449261 0.736367 -0.505894  0.862745 0.547244
19  15.919121 -5.774624 35.655403  0.777160 0.615884 -0.129267  0.819608 0.547244
barney_legs.bmp
19  15.165754 -5.745343 35.452229  -0.449261 0.736367 -0.505894  0.862745 0.547244
18  14.807491 -5.321295 36.458885  -0.456049 0.742053 -0.491301  0.862745 0.570866
19  15.919121 -5.774624 35.655403  0.777160 0.615884 -0.129267  0.819608 0.547244
barney_legs.bmp
19  15.919121 -5.774624 35.655403  0.777160 0.615884 -0.129267  0.819608 0.547244
18  14.807491 -5.321295 36.458885  -0.456049 0.742053 -0.491301  0.862745 0.570866
18  15.730306 -5.357647 36.722687  0.877806 0.477357 -0.039834  0.811765 0.574803
barney_legs.bmp
18  14.807491 -5.321295 36.458885  -0.456049 0.742053 -0.491301  0.862745 0.570866
14  15.575726 -4.914805 37.858540  0.987420 -0.046196 0.151219  0.807843 0.606299
18  15.730306 -5.357647 36.722687  0.877806 0.477357 -0.039834  0.811765 0.574803
barney_legs.bmp
17  14.771947 -6.686997 37.324661  0.764761 0.035016 -0.643362  0.600000 0.500000
17  14.620341 -7.210281 37.609425  0.658371 -0.695586 -0.287590  0.592157 0.503937
17  14.213480 -6.655561 37.114601  -0.232935 0.198697 -0.951977  0.635294 0.503937
barney_legs.bmp
17  14.213480 -6.655561 37.114601  -0.232935 0.198697 -0.951977  0.635294 0.503937
17  14.620341 -7.210281 37.609425  0.658371 -0.695586 -0.287590  0.592157 0.503937
17  14.078885 -7.197373 37.412296  -0.381761 -0.910311 -0.159974  0.647059 0.503937
barney_legs.bmp
17  14.620341 -7.210281 37.609425  0.658371 -0.695586 -0.287590  0.592157 0.503937
16  14.583237 -6.703172 38.795513  0.403512 -0.791872 0.458385  0.592157 0.531496
17  14.078885 -7.197373 37.412296  -0.381761 -0.910311 -0.159974  0.647059 0.503937
barney_legs.bmp
17  14.078885 -7.197373 37.412296  -0.381761 -0.910311 -0.159974  0.647059 0.503937
16  14.583237 -6.703172 38.795513  0.403512 -0.791872 0.458385  0.592157 0.531496
16  13.688604 -6.686825 38.477764  -0.927259 -0.354884 -0.119368  0.647059 0.531496
barney_legs.bmp
16  14.583237 -6.703172 38.795513  0.403512 -0.791872 0.458385  0.592157 0.531496
15  13.363758 -5.948068 39.419758  -0.790786 -0.570688 0.221297  0.647059 0.566929
16  13.688604 -6.686825 38.477764  -0.927259 -0.354884 -0.119368  0.647059 0.531496
barney_legs.bmp
9  3.360110 -1.531876 62.091953  0.407108 -0.773214 0.486214  0.607843 0.862205
9  0.960106 -3.450023 60.469765  0.486708 -0.873029 -0.030598  0.686275 0.803150
9  1.090106 -2.919669 60.160370  0.863286 -0.397498 -0.311018  0.717647 0.814961
barney_legs.bmp
9  1.090106 -2.919669 60.160370  0.863286 -0.397498 -0.311018  0.717647 0.814961
9  0.960106 -3.450023 60.469765  0.486708 -0.873029 -0.030598  0.686275 0.803150
9  0.990105 -3.129212 59.760132  0.743119 -0.668815 0.021465  0.760784 0.811024
barney_legs.bmp
9  0.960106 -3.450023 60.469765  0.486708 -0.873029 -0.030598  0.686275 0.803150
9  0.450105 -3.469486 59.999744  0.108745 -0.968956 0.222032  0.741176 0.783465
9  0.990105 -3.129212 59.760132  0.743119 -0.668815 0.021465  0.760784 0.811024
barney_legs.bmp
9  0.990105 -3.129212 59.760132  0.743119 -0.668815 0.021465  0.760784 0.811024
9  0.450105 -3.469486 59.999744  0.108745 -0.968956 0.222032  0.741176 0.783465
9  1.840102 -4.076839 57.679047  0.615660 -0.587587 0.525075  0.996078 0.834646
barney_legs.bmp
9  0.450105 -3.469486 59.999744  0.108745 -0.968956 0.222032  0.741176 0.783465
9  1.510101 -4.426839 57.678650  0.330791 -0.808402 0.486893  0.996078 0.818898
9  1.840102 -4.076839 57.679047  0.615660 -0.587587 0.525075  0.996078 0.834646
barney_legs.bmp
38  0.410127 4.513672 70.051582  -0.000000 -0.022004 0.999758  0.996078 0.496063
38  -1.979874 3.494214 70.031593  0.000002 0.027930 0.999610  0.996078 0.456693
38  2.800126 3.494209 70.031586  0.000005 0.027941 0.999610  0.996078 0.047244
barney_legs.bmp
38  2.800126 3.494209 70.031586  0.000005 0.027941 0.999610  0.996078 0.047244
38  -1.979874 3.494214 70.031593  0.000002 0.027930 0.999610  0.996078 0.456693
38  4.250124 1.320481 70.203094  -0.000000 0.087236 0.996188  0.996078 0.086614
barney_legs.bmp
38  -1.979874 3.494214 70.031593  0.000002 0.027930 0.999610  0.996078 0.456693
38  -3.429876 1.320490 70.203102  0.000000 0.087197 0.996191  0.996078 0.417323
38  4.250124 1.320481 70.203094  -0.000000 0.087236 0.996188  0.996078 0.086614
barney_legs.bmp
38  4.250124 1.320481 70.203094  -0.000000 0.087236 0.996188  0.996078 0.086614
38  -3.429876 1.320490 70.203102  0.000000 0.087197 0.996191  0.996078 0.417323
38  4.630120 -1.759507 70.534569  0.000001 0.133135 0.991098  0.996078 0.129921
barney_legs.bmp
38  -3.429876 1.320490 70.203102  0.000000 0.087197 0.996191  0.996078 0.417323
38  -3.819879 -1.759497 70.534576  -0.000002 0.189985 0.981787  0.996078 0.370079
38  4.630120 -1.759507 70.534569  0.000001 0.133135 0.991098  0.996078 0.129921
barney_legs.bmp
39  -0.764412 -4.569299 65.537735  -0.729006 -0.684508 -0.000004  0.905882 0.263780
39  -0.084412 -5.299299 65.537483  -0.262184 -0.965018 0.000003  0.901961 0.251969
38  -0.079888 -5.302017 65.740257  -0.524058 -0.851683 0.000001  0.917647 0.251969
barney_legs.bmp
38  -0.079888 -5.302017 65.740257  -0.524058 -0.851683 0.000001  0.917647 0.251969
39  -0.084412 -5.299299 65.537483  -0.262184 -0.965018 0.000003  0.901961 0.251969
38  0.820112 -5.302018 65.740250  0.262182 -0.965018 -0.000005  0.917647 0.204724
barney_legs.bmp
39  -0.084412 -5.299299 65.537483  -0.262184 -0.965018 0.000003  0.901961 0.251969
39  0.825588 -5.299299 65.537483  0.542030 -0.840359 -0.000004  0.901961 0.204724
38  0.820112 -5.302018 65.740250  0.262182 -0.965018 -0.000005  0.917647 0.204724
barney_legs.bmp
38  0.820112 -5.302018 65.740250  0.262182 -0.965018 -0.000005  0.917647 0.204724
39  0.825588 -5.299299 65.537483  0.542030 -0.840359 -0.000004  0.901961 0.204724
38  1.510113 -4.572109 65.734558  0.729009 -0.684503 -0.000035  0.917647 0.192913
barney_legs.bmp
39  0.825588 -5.299299 65.537483  0.542030 -0.840359 -0.000004  0.901961 0.204724
39  1.505588 -4.569299 65.537735  0.729012 -0.684500 -0.000044  0.905882 0.192913
38  1.510113 -4.572109 65.734558  0.729009 -0.684503 -0.000035  0.917647 0.192913
barney_legs.bmp
39  -0.764412 -4.509302 65.547760  -0.729006 -0.684507 -0.000004  0.878431 0.263780
39  -0.084412 -5.239302 65.547508  -0.262159 -0.965025 0.000012  0.878431 0.251969
38  -0.079888 -5.238057 65.720024  -0.524049 -0.851688 0.000009  0.890196 0.251969
barney_legs.bmp
38  -0.079888 -5.238057 65.720024  -0.524049 -0.851688 0.000009  0.890196 0.251969
39  -0.084412 -5.239302 65.547508  -0.262159 -0.965025 0.000012  0.878431 0.251969
38  0.820112 -5.238059 65.720024  0.262152 -0.965026 0.000015  0.890196 0.208661
barney_legs.bmp
39  -0.084412 -5.239302 65.547508  -0.262159 -0.965025 0.000012  0.878431 0.251969
39  0.825588 -5.239303 65.547508  0.542027 -0.840361 0.000015  0.878431 0.208661
38  0.820112 -5.238059 65.720024  0.262152 -0.965026 0.000015  0.890196 0.208661
barney_legs.bmp
38  0.820112 -5.238059 65.720024  0.262152 -0.965026 0.000015  0.890196 0.208661
39  0.825588 -5.239303 65.547508  0.542027 -0.840361 0.000015  0.878431 0.208661
38  1.510113 -4.508150 65.714325  0.729013 -0.684500 -0.000028  0.890196 0.192913
barney_legs.bmp
39  0.825588 -5.239303 65.547508  0.542027 -0.840361 0.000015  0.878431 0.208661
39  1.505588 -4.509303 65.547760  0.729015 -0.684498 -0.000042  0.878431 0.192913
38  1.510113 -4.508150 65.714325  0.729013 -0.684500 -0.000028  0.890196 0.192913
barney_legs.bmp
38  1.520112 -5.123625 65.636932  0.441905 -0.892421 -0.091133  0.211765 0.712598
39  0.705588 -5.529334 65.637405  0.278973 -0.959357 -0.042518  0.168627 0.708661
39  1.215588 -5.249220 65.307503  0.407238 -0.904128 -0.129268  0.196078 0.696850
barney_legs.bmp
39  1.215588 -5.249220 65.307503  0.407196 -0.904137 -0.129338  0.196078 0.696850
39  0.705588 -5.529334 65.637405  0.278892 -0.959381 -0.042505  0.168627 0.708661
39  0.365588 -5.579196 65.237389  0.000002 -0.996085 -0.088406  0.149020 0.688976
barney_legs.bmp
39  0.705588 -5.529334 65.637405  0.278892 -0.959381 -0.042505  0.168627 0.708661
39  0.015588 -5.529333 65.637405  -0.279113 -0.959330 -0.042214  0.129412 0.708661
39  0.365588 -5.579196 65.237389  0.000002 -0.996085 -0.088406  0.149020 0.688976
barney_legs.bmp
39  0.365588 -5.579196 65.237389  0.000002 -0.996085 -0.088406  0.149020 0.688976
39  0.015588 -5.529333 65.637405  -0.279113 -0.959330 -0.042214  0.129412 0.708661
39  -0.484412 -5.249220 65.307503  -0.407495 -0.904080 -0.128794  0.098039 0.696850
barney_legs.bmp
39  0.015588 -5.529333 65.637405  -0.279113 -0.959330 -0.042214  0.129412 0.708661
38  -0.789888 -5.123622 65.636932  -0.441933 -0.892452 -0.090689  0.086275 0.712598
39  -0.484412 -5.249220 65.307503  -0.407495 -0.904080 -0.128794  0.098039 0.696850
barney_legs.bmp
38  0.410122 3.767243 64.992119  0.002702 0.990648 -0.136418  0.815686 0.496063
38  -1.849879 2.929645 65.102234  -0.488945 0.864200 -0.118704  0.815686 0.460630
38  0.410127 4.513672 70.051582  0.002727 0.990639 -0.136484  0.996078 0.496063
barney_legs.bmp
38  0.410127 4.513672 70.051582  0.002727 0.990639 -0.136484  0.996078 0.496063
38  -1.849879 2.929645 65.102234  -0.488945 0.864200 -0.118704  0.815686 0.460630
38  -1.979874 3.494214 70.031593  -0.661615 0.746736 -0.068200  0.996078 0.456693
barney_legs.bmp
38  -1.849879 2.929645 65.102234  -0.488945 0.864200 -0.118704  0.815686 0.460630
38  -3.489881 1.355109 65.581429  -0.841830 0.539715 -0.005513  0.827451 0.425197
38  -1.979874 3.494214 70.031593  -0.661615 0.746736 -0.068200  0.996078 0.456693
barney_legs.bmp
38  -1.979874 3.494214 70.031593  -0.661615 0.746736 -0.068200  0.996078 0.456693
38  -3.489881 1.355109 65.581429  -0.841830 0.539715 -0.005513  0.827451 0.425197
38  -3.429876 1.320490 70.203102  -0.956885 0.284205 0.059996  0.996078 0.417323
barney_legs.bmp
38  -3.489881 1.355109 65.581429  -0.841830 0.539715 -0.005513  0.827451 0.425197
38  -3.969881 -0.489797 66.807487  -0.976063 0.213492 0.041498  0.850980 0.397638
38  -3.429876 1.320490 70.203102  -0.956885 0.284205 0.059996  0.996078 0.417323
barney_legs.bmp
38  -1.999886 -4.643806 67.079941  -0.806469 -0.571989 -0.149789  0.286275 0.771654
38  -2.559884 -2.161107 66.684082  -0.951655 -0.195777 -0.236696  0.388235 0.736220
38  -2.249885 -2.136794 64.743919  -0.933820 -0.218991 -0.282883  0.301961 0.625984
barney_legs.bmp
38  -2.249885 -2.136794 64.743919  -0.933820 -0.218991 -0.282883  0.301961 0.625984
38  -2.559884 -2.161107 66.684082  -0.951655 -0.195777 -0.236696  0.388235 0.736220
38  -1.989882 0.420309 65.666000  -0.841825 0.539722 -0.005487  0.466667 0.685039
barney_legs.bmp
38  -2.559884 -2.161107 66.684082  -0.951655 -0.195777 -0.236696  0.388235 0.736220
38  -2.549878 1.086968 68.930794  -0.751067 0.650011 -0.115690  0.603922 0.838583
38  -1.989882 0.420309 65.666000  -0.841825 0.539722 -0.005487  0.466667 0.685039
barney_legs.bmp
38  -1.989882 0.420309 65.666000  -0.841825 0.539722 -0.005487  0.466667 0.685039
38  -2.549878 1.086968 68.930794  -0.751067 0.650011 -0.115690  0.603922 0.838583
38  0.370120 1.764930 66.061577  -0.000702 0.998340 0.057587  0.552941 0.708661
barney_legs.bmp
38  -2.549878 1.086968 68.930794  -0.751067 0.650011 -0.115690  0.603922 0.838583
38  3.280122 1.086961 68.930786  0.751396 0.649911 -0.114099  0.603922 0.838583
38  0.370120 1.764930 66.061577  -0.000702 0.998340 0.057587  0.552941 0.708661
barney_legs.bmp
38  0.630112 -6.345364 67.083359  0.703341 -0.696752 0.140885  0.164706 0.775591
38  0.630112 -6.226086 66.778282  0.268474 -0.688602 -0.673609  0.164706 0.759843
38  1.020113 -5.452445 66.688393  0.576271 -0.782232 -0.236698  0.184314 0.755906
barney_legs.bmp
38  1.020113 -5.452445 66.688393  0.576271 -0.782232 -0.236698  0.184314 0.755906
38  0.630112 -6.226086 66.778282  0.268474 -0.688602 -0.673609  0.164706 0.759843
38  0.370112 -5.507952 66.527710  0.000008 -0.858425 -0.512938  0.149020 0.740157
barney_legs.bmp
38  0.630112 -6.226086 66.778282  0.268474 -0.688602 -0.673609  0.164706 0.759843
38  0.100112 -6.226086 66.778282  -0.488807 -0.589128 -0.643425  0.133333 0.759843
38  0.370112 -5.507952 66.527710  0.000008 -0.858425 -0.512938  0.149020 0.740157
barney_legs.bmp
38  0.370112 -5.507952 66.527710  0.000008 -0.858425 -0.512938  0.149020 0.740157
38  0.100112 -6.226086 66.778282  -0.488807 -0.589128 -0.643425  0.133333 0.759843
38  -0.289887 -5.452444 66.688393  -0.487406 -0.838710 -0.242903  0.113725 0.755906
barney_legs.bmp
38  0.100112 -6.226086 66.778282  -0.488807 -0.589128 -0.643425  0.133333 0.759843
38  -0.359887 -5.456338 67.032028  -0.641035 -0.767429 0.011228  0.109804 0.767717
38  -0.289887 -5.452444 66.688393  -0.487406 -0.838710 -0.242903  0.113725 0.755906
barney_legs.bmp
1  0.420078 6.156424 36.277431  0.000001 0.912486 -0.409109  0.003922 0.413386
1  0.420082 4.727039 34.496937  0.000001 0.745896 -0.666062  0.003922 0.381890
1  -3.549921 5.916714 35.407349  -0.306398 0.776377 -0.550780  0.078431 0.397638
barney_legs.bmp
1  -3.549921 5.916714 35.407349  -0.306398 0.776377 -0.550780  0.078431 0.397638
1  0.420082 4.727039 34.496937  0.000001 0.745896 -0.666062  0.003922 0.381890
5  -3.590350 5.627307 35.067284  -0.175003 0.918072 -0.355693  0.082353 0.393701
barney_legs.bmp
1  0.420082 4.727039 34.496937  0.000001 0.745896 -0.666062  0.003922 0.381890
5  0.390784 3.800981 33.540421  0.869100 0.417724 -0.264899  0.003922 0.366142
5  -3.590350 5.627307 35.067284  -0.175003 0.918072 -0.355693  0.082353 0.393701
barney_legs.bmp
5  -3.590350 5.627307 35.067284  -0.175003 0.918072 -0.355693  0.082353 0.393701
5  0.390784 3.800981 33.540421  0.869100 0.417724 -0.264899  0.003922 0.366142
5  -0.297074 2.594151 26.707067  0.846802 0.510790 -0.148393  0.003922 0.251969
barney_legs.bmp
2  1.843125 2.314776 21.741892  -0.940986 0.318712 -0.113881  0.400000 0.169291
2  1.068746 -1.307870 26.958958  -0.919715 -0.368824 -0.134508  0.431373 0.271654
2  1.127218 2.594140 26.706951  -0.846803 0.510787 -0.148394  0.400000 0.271654
barney_legs.bmp
2  1.843125 2.314776 21.741892  -0.940986 0.318712 -0.113881  0.400000 0.169291
2  1.811808 -1.459420 22.235613  -0.802705 -0.581768 -0.131189  0.431373 0.177165
2  1.068746 -1.307870 26.958958  -0.919715 -0.368824 -0.134508  0.431373 0.271654
barney_legs.bmp
2  1.843125 2.314776 21.741892  -0.940986 0.318712 -0.113881  0.400000 0.169291
3  2.124876 -1.160773 19.252060  -0.936961 -0.331703 -0.109901  0.431373 0.122047
2  1.811808 -1.459420 22.235613  -0.802705 -0.581768 -0.131189  0.431373 0.177165
barney_legs.bmp
2  1.843125 2.314776 21.741892  -0.940986 0.318712 -0.113881  0.400000 0.169291
3  2.072217 2.564258 20.011908  -0.823826 0.560144 0.086890  0.400000 0.129921
3  2.124876 -1.160773 19.252060  -0.936961 -0.331703 -0.109901  0.431373 0.122047
barney_legs.bmp
2  4.420508 5.627306 35.067158  0.183992 0.916746 -0.354576  0.701961 0.393701
1  0.420082 4.727039 34.496937  0.000001 0.745896 -0.666062  0.784314 0.381890
1  4.380079 5.916734 35.407349  0.314725 0.774602 -0.548580  0.701961 0.397638
barney_legs.bmp
2  4.420508 5.627306 35.067158  0.183992 0.916746 -0.354576  0.701961 0.393701
2  0.439376 3.800968 33.540306  -0.869109 0.417705 -0.264900  0.784314 0.366142
1  0.420082 4.727039 34.496937  0.000001 0.745896 -0.666062  0.784314 0.381890
barney_legs.bmp
2  4.420508 5.627306 35.067158  0.183992 0.916746 -0.354576  0.701961 0.393701
2  1.127218 2.594140 26.706951  -0.846803 0.510787 -0.148394  0.784314 0.251969
2  0.439376 3.800968 33.540306  -0.869109 0.417705 -0.264900  0.784314 0.366142
barney_legs.bmp
2  4.420508 5.627306 35.067158  0.183992 0.916746 -0.354576  0.701961 0.393701
2  4.942122 4.234657 21.657753  -0.083370 0.996516 0.002308  0.701961 0.165354
2  1.127218 2.594140 26.706951  -0.846803 0.510787 -0.148394  0.784314 0.251969
barney_legs.bmp
27  -12.762297 -2.376572 41.642906  0.301320 0.402016 0.864633  0.737255 0.700787
27  -12.300550 -1.525825 40.221424  0.735071 0.669589 -0.106396  0.670588 0.685039
27  -13.861282 -1.509732 40.852894  -0.583368 0.600190 0.547224  0.670588 0.685039
barney_legs.bmp
27  -12.762297 -2.376572 41.642906  0.301320 0.402016 0.864633  0.737255 0.700787
27  -11.961689 -3.633188 41.180584  0.795199 -0.250005 0.552410  0.772549 0.692913
27  -12.300550 -1.525825 40.221424  0.735071 0.669589 -0.106396  0.670588 0.685039
barney_legs.bmp
27  -12.762297 -2.376572 41.642906  0.301320 0.402016 0.864633  0.737255 0.700787
27  -13.471085 -3.630458 41.744335  -0.316378 -0.236581 0.918659  0.772549 0.692913
27  -11.961689 -3.633188 41.180584  0.795199 -0.250005 0.552410  0.772549 0.692913
barney_legs.bmp
27  -12.762297 -2.376572 41.642906  0.301320 0.402016 0.864633  0.737255 0.700787
27  -13.861282 -1.509732 40.852894  -0.583368 0.600190 0.547224  0.670588 0.685039
27  -13.471085 -3.630458 41.744335  -0.316378 -0.236581 0.918659  0.772549 0.692913
barney_legs.bmp
33  -14.639587 -6.291113 34.509811  0.460379 0.074236 -0.884613  0.980392 0.515748
33  -15.208995 -6.774707 34.790901  -0.720117 -0.548884 -0.424450  0.992157 0.507874
33  -15.263752 -6.234411 34.616596  -0.513990 0.558460 -0.651104  0.980392 0.507874
barney_legs.bmp
33  -14.639587 -6.291113 34.509811  0.460379 0.074236 -0.884613  0.980392 0.515748
33  -14.611855 -6.672811 34.628296  0.430736 -0.861425 -0.269098  0.992157 0.515748
33  -15.208995 -6.774707 34.790901  -0.720117 -0.548884 -0.424450  0.992157 0.507874
barney_legs.bmp
33  -14.639587 -6.291113 34.509811  0.460379 0.074236 -0.884613  0.980392 0.515748
32  -14.299812 -6.367522 35.675030  0.815313 -0.572737 -0.085070  0.992157 0.539370
33  -14.611855 -6.672811 34.628296  0.430736 -0.861425 -0.269098  0.992157 0.515748
barney_legs.bmp
33  -14.639587 -6.291113 34.509811  0.460379 0.074236 -0.884613  0.980392 0.515748
32  -14.364571 -5.746504 35.460918  0.449303 0.736339 -0.505896  0.972549 0.539370
32  -14.299812 -6.367522 35.675030  0.815313 -0.572737 -0.085070  0.992157 0.539370
barney_legs.bmp
14  13.580487 -2.373969 41.645794  -0.301297 0.402015 0.864641  0.737255 0.700787
14  14.669972 -1.507164 40.852650  0.583363 0.600198 0.547220  0.670588 0.685039
14  13.109239 -1.523260 40.221180  -0.735056 0.669614 -0.106349  0.670588 0.685039
barney_legs.bmp
14  13.580487 -2.373969 41.645794  -0.301297 0.402015 0.864641  0.737255 0.700787
14  14.270284 -3.627932 41.740959  0.316350 -0.236551 0.918676  0.772549 0.692913
14  14.669972 -1.507164 40.852650  0.583363 0.600198 0.547220  0.670588 0.685039
barney_legs.bmp
14  13.580487 -2.373969 41.645794  -0.301297 0.402015 0.864641  0.737255 0.700787
14  12.769602 -3.640277 41.182838  -0.795205 -0.250001 0.552403  0.772549 0.692913
14  14.270284 -3.627932 41.740959  0.316350 -0.236551 0.918676  0.772549 0.692913
barney_legs.bmp
14  13.580487 -2.373969 41.645794  -0.301297 0.402015 0.864641  0.737255 0.700787
14  13.109239 -1.523260 40.221180  -0.735056 0.669614 -0.106349  0.670588 0.685039
14  12.769602 -3.640277 41.182838  -0.795205 -0.250001 0.552403  0.772549 0.692913
barney_legs.bmp
38  1.720114 -5.297177 67.624283  0.320586 -0.934596 0.154128  0.227451 0.787402
38  1.250114 -5.107293 68.150543  0.059414 -0.988534 0.138818  0.200000 0.811024
38  0.860113 -5.450357 67.377228  0.521784 -0.786456 0.330497  0.176471 0.783465
barney_legs.bmp
38  1.720114 -5.297177 67.624283  0.320586 -0.934596 0.154128  0.227451 0.787402
38  2.210115 -4.861949 68.199593  0.421191 -0.894483 0.149992  0.254902 0.814961
38  1.250114 -5.107293 68.150543  0.059414 -0.988534 0.138818  0.200000 0.811024
barney_legs.bmp
38  1.720114 -5.297177 67.624283  0.320586 -0.934596 0.154128  0.227451 0.787402
38  2.780115 -4.650792 68.081215  0.670122 -0.722265 0.171085  0.286275 0.814961
38  2.210115 -4.861949 68.199593  0.421191 -0.894483 0.149992  0.254902 0.814961
barney_legs.bmp
38  1.720114 -5.297177 67.624283  0.320586 -0.934596 0.154128  0.227451 0.787402
38  2.730114 -4.643812 67.079941  0.806566 -0.571879 -0.149688  0.286275 0.771654
38  2.780115 -4.650792 68.081215  0.670122 -0.722265 0.171085  0.286275 0.814961
barney_legs.bmp
9  3.360110 -1.531876 62.091953  0.407108 -0.773214 0.486214  0.611765 0.862205
9  1.220108 -2.510651 61.020840  0.239598 -0.875196 0.420268  0.615686 0.811024
9  0.910106 -3.250548 60.929993  -0.025040 -0.661506 0.749522  0.635294 0.807087
barney_legs.bmp
9  0.910106 -3.250548 60.929993  -0.025040 -0.661506 0.749522  0.635294 0.807087
9  1.220108 -2.510651 61.020840  0.239598 -0.875196 0.420268  0.615686 0.811024
9  -0.049894 -3.250524 60.909996  0.021559 -0.452571 0.891468  0.635294 0.763780
barney_legs.bmp
9  1.220108 -2.510651 61.020840  0.239598 -0.875196 0.420268  0.615686 0.811024
9  -0.399892 -2.510626 61.000839  -0.340658 -0.868799 0.359361  0.615686 0.759843
9  -0.049894 -3.250524 60.909996  0.021559 -0.452571 0.891468  0.635294 0.763780
barney_legs.bmp
9  -0.049894 -3.250524 60.909996  0.021559 -0.452571 0.891468  0.635294 0.763780
9  -0.399892 -2.510626 61.000839  -0.340658 -0.868799 0.359361  0.615686 0.759843
9  -2.569890 -1.491902 62.122005  -0.389921 -0.774039 0.498825  0.607843 0.708661
barney_legs.bmp
38  4.150118 -2.428256 68.686958  0.000000 -0.601310 -0.799016  0.882353 0.149606
38  4.320117 -4.477435 69.860352  0.000003 -0.379997 -0.924988  0.949020 0.169291
38  3.450117 -4.477434 69.860352  -0.000000 -0.497831 -0.867274  0.925490 0.181102
barney_legs.bmp
38  4.150118 -2.428256 68.686958  0.000000 -0.601310 -0.799016  0.882353 0.149606
38  4.920118 -2.428257 68.686958  0.000000 -0.601309 -0.799017  0.905882 0.137795
38  4.320117 -4.477435 69.860352  0.000003 -0.379997 -0.924988  0.949020 0.169291
barney_legs.bmp
38  4.150118 -2.428256 68.686958  0.000000 -0.601310 -0.799016  0.882353 0.149606
38  4.790118 -0.489808 66.807480  -0.000002 -0.695240 -0.718778  0.850980 0.106299
38  4.920118 -2.428257 68.686958  0.000000 -0.601309 -0.799017  0.905882 0.137795
barney_legs.bmp
38  4.150118 -2.428256 68.686958  0.000000 -0.601310 -0.799016  0.882353 0.149606
38  3.940118 -0.489807 66.807487  -0.055163 -0.619478 -0.783074  0.839216 0.118110
38  4.790118 -0.489808 66.807480  -0.000002 -0.695240 -0.718778  0.850980 0.106299
barney_legs.bmp
5  -7.159017 2.314829 22.132145  -0.876747 0.478067 0.052591  0.172549 0.169291
5  -7.163220 -1.229460 29.257408  -0.889772 -0.455240 0.032584  0.254902 0.295276
5  -7.234514 2.654493 28.756186  -0.885251 0.464876 0.014897  0.172549 0.295276
barney_legs.bmp
5  -7.234514 2.654493 28.756186  -0.885251 0.464876 0.014897  0.172549 0.295276
5  -7.163220 -1.229460 29.257408  -0.889772 -0.455240 0.032584  0.254902 0.295276
5  -6.405184 -0.774346 38.861717  -0.963497 -0.254623 0.082707  0.254902 0.460630
barney_legs.bmp
5  -7.163220 -1.229460 29.257408  -0.889772 -0.455240 0.032584  0.254902 0.295276
5  -3.313370 -3.879805 37.527809  -0.288372 -0.957138 -0.026993  0.317647 0.437008
5  -6.405184 -0.774346 38.861717  -0.963497 -0.254623 0.082707  0.254902 0.460630
barney_legs.bmp
3  5.254897 5.262514 13.264927  -0.101633 0.958640 -0.265858  0.701961 0.023622
3  5.073843 5.405641 17.812820  -0.007609 0.995261 0.096937  0.701961 0.102362
3  8.305066 3.537415 13.438996  0.746872 0.623849 -0.230205  0.623529 0.023622
barney_legs.bmp
3  8.305066 3.537415 13.438996  0.746872 0.623849 -0.230205  0.623529 0.023622
3  5.073843 5.405641 17.812820  -0.007609 0.995261 0.096937  0.701961 0.102362
3  8.379524 3.467650 17.516899  0.880345 0.454328 0.136304  0.623529 0.098425
barney_legs.bmp
3  5.073843 5.405641 17.812820  -0.007609 0.995261 0.096937  0.701961 0.102362
3  5.034013 4.424473 20.576500  0.070496 0.960724 0.268403  0.701961 0.145669
3  8.379524 3.467650 17.516899  0.880345 0.454328 0.136304  0.623529 0.098425
barney_legs.bmp
3  5.129566 -2.990962 19.032190  -0.077075 -0.979085 -0.188285  0.494118 0.122047
3  8.080290 -1.188770 19.698322  0.869255 -0.493665 -0.026279  0.549020 0.125984
2  4.869497 -3.343669 22.647249  0.019387 -0.997697 -0.064998  0.494118 0.185039
barney_legs.bmp
2  4.869497 -3.343669 22.647249  0.019387 -0.997697 -0.064998  0.494118 0.185039
3  8.080290 -1.188770 19.698322  0.869255 -0.493665 -0.026279  0.549020 0.125984
2  7.947832 -1.459370 22.625620  0.920248 -0.391057 0.014779  0.549020 0.185039
barney_legs.bmp
3  8.080290 -1.188770 19.698322  0.869255 -0.493665 -0.026279  0.549020 0.125984
3  8.027770 2.528094 20.446627  0.918568 0.369027 0.141608  0.623529 0.145669
2  7.947832 -1.459370 22.625620  0.920248 -0.391057 0.014779  0.549020 0.185039
barney_legs.bmp
2  7.989149 2.314838 22.132011  0.875772 0.478756 0.061770  0.623529 0.173228
2  7.934672 2.654357 28.754599  0.887984 0.459381 0.021290  0.623529 0.279528
2  7.873277 -1.228863 29.265905  0.892814 -0.448470 0.041926  0.549020 0.299213
barney_legs.bmp
2  7.873277 -1.228863 29.265905  0.892814 -0.448470 0.041926  0.549020 0.299213
2  7.934672 2.654357 28.754599  0.887984 0.459381 0.021290  0.623529 0.279528
2  7.105379 -0.774485 38.860130  0.967094 -0.247950 0.057002  0.549020 0.460630
barney_legs.bmp
2  7.934672 2.654357 28.754599  0.887984 0.459381 0.021290  0.623529 0.279528
2  6.892548 3.360085 37.806126  0.871306 0.488352 -0.048365  0.623529 0.413386
2  7.105379 -0.774485 38.860130  0.967094 -0.247950 0.057002  0.549020 0.460630
barney_legs.bmp
36  -15.384296 -3.699339 34.187435  -0.496568 0.574699 -0.650493  0.862745 0.515748
36  -14.756074 -3.746351 34.050224  0.378229 0.236966 -0.894869  0.858824 0.523622
36  -15.322150 -6.026507 34.316780  -0.794600 -0.369307 -0.481895  0.952941 0.503937
barney_legs.bmp
36  -15.322150 -6.026507 34.316780  -0.794600 -0.369307 -0.481895  0.952941 0.503937
36  -14.756074 -3.746351 34.050224  0.378229 0.236966 -0.894869  0.858824 0.523622
36  -14.725069 -5.969277 34.079250  0.438792 -0.845377 -0.304629  0.952941 0.511811
barney_legs.bmp
36  -14.756074 -3.746351 34.050224  0.378229 0.236966 -0.894869  0.858824 0.523622
35  -14.315534 -5.514993 35.357666  0.834510 -0.544873 -0.081889  0.952941 0.531496
36  -14.725069 -5.969277 34.079250  0.438792 -0.845377 -0.304629  0.952941 0.511811
barney_legs.bmp
19  15.108821 -6.363112 35.677662  -0.815322 -0.572726 -0.085063  0.992157 0.539370
20  15.447835 -6.295522 34.517380  -0.460389 0.074220 -0.884609  0.980392 0.515748
20  15.421526 -6.680722 34.626602  -0.430743 -0.861432 -0.269063  0.992157 0.515748
barney_legs.bmp
20  15.421526 -6.680722 34.626602  -0.430743 -0.861432 -0.269063  0.992157 0.515748
20  15.447835 -6.295522 34.517380  -0.460389 0.074220 -0.884609  0.980392 0.515748
20  16.018255 -6.769759 34.795082  0.720080 -0.548939 -0.424441  0.992157 0.507874
barney_legs.bmp
20  15.447835 -6.295522 34.517380  -0.460389 0.074220 -0.884609  0.980392 0.515748
20  16.073011 -6.229463 34.620777  0.513982 0.558463 -0.651108  0.980392 0.507874
20  16.018255 -6.769759 34.795082  0.720080 -0.548939 -0.424441  0.992157 0.507874
barney_legs.bmp
22  15.124467 -5.511345 35.360542  -0.834519 -0.544859 -0.081892  0.952941 0.531496
23  15.565239 -3.742268 34.054688  -0.378235 0.236970 -0.894865  0.858824 0.523622
23  15.534241 -5.965193 34.083710  -0.438126 -0.845676 -0.304758  0.952941 0.511811
barney_legs.bmp
23  15.534241 -5.965193 34.083710  -0.438126 -0.845676 -0.304758  0.952941 0.511811
23  15.565239 -3.742268 34.054688  -0.378235 0.236970 -0.894865  0.858824 0.523622
23  16.122116 -6.034459 34.312847  0.794601 -0.369282 -0.481912  0.952941 0.503937
barney_legs.bmp
23  15.565239 -3.742268 34.054688  -0.378235 0.236970 -0.894865  0.858824 0.523622
23  16.184256 -3.707292 34.183510  0.496487 0.574760 -0.650501  0.862745 0.515748
23  16.122116 -6.034459 34.312847  0.794601 -0.369282 -0.481912  0.952941 0.503937
barney_legs.bmp
38  -3.359881 -0.885855 68.091286  -0.930120 -0.321019 -0.178394  0.462745 0.980315
38  -2.769881 -1.160308 68.736252  0.457189 0.887704 0.054407  0.450980 0.996063
38  -3.009883 -1.484806 66.761002  -0.081786 0.735487 -0.672584  0.466667 0.944882
barney_legs.bmp
38  -3.009883 -1.484806 66.761002  -0.081786 0.735487 -0.672584  0.466667 0.944882
38  -2.769881 -1.160308 68.736252  0.457189 0.887704 0.054407  0.450980 0.996063
38  -2.749883 -1.849618 66.571495  -0.002092 0.179214 -0.983808  0.458824 0.937008
barney_legs.bmp
38  -2.769881 -1.160308 68.736252  0.457189 0.887704 0.054407  0.450980 0.996063
38  -2.559884 -2.161107 66.684082  -0.951655 -0.195777 -0.236696  0.450980 0.937008
38  -2.749883 -1.849618 66.571495  -0.002092 0.179214 -0.983808  0.458824 0.937008
barney_legs.bmp
38  3.290116 -2.161114 66.684074  0.951618 -0.196676 -0.236098  0.450980 0.937008
38  3.500119 -1.160316 68.736244  -0.457194 0.887702 0.054395  0.450980 0.996063
38  3.480117 -1.849625 66.571495  -0.002286 0.179218 -0.983807  0.458824 0.937008
barney_legs.bmp
38  3.480117 -1.849625 66.571495  -0.002286 0.179218 -0.983807  0.458824 0.937008
38  3.500119 -1.160316 68.736244  -0.457194 0.887702 0.054395  0.450980 0.996063
38  3.740117 -1.484813 66.760994  0.081795 0.735483 -0.672587  0.466667 0.944882
barney_legs.bmp
38  3.500119 -1.160316 68.736244  -0.457194 0.887702 0.054395  0.450980 0.996063
38  4.090119 -0.885864 68.091286  0.930128 -0.320973 -0.178432  0.462745 0.980315
38  3.740117 -1.484813 66.760994  0.081795 0.735483 -0.672587  0.466667 0.944882
barney_legs.bmp
38  3.290116 -2.161114 66.684074  0.951618 -0.196676 -0.236098  0.388235 0.736220
38  3.480118 -2.345635 68.740562  0.894779 -0.412434 0.171083  0.384314 0.834646
38  3.310117 -3.282950 68.713356  0.950957 -0.302004 -0.066885  0.352941 0.834646
barney_legs.bmp
38  3.310117 -3.282950 68.713356  0.950957 -0.302004 -0.066885  0.352941 0.834646
38  3.480118 -2.345635 68.740562  0.894779 -0.412434 0.171083  0.384314 0.834646
38  2.710119 -4.082044 72.282227  0.866912 -0.457364 0.198193  0.282353 1.000000
barney_legs.bmp
38  3.480118 -2.345635 68.740562  0.894779 -0.412434 0.171083  0.384314 0.834646
38  3.500119 -1.160316 68.736244  -0.457161 0.887732 0.054178  0.521569 0.846457
38  2.710119 -4.082044 72.282227  0.866912 -0.457364 0.198193  0.282353 1.000000
barney_legs.bmp
39  0.015588 -5.529333 65.637405  -0.001903 -0.002539 0.999995  0.823529 0.145669
39  0.705588 -5.529334 65.637405  -0.001930 -0.002550 0.999995  0.858824 0.145669
39  -0.224412 -3.619334 65.638062  0.542062 -0.840339 0.000042  0.811765 0.200787
barney_legs.bmp
39  -0.224412 -3.619334 65.638062  0.542052 -0.840345 -0.000001  0.811765 0.200787
39  0.705588 -5.529334 65.637405  -0.001926 -0.002508 0.999995  0.858824 0.145669
39  0.955588 -3.619334 65.638062  -0.776004 -0.630727 0.001297  0.866667 0.200787
barney_legs.bmp
39  0.705588 -5.529334 65.637405  -0.001926 -0.002508 0.999995  0.858824 0.145669
38  1.520112 -5.123625 65.636932  -0.936712 -0.350087 0.003090  0.882353 0.161417
39  0.955588 -3.619334 65.638062  -0.776004 -0.630727 0.001297  0.866667 0.200787
barney_legs.bmp
9  -0.979898 -4.076824 57.669052  -0.614926 -0.579312 0.535035  0.996078 0.716535
9  -0.649899 -4.426824 57.668652  -0.440062 -0.736109 0.514285  0.996078 0.732283
9  -0.049895 -3.129222 59.770130  -0.714347 -0.689085 0.121945  0.764706 0.759843
barney_legs.bmp
9  -0.049895 -3.129222 59.770130  -0.714347 -0.689085 0.121945  0.764706 0.759843
9  -0.649899 -4.426824 57.668652  -0.440062 -0.736109 0.514285  0.996078 0.732283
9  0.450105 -3.469486 59.999744  0.108745 -0.968956 0.222032  0.741176 0.783465
barney_legs.bmp
9  -0.649899 -4.426824 57.668652  -0.440062 -0.736109 0.514285  0.996078 0.732283
9  1.510101 -4.426839 57.678650  0.330791 -0.808402 0.486893  0.996078 0.818898
9  0.450105 -3.469486 59.999744  0.108745 -0.968956 0.222032  0.741176 0.783465
barney_legs.bmp
38  -3.819879 -1.759497 70.534576  -0.000002 0.189985 0.981787  0.996078 0.370079
38  -3.139882 -4.139823 70.987183  0.000001 0.189700 0.981842  0.996078 0.330709
38  3.960118 -4.139832 70.987175  0.000001 0.189693 0.981843  0.996078 0.169291
barney_legs.bmp
38  3.960118 -4.139832 70.987175  0.000001 0.189693 0.981843  0.996078 0.169291
38  -3.139882 -4.139823 70.987183  0.000001 0.189700 0.981842  0.996078 0.330709
38  2.150116 -6.544608 71.466278  0.000000 0.190026 0.981779  0.996078 0.220472
barney_legs.bmp
38  -3.139882 -4.139823 70.987183  0.000001 0.189700 0.981842  0.996078 0.330709
38  -1.349884 -6.544604 71.466278  0.000000 0.190071 0.981770  0.996078 0.279528
38  2.150116 -6.544608 71.466278  0.000000 0.190026 0.981779  0.996078 0.220472
barney_legs.bmp
38  0.590112 -5.633402 66.042053  0.226886 -0.954078 -0.195597  0.164706 0.720472
38  0.140112 -5.633401 66.042053  -0.150600 -0.963714 -0.220399  0.137255 0.720472
39  0.705588 -5.529334 65.637405  0.150863 -0.963701 -0.220275  0.168627 0.708661
barney_legs.bmp
39  0.705588 -5.529334 65.637405  0.150863 -0.963701 -0.220275  0.168627 0.708661
38  0.140112 -5.633401 66.042053  -0.150600 -0.963714 -0.220399  0.137255 0.720472
39  0.025588 -5.529333 65.637405  -0.225615 -0.954401 -0.195492  0.129412 0.708661
barney_legs.bmp
38  0.140112 -5.633401 66.042053  -0.150600 -0.963714 -0.220399  0.137255 0.720472
38  -0.789888 -5.123622 65.636932  -0.441931 -0.892447 -0.090749  0.086275 0.712598
39  0.025588 -5.529333 65.637405  -0.225615 -0.954401 -0.195492  0.129412 0.708661
barney_legs.bmp
38  2.410114 -7.196835 70.471794  -0.019000 -0.172978 -0.984742  0.956863 0.220472
38  -1.639886 -7.196830 70.471794  0.019301 -0.173176 -0.984702  0.956863 0.279528
38  2.200115 -5.988486 70.258499  -0.018990 -0.173001 -0.984739  0.933333 0.220472
barney_legs.bmp
38  2.200115 -5.988486 70.258499  -0.018990 -0.173001 -0.984739  0.933333 0.220472
38  -1.639886 -7.196830 70.471794  0.019301 -0.173176 -0.984702  0.956863 0.279528
38  -1.429885 -5.988482 70.258507  0.019314 -0.173122 -0.984711  0.933333 0.279528
barney_legs.bmp
38  -1.639886 -7.196830 70.471794  0.019301 -0.173176 -0.984702  0.956863 0.279528
38  -3.519883 -4.477426 69.860359  0.000002 -0.379928 -0.925016  0.952941 0.334646
38  -1.429885 -5.988482 70.258507  0.019314 -0.173122 -0.984711  0.933333 0.279528
barney_legs.bmp
38  0.410127 4.513672 70.051582  0.002727 0.990639 -0.136484  0.996078 0.003937
38  2.800126 3.494209 70.031586  0.664369 0.743122 -0.079900  0.996078 0.043307
38  2.600121 2.929640 65.102226  0.495097 0.859973 -0.123797  0.815686 0.039370
barney_legs.bmp
38  2.600121 2.929640 65.102226  0.495097 0.859973 -0.123797  0.815686 0.039370
38  2.800126 3.494209 70.031586  0.664369 0.743122 -0.079900  0.996078 0.043307
38  4.200119 1.355100 65.581429  0.875632 0.348579 -0.334308  0.827451 0.074803
barney_legs.bmp
38  2.800126 3.494209 70.031586  0.664369 0.743122 -0.079900  0.996078 0.043307
38  4.250124 1.320481 70.203094  0.956723 0.287546 0.044697  0.996078 0.082677
38  4.200119 1.355100 65.581429  0.875632 0.348579 -0.334308  0.827451 0.074803
barney_legs.bmp
38  0.410122 3.767243 64.992119  0.000001 -0.129340 -0.991600  0.815686 0.496063
38  0.410121 2.909889 65.099098  -0.000392 -0.325126 -0.945671  0.796078 0.448819
38  -1.849879 2.929645 65.102234  0.003504 -0.211982 -0.977267  0.815686 0.460630
barney_legs.bmp
38  -1.849879 2.929645 65.102234  0.003504 -0.211982 -0.977267  0.815686 0.460630
38  0.410121 2.909889 65.099098  -0.000392 -0.325126 -0.945671  0.796078 0.448819
38  -3.489881 1.355109 65.581429  0.034621 -0.464044 -0.885136  0.827451 0.425197
barney_legs.bmp
38  0.410121 2.909889 65.099098  -0.000392 -0.325126 -0.945671  0.796078 0.448819
38  -3.229882 -0.489798 66.807487  0.026900 -0.622613 -0.782067  0.843137 0.377953
38  -3.489881 1.355109 65.581429  0.034621 -0.464044 -0.885136  0.827451 0.425197
barney_legs.bmp
38  3.940118 -0.489807 66.807487  -0.055252 -0.619356 -0.783163  0.839216 0.118110
38  0.410121 2.909889 65.099098  -0.000392 -0.325126 -0.945671  0.800000 0.047244
38  4.200119 1.355100 65.581429  -0.053225 -0.418736 -0.906547  0.827451 0.074803
barney_legs.bmp
38  4.200119 1.355100 65.581429  -0.053225 -0.418736 -0.906547  0.827451 0.074803
38  0.410121 2.909889 65.099098  -0.000392 -0.325126 -0.945671  0.800000 0.047244
38  2.600121 2.929640 65.102226  0.003504 -0.212022 -0.977259  0.815686 0.039370
barney_legs.bmp
38  0.410121 2.909889 65.099098  -0.000392 -0.325126 -0.945671  0.800000 0.047244
38  0.410122 3.767243 64.992119  0.000001 -0.129340 -0.991600  0.815686 0.003937
38  2.600121 2.929640 65.102226  0.003504 -0.212022 -0.977259  0.815686 0.039370
barney_legs.bmp
1  4.080104 -3.815175 40.933990  0.276264 -0.957177 -0.086551  0.478431 0.496063
1  0.420105 -4.184922 40.173862  0.000162 -0.999954 -0.009587  0.400000 0.484252
1  0.420105 -4.153683 36.583870  0.000104 -0.939361 -0.342931  0.400000 0.440945
barney_legs.bmp
1  0.420105 -4.153683 36.583870  0.000104 -0.939361 -0.342931  0.400000 0.440945
1  0.420105 -4.184922 40.173862  0.000162 -0.999954 -0.009587  0.400000 0.484252
1  -3.239896 -3.815194 40.933990  -0.276275 -0.957237 -0.085846  0.317647 0.492126
barney_legs.bmp
6  -7.549407 3.467640 17.517035  -0.880309 0.454396 0.136309  0.172549 0.098425
6  -7.250154 -1.188779 19.698456  -0.869224 -0.493718 -0.026314  0.254902 0.129921
6  -7.197643 2.528085 20.446760  -0.918568 0.369024 0.141610  0.172549 0.141732
barney_legs.bmp
6  -7.197643 2.528085 20.446760  -0.918568 0.369024 0.141610  0.172549 0.141732
6  -7.250154 -1.188779 19.698456  -0.869224 -0.493718 -0.026314  0.254902 0.129921
5  -7.117688 -1.459378 22.625751  -0.920057 -0.391701 0.008099  0.254902 0.185039
barney_legs.bmp
3  2.442652 0.216369 13.058780  -0.747005 -0.531993 -0.398707  0.431373 0.019685
3  2.218930 3.543582 13.058578  -0.815399 0.467476 -0.341455  0.400000 0.015748
3  2.950937 0.656244 12.277335  -0.727190 -0.292646 -0.620929  0.431373 0.000000
barney_legs.bmp
3  2.950937 0.656244 12.277335  -0.727190 -0.292646 -0.620929  0.431373 0.000000
3  2.218930 3.543582 13.058578  -0.815399 0.467476 -0.341455  0.400000 0.015748
3  2.951708 3.321088 11.942813  -0.658852 0.575607 -0.484346  0.400000 0.000000
barney_legs.bmp
1  0.420082 4.727039 34.496937  0.000001 0.745896 -0.666062  0.400000 0.389764
2  0.439376 3.800968 33.540306  -0.869109 0.417705 -0.264900  0.400000 0.377953
1  0.420100 -2.322909 34.344501  -0.000008 -0.878738 -0.477305  0.415686 0.385827
barney_legs.bmp
1  0.420100 -2.322909 34.344501  -0.000008 -0.878738 -0.477305  0.415686 0.385827
2  0.439376 3.800968 33.540306  -0.869109 0.417705 -0.264900  0.400000 0.377953
2  0.435653 -2.082598 33.565521  -0.754646 -0.635802 -0.162066  0.419608 0.385827
barney_legs.bmp
28  -12.555716 -5.949765 39.411926  0.790779 -0.570686 0.221328  0.611765 0.641732
29  -12.879255 -6.680056 38.478081  0.927262 -0.354890 -0.119329  0.603922 0.614173
27  -12.904821 -5.338337 38.531006  0.774112 -0.148463 -0.615393  0.647059 0.625984
barney_legs.bmp
27  -12.904821 -5.338337 38.531006  0.774112 -0.148463 -0.615393  0.647059 0.625984
29  -12.879255 -6.680056 38.478081  0.927262 -0.354890 -0.119329  0.603922 0.614173
29  -13.102263 -5.986306 38.028770  0.463022 0.544983 -0.699003  0.627451 0.606299
barney_legs.bmp
28  -12.555716 -5.949765 39.411926  0.790779 -0.570686 0.221328  0.988235 0.653543
27  -12.904821 -5.338337 38.531006  0.774112 -0.148463 -0.615393  0.984314 0.629921
27  -12.321716 -4.373471 39.393978  0.919899 -0.016700 -0.391800  0.949020 0.657480
barney_legs.bmp
27  -12.321716 -4.373471 39.393978  0.919899 -0.016700 -0.391800  0.949020 0.657480
27  -12.904821 -5.338337 38.531006  0.774112 -0.148463 -0.615393  0.984314 0.629921
27  -13.615622 -4.874777 37.422279  0.886684 -0.012378 -0.462209  0.960784 0.590551
barney_legs.bmp
15  13.363758 -5.948068 39.419758  -0.790786 -0.570688 0.221297  0.611765 0.641732
14  13.713518 -5.335767 38.530758  -0.774107 -0.148482 -0.615395  0.647059 0.625984
16  13.688604 -6.686825 38.477764  -0.927259 -0.354884 -0.119368  0.603922 0.614173
barney_legs.bmp
16  13.688604 -6.686825 38.477764  -0.927259 -0.354884 -0.119368  0.603922 0.614173
14  13.713518 -5.335767 38.530758  -0.774107 -0.148482 -0.615395  0.647059 0.625984
16  13.900441 -5.986776 38.034420  -0.463027 0.544986 -0.698997  0.627451 0.606299
barney_legs.bmp
15  13.363758 -5.948068 39.419758  -0.790786 -0.570688 0.221297  0.988235 0.653543
14  13.130412 -4.370905 39.393730  -0.919894 -0.016708 -0.391811  0.949020 0.657480
14  13.713518 -5.335767 38.530758  -0.774107 -0.148482 -0.615395  0.984314 0.629921
barney_legs.bmp
14  13.713518 -5.335767 38.530758  -0.774107 -0.148482 -0.615395  0.984314 0.629921
14  13.130412 -4.370905 39.393730  -0.919894 -0.016708 -0.391811  0.949020 0.657480
14  14.424317 -4.872204 37.422031  -0.886693 -0.012408 -0.462192  0.960784 0.590551
barney_legs.bmp
39  1.345587 -4.908721 63.857620  0.524098 -0.685501 -0.505380  0.211765 0.633858
39  0.905588 -5.339096 64.947472  0.297801 -0.936967 -0.182778  0.180392 0.677165
39  0.665587 -5.428855 64.247444  0.222523 -0.969813 -0.099729  0.168627 0.649606
barney_legs.bmp
39  0.665587 -5.428855 64.247444  0.222523 -0.969813 -0.099729  0.168627 0.649606
39  0.905588 -5.339096 64.947472  0.297801 -0.936967 -0.182778  0.180392 0.677165
39  -0.174412 -5.339096 64.947472  -0.251217 -0.959291 -0.129039  0.117647 0.677165
barney_legs.bmp
38  -3.009883 -1.484806 66.761002  -0.081786 0.735487 -0.672584  0.705882 0.858268
38  -3.079883 -1.577920 66.837357  -0.854109 -0.126857 -0.504386  0.701961 0.862205
38  -3.359881 -0.885855 68.091286  -0.930120 -0.321019 -0.178394  0.745098 0.940945
barney_legs.bmp
38  -3.359881 -0.885855 68.091286  -0.930120 -0.321019 -0.178394  0.745098 0.940945
38  -3.079883 -1.577920 66.837357  -0.854109 -0.126857 -0.504386  0.701961 0.862205
38  -2.839883 -1.913103 66.652550  -0.733874 -0.583667 -0.347509  0.678431 0.850394
barney_legs.bmp
40  6.506667 -5.025946 55.156574  0.187401 -0.941428 0.280346  0.996078 0.842520
40  6.186670 -4.316849 57.776817  0.187385 -0.941445 0.280300  0.996078 1.000000
40  2.706666 -5.855855 54.906288  0.187377 -0.941437 0.280331  0.752941 0.842520
barney_legs.bmp
40  2.706666 -5.855855 54.906288  0.187377 -0.941437 0.280331  0.752941 0.842520
40  6.186670 -4.316849 57.776817  0.187385 -0.941445 0.280300  0.996078 1.000000
40  2.376668 -5.146757 57.526535  0.187350 -0.941452 0.280299  0.752941 1.000000
barney_legs.bmp
40  4.016669 -4.666677 57.286697  0.171806 -0.230308 -0.957831  0.713725 0.736220
40  4.466669 -4.546698 57.346741  0.171806 -0.230308 -0.957831  0.713725 0.712598
40  4.096669 -5.006711 57.386581  0.171806 -0.230308 -0.957831  0.725490 0.732283
barney_legs.bmp
40  4.096669 -5.006711 57.386581  0.171793 -0.230286 -0.957839  0.725490 0.732283
40  4.466669 -4.546698 57.346741  0.171791 -0.230288 -0.957839  0.713725 0.712598
40  4.556669 -4.886729 57.436623  0.171794 -0.230285 -0.957839  0.725490 0.716535
barney_legs.bmp
9  -1.999889 -0.951755 61.992622  -0.730566 -0.611342 -0.304195  0.003922 0.503937
9  -0.399892 -2.510626 61.000839  -0.340683 -0.868734 0.359495  0.101961 0.507874
38  -2.249885 -2.136794 64.743919  -0.933820 -0.218991 -0.282883  0.000000 0.625984
barney_legs.bmp
38  -2.249885 -2.136794 64.743919  -0.933820 -0.218991 -0.282883  0.000000 0.625984
9  -0.399892 -2.510626 61.000839  -0.340683 -0.868734 0.359495  0.101961 0.507874
38  -0.149888 -3.533367 63.590839  -0.279544 -0.464530 -0.840278  0.117647 0.606299
barney_legs.bmp
6  -1.388826 3.543590 13.058696  0.815419 0.467490 -0.341386  0.003922 0.023622
6  -2.121606 3.321093 11.942933  0.658939 0.575604 -0.484232  0.003922 0.000000
6  -4.424797 5.262513 13.265053  0.101624 0.958638 -0.265868  0.082353 0.027559
barney_legs.bmp
6  -7.474960 3.537405 13.439131  -0.746873 0.623846 -0.230211  0.172549 0.023622
6  -4.382085 4.654480 11.780407  -0.172173 0.905817 -0.387106  0.078431 0.000000
6  -6.711918 3.314935 11.941642  -0.845854 0.254123 -0.468990  0.172549 0.000000
barney_legs.bmp
6  -4.432253 -1.505891 13.271515  -0.105957 -0.851308 -0.513856  0.305882 0.023622
6  -6.711138 0.650091 12.276164  -0.617977 -0.523406 -0.586644  0.254902 0.000000
6  -4.380664 -0.683374 12.437906  0.139723 -0.713486 -0.686597  0.305882 0.000000
barney_legs.bmp
6  -1.612538 0.216376 13.058898  0.747025 -0.531966 -0.398705  0.360784 0.019685
6  -4.380664 -0.683374 12.437906  0.139723 -0.713486 -0.686597  0.305882 0.000000
6  -2.130826 0.656260 12.277566  0.727302 -0.292620 -0.620810  0.360784 0.000000
barney_legs.bmp
5  -6.192368 3.360225 37.807709  -0.864506 0.500936 -0.041138  0.172549 0.413386
5  -7.234514 2.654493 28.756186  -0.885251 0.464876 0.014897  0.172549 0.295276
5  -6.405184 -0.774346 38.861717  -0.963497 -0.254623 0.082707  0.254902 0.460630
barney_legs.bmp
5  -0.297074 2.594151 26.707067  0.846802 0.510790 -0.148393  0.003922 0.251969
5  -4.111996 4.234657 21.657879  0.085579 0.996331 0.000317  0.078431 0.165354
5  -3.590350 5.627307 35.067284  -0.175003 0.918072 -0.355693  0.082353 0.393701
barney_legs.bmp
1  -3.459922 6.446414 36.277531  -0.401295 0.869722 -0.287309  0.078431 0.413386
5  -6.192368 3.360225 37.807709  -0.864506 0.500936 -0.041138  0.172549 0.413386
1  -3.289923 6.795692 38.367653  -0.353204 0.935413 -0.015798  0.078431 0.448819
barney_legs.bmp
1  0.420078 6.156424 36.277431  0.000001 0.912486 -0.409109  0.784314 0.413386
1  0.420077 6.755702 38.367638  -0.000012 0.999295 -0.037532  0.784314 0.448819
1  4.120077 6.795711 38.367653  0.360208 0.932710 -0.017398  0.701961 0.448819
barney_legs.bmp
1  0.420078 6.156424 36.277431  0.000001 0.912486 -0.409109  0.784314 0.413386
1  4.380079 5.916734 35.407349  0.314725 0.774602 -0.548580  0.701961 0.397638
1  0.420082 4.727039 34.496937  0.000001 0.745896 -0.666062  0.784314 0.381890
barney_legs.bmp
2  7.105379 -0.774485 38.860130  0.967094 -0.247950 0.057002  0.549020 0.460630
2  4.143562 -3.879808 37.527687  0.297993 -0.953997 -0.033006  0.478431 0.440945
2  7.873277 -1.228863 29.265905  0.892814 -0.448470 0.041926  0.549020 0.299213
barney_legs.bmp
3  8.305066 3.537415 13.438996  0.746872 0.623849 -0.230205  0.623529 0.023622
3  8.379524 3.467650 17.516899  0.880345 0.454328 0.136304  0.623529 0.098425
3  8.078816 0.209699 13.434164  0.857197 -0.424408 -0.291705  0.549020 0.023622
barney_legs.bmp
3  2.124876 -1.160773 19.252060  -0.936961 -0.331703 -0.109901  0.431373 0.122047
3  2.072217 2.564258 20.011908  -0.823826 0.560144 0.086890  0.400000 0.129921
3  1.863090 3.468269 17.161238  -0.893486 0.440607 0.086880  0.400000 0.074803
barney_legs.bmp
1  4.290078 6.446433 36.277531  0.412082 0.865521 -0.284714  0.701961 0.413386
1  4.120077 6.795711 38.367653  0.360208 0.932710 -0.017398  0.701961 0.448819
2  6.892548 3.360085 37.806126  0.871306 0.488352 -0.048365  0.623529 0.413386
barney_legs.bmp
27  -14.767030 -4.917380 37.858791  -0.987422 -0.046201 0.151204  0.807843 0.606299
34  -13.975353 -5.201148 36.422127  0.734720 -0.675316 -0.064308  0.862745 0.570866
27  -13.615622 -4.874777 37.422279  0.886684 -0.012378 -0.462209  0.866667 0.598425
barney_legs.bmp
27  -14.673821 -5.623846 38.182549  -0.360914 -0.863859 0.351409  0.807843 0.606299
31  -13.902432 -6.022013 36.748390  0.727103 -0.685481 -0.037907  0.862745 0.570866
27  -13.540761 -5.677633 37.659595  0.691390 -0.714532 -0.106881  0.866667 0.598425
barney_legs.bmp
29  -13.783678 -6.696814 38.797829  -0.403490 -0.791883 0.458385  0.592157 0.531496
28  -12.555716 -5.949765 39.411926  0.790779 -0.570686 0.221328  0.647059 0.566929
28  -13.763658 -5.941009 39.801285  -0.369534 -0.666501 0.647473  0.592157 0.566929
barney_legs.bmp
29  -14.034174 -6.054250 38.353462  -0.802978 0.449058 -0.391883  0.627451 0.606299
30  -13.412417 -6.657276 37.122623  0.232962 0.198690 -0.951972  0.615686 0.582677
30  -13.970884 -6.688711 37.332687  -0.764762 0.035032 -0.643360  0.615686 0.582677
barney_legs.bmp
33  -15.263752 -6.234411 34.616596  -0.513990 0.558460 -0.651104  0.678431 0.507874
33  -15.208995 -6.774707 34.790901  -0.720117 -0.548884 -0.424450  0.650980 0.507874
32  -15.119873 -5.779307 35.654938  -0.777205 0.615837 -0.129214  0.682353 0.547244
barney_legs.bmp
27  -14.950082 -2.264296 37.237877  -0.828639 0.559333 0.022458  0.807843 0.606299
27  -14.178171 -4.634218 40.409649  -0.890854 -0.248000 0.380626  0.662745 0.657480
27  -13.861282 -1.509732 40.852894  -0.583368 0.600190 0.547224  0.772549 0.692913
barney_legs.bmp
28  -13.763658 -5.941009 39.801285  -0.369534 -0.666501 0.647473  0.611765 0.641732
27  -11.961689 -3.633188 41.180584  0.795199 -0.250005 0.552410  0.596078 0.681102
27  -13.471085 -3.630458 41.744335  -0.316378 -0.236581 0.918659  0.670588 0.685039
barney_legs.bmp
27  -14.673821 -5.623846 38.182549  -0.360914 -0.863859 0.351409  0.654902 0.602362
27  -13.540761 -5.677633 37.659595  0.691390 -0.714532 -0.106881  0.654902 0.602362
27  -12.904821 -5.338337 38.531006  0.774112 -0.148463 -0.615393  0.647059 0.625984
barney_legs.bmp
16  14.583237 -6.703172 38.795513  0.403512 -0.791872 0.458385  0.592157 0.531496
15  14.571700 -5.939310 39.809116  0.369533 -0.666504 0.647470  0.592157 0.566929
15  13.363758 -5.948068 39.419758  -0.790786 -0.570688 0.221297  0.647059 0.566929
barney_legs.bmp
16  14.833733 -6.060607 38.351147  0.802991 0.449057 -0.391859  0.627451 0.606299
17  14.771947 -6.686997 37.324661  0.764761 0.035016 -0.643362  0.615686 0.582677
17  14.213480 -6.655561 37.114601  -0.232935 0.198697 -0.951977  0.615686 0.582677
barney_legs.bmp
14  15.758769 -2.261719 37.237633  0.828637 0.559336 0.022463  0.807843 0.606299
14  14.669972 -1.507164 40.852650  0.583363 0.600198 0.547220  0.772549 0.692913
14  14.976589 -4.641339 40.408768  0.890849 -0.247997 0.380637  0.662745 0.657480
barney_legs.bmp
15  14.571700 -5.939310 39.809116  0.369533 -0.666504 0.647470  0.611765 0.641732
14  14.270284 -3.627932 41.740959  0.316350 -0.236551 0.918676  0.670588 0.685039
14  12.769602 -3.640277 41.182838  -0.795205 -0.250001 0.552403  0.596078 0.681102
barney_legs.bmp
14  15.481736 -5.630922 38.184795  0.360881 -0.863872 0.351413  0.654902 0.602362
14  13.713518 -5.335767 38.530758  -0.774107 -0.148482 -0.615395  0.647059 0.625984
14  14.348675 -5.684712 37.661842  -0.691407 -0.714513 -0.106899  0.654902 0.602362
barney_legs.bmp
39  0.055587 -5.428855 64.247444  -0.225599 -0.954402 -0.195503  0.133333 0.649606
39  -0.614413 -4.908725 63.867622  -0.527271 -0.680827 -0.508390  0.090196 0.633858
39  0.045587 -5.278711 63.827492  -0.198619 -0.710312 -0.675283  0.133333 0.629921
barney_legs.bmp
38  -2.979881 -1.966855 69.033539  0.215604 -0.507547 0.834212  0.419608 1.000000
38  -2.749882 -2.345628 68.740570  -0.894778 -0.412445 0.171061  0.415686 0.988189
38  -2.769881 -1.160308 68.736252  0.457236 0.887689 0.054262  0.450980 0.996063
barney_legs.bmp
38  -2.769881 -1.160308 68.736252  0.457189 0.887704 0.054407  0.521569 0.846457
38  -2.549878 1.086968 68.930794  -0.751067 0.650011 -0.115690  0.603922 0.838583
38  -2.559884 -2.161107 66.684082  -0.951655 -0.195777 -0.236696  0.388235 0.736220
barney_legs.bmp
38  -0.239885 -5.004111 68.521286  -0.213702 -0.976335 -0.033193  0.113725 0.838583
38  -0.129887 -5.450355 67.377235  -0.521951 -0.786351 0.330484  0.121569 0.783465
38  0.090115 -5.288630 68.719147  -0.651049 -0.740026 -0.168809  0.133333 0.842520
barney_legs.bmp
39  0.705588 -5.529334 65.637405  0.150863 -0.963701 -0.220275  0.168627 0.708661
38  1.520112 -5.123625 65.636932  0.441907 -0.892425 -0.091080  0.211765 0.712598
38  0.590112 -5.633402 66.042053  0.226886 -0.954078 -0.195597  0.164706 0.720472
barney_legs.bmp
38  3.710119 -1.966863 69.033531  -0.215597 -0.507547 0.834214  0.419608 1.000000
38  3.500119 -1.160316 68.736244  -0.457161 0.887732 0.054178  0.450980 0.996063
38  3.480118 -2.345635 68.740562  0.894779 -0.412434 0.171083  0.415686 0.988189
barney_legs.bmp
38  3.500119 -1.160316 68.736244  -0.457194 0.887702 0.054395  0.521569 0.846457
38  3.290116 -2.161114 66.684074  0.951618 -0.196676 -0.236098  0.388235 0.736220
38  3.280122 1.086961 68.930786  0.751396 0.649911 -0.114099  0.603922 0.838583
barney_legs.bmp
38  1.250114 -5.107293 68.150543  0.059414 -0.988534 0.138818  0.200000 0.811024
38  0.970115 -5.004112 68.521286  0.213302 -0.976422 -0.033198  0.184314 0.838583
38  0.860113 -5.450357 67.377228  0.521784 -0.786456 0.330497  0.176471 0.783465
barney_legs.bmp
39  0.015588 -5.529333 65.637405  -0.001903 -0.002539 0.999995  0.823529 0.145669
39  -0.224412 -3.619334 65.638062  0.542062 -0.840339 0.000042  0.811765 0.200787
38  -0.789888 -5.123622 65.636932  0.936433 -0.350822 0.004085  0.792157 0.161417
barney_legs.bmp
9  3.860102 -4.397390 58.158680  -0.836561 -0.474153 0.274491  0.807843 0.736220
40  4.016669 -4.666677 57.286697  -0.962851 -0.260285 -0.071906  0.713725 0.736220
40  4.096669 -5.006711 57.386581  -0.599760 -0.750783 0.276789  0.725490 0.732283
barney_legs.bmp
40  4.556669 -4.886729 57.436623  0.813921 -0.409616 0.412005  0.725490 0.716535
40  4.466669 -4.546698 57.346741  0.962848 0.260299 0.071888  0.713725 0.712598
9  4.330102 -4.267459 58.218826  0.878388 -0.042374 0.476066  0.807843 0.712598
barney_legs.bmp
9  0.910106 -3.250548 60.929993  -0.025040 -0.661506 0.749522  0.635294 0.807087
9  0.960106 -3.450023 60.469765  0.486708 -0.873029 -0.030598  0.686275 0.803150
9  3.360110 -1.531876 62.091953  0.407108 -0.773214 0.486214  0.607843 0.862205
barney_legs.bmp
9  2.770111 -0.941716 61.952629  0.738643 -0.607340 -0.292479  0.301961 0.507874
9  2.980114 1.047358 62.764896  0.950169 0.301395 0.079621  0.470588 0.535433
38  2.980115 -2.136800 64.743919  0.936683 -0.215572 -0.275959  0.301961 0.625984
barney_legs.bmp
38  -3.819879 -1.759497 70.534576  -0.000002 0.189985 0.981787  0.996078 0.370079
38  3.960118 -4.139832 70.987175  0.000001 0.189693 0.981843  0.996078 0.169291
38  4.630120 -1.759507 70.534569  0.000001 0.133135 0.991098  0.996078 0.129921
barney_legs.bmp
38  3.450117 -4.477434 69.860352  -0.000000 -0.255535 -0.966800  0.925490 0.181102
38  4.320117 -4.477435 69.860352  0.936446 -0.350787 0.004195  0.949020 0.169291
38  2.200115 -5.988486 70.258499  -0.000000 -0.255628 -0.966775  0.933333 0.220472
barney_legs.bmp
38  -0.759887 -4.572107 65.734558  -0.729003 -0.684511 -0.000010  0.917647 0.263780
39  -0.764412 -4.569299 65.537735  -0.729006 -0.684508 -0.000004  0.905882 0.263780
38  -0.079888 -5.302017 65.740257  -0.524058 -0.851683 0.000001  0.917647 0.251969
barney_legs.bmp
38  -0.759887 -4.508147 65.714333  -0.729009 -0.684504 0.000004  0.890196 0.263780
39  -0.764412 -4.509302 65.547760  -0.729006 -0.684507 -0.000004  0.878431 0.263780
38  -0.079888 -5.238057 65.720024  -0.524049 -0.851688 0.000009  0.890196 0.251969
barney_legs.bmp
38  4.090119 -0.885864 68.091286  0.930128 -0.320973 -0.178432  0.745098 0.940945
38  3.570117 -1.913110 66.652550  0.733878 -0.583667 -0.347500  0.678431 0.850394
38  3.810117 -1.577928 66.837349  0.854114 -0.126827 -0.504385  0.701961 0.862205
barney_legs.bmp
38  0.410127 4.513672 70.051582  0.002727 0.990639 -0.136484  0.996078 0.003937
38  2.600121 2.929640 65.102226  0.495097 0.859973 -0.123797  0.815686 0.039370
38  0.410122 3.767243 64.992119  0.002702 0.990648 -0.136418  0.815686 0.003937
barney_legs.bmp
38  2.730114 -4.643812 67.079941  0.806566 -0.571879 -0.149688  0.286275 0.771654
39  2.275588 -3.918814 64.127960  0.705054 -0.244589 -0.665639  0.266667 0.645669
38  2.980115 -2.136800 64.743919  0.936683 -0.215572 -0.275959  0.301961 0.625984
barney_legs.bmp
39  -1.554412 -3.918814 64.127960  -0.697275 -0.238798 -0.675857  0.266667 0.645669
38  -1.999886 -4.643806 67.079941  -0.806469 -0.571989 -0.149789  0.286275 0.771654
38  -2.249885 -2.136794 64.743919  -0.933820 -0.218991 -0.282883  0.301961 0.625984
barney_legs.bmp
39  -1.554412 -3.918814 64.127960  -0.697275 -0.238798 -0.675857  0.031373 0.645669
39  -0.614413 -4.908725 63.867622  -0.527271 -0.680827 -0.508390  0.090196 0.633858
38  -1.999886 -4.643806 67.079941  -0.806469 -0.571989 -0.149789  0.015686 0.771654
barney_legs.bmp
38  2.200115 -5.988486 70.258499  -0.018990 -0.173001 -0.984739  0.933333 0.220472
38  4.320117 -4.477435 69.860352  -0.000023 -0.379820 -0.925061  0.949020 0.169291
38  2.410114 -7.196835 70.471794  -0.019000 -0.172978 -0.984742  0.956863 0.220472
barney_legs.bmp
38  2.880116 -4.666083 69.071045  0.733891 -0.583679 -0.347452  0.294118 0.866142
38  3.310117 -3.282950 68.713356  0.950957 -0.302004 -0.066885  0.352941 0.834646
38  2.710119 -4.082044 72.282227  0.866912 -0.457364 0.198193  0.282353 1.000000
barney_legs.bmp
38  -2.769881 -1.160308 68.736252  0.457236 0.887689 0.054262  0.521569 0.846457
38  -2.749882 -2.345628 68.740570  -0.894778 -0.412445 0.171061  0.384314 0.834646
38  -1.979881 -4.082039 72.282234  -0.866910 -0.457356 0.198225  0.282353 1.000000
barney_legs.bmp
38  0.630112 -6.345364 67.083359  0.703341 -0.696752 0.140885  0.164706 0.775591
38  1.020113 -5.452445 66.688393  0.576271 -0.782232 -0.236698  0.184314 0.755906
38  1.090113 -5.456339 67.032028  0.573209 -0.817614 0.054205  0.188235 0.767717
barney_body.bmp
9  5.260116 2.067753 62.416061  -0.999994 0.003606 -0.000200  0.737052 0.956693
9  5.190118 4.198334 61.908493  -0.730620 0.366076 0.576352  0.725100 0.937008
9  5.190117 3.768882 61.428001  -0.994154 -0.081253 0.071109  0.737052 0.921260
barney_body.bmp
9  5.190117 3.768882 61.428001  -0.994154 -0.081253 0.071109  0.737052 0.921260
9  5.190118 4.198334 61.908493  -0.730620 0.366076 0.576352  0.725100 0.937008
9  4.870117 4.700754 59.789062  -0.856498 -0.024664 0.515560  0.749004 0.893701
barney_body.bmp
9  5.190118 4.198334 61.908493  -0.730620 0.366076 0.576352  0.725100 0.937008
9  4.870118 5.560822 59.730045  -0.078396 0.569820 0.818022  0.733068 0.881890
9  4.870117 4.700754 59.789062  -0.856498 -0.024664 0.515560  0.749004 0.893701
barney_body.bmp
9  4.870117 4.700754 59.789062  -0.856498 -0.024664 0.515560  0.749004 0.893701
9  4.870118 5.560822 59.730045  -0.078396 0.569820 0.818022  0.733068 0.881890
9  0.420118 5.681456 59.180187  -0.000026 0.068198 0.997672  0.832669 0.881890
barney_body.bmp
9  4.870118 5.560822 59.730045  -0.078396 0.569820 0.818022  0.733068 0.881890
9  0.420119 6.431513 59.131042  0.000002 0.618430 0.785840  0.832669 0.870079
9  0.420118 5.681456 59.180187  -0.000026 0.068198 0.997672  0.832669 0.881890
barney_body.bmp
9  0.420118 5.681456 59.180187  -0.000026 0.068198 0.997672  0.832669 0.881890
9  0.420119 6.431513 59.131042  0.000002 0.618430 0.785840  0.832669 0.870079
9  -4.009882 5.560835 59.730053  0.078417 0.569803 0.818031  0.936255 0.881890
barney_body.bmp
9  0.420119 6.431513 59.131042  0.000002 0.618430 0.785840  0.832669 0.870079
9  -3.799881 6.381724 58.950993  -0.171381 0.826959 0.535506  0.932271 0.866142
9  -4.009882 5.560835 59.730053  0.078417 0.569803 0.818031  0.936255 0.881890
barney_body.bmp
9  -4.009882 5.560835 59.730053  0.078417 0.569803 0.818031  0.936255 0.881890
9  -3.799881 6.381724 58.950993  -0.171381 0.826959 0.535506  0.932271 0.866142
9  -6.909883 5.131501 59.149567  -0.882018 0.406388 0.238521  1.000000 0.870079
barney_body.bmp
9  -3.799881 6.381724 58.950993  -0.171381 0.826959 0.535506  0.932271 0.866142
9  -6.459883 5.822459 58.310356  -0.678213 0.719033 0.151719  0.992032 0.846457
9  -6.909883 5.131501 59.149567  -0.882018 0.406388 0.238521  1.000000 0.870079
barney_body.bmp
9  -6.909883 5.131501 59.149567  -0.882018 0.406388 0.238521  1.000000 0.870079
9  -6.459883 5.822459 58.310356  -0.678213 0.719033 0.151719  0.992032 0.846457
9  -6.429888 5.137481 53.909569  -0.877898 0.431990 -0.206590  1.000000 0.748031
barney_body.bmp
9  -6.459883 5.822459 58.310356  -0.678213 0.719033 0.151719  0.992032 0.846457
9  -5.959888 5.847605 53.800381  -0.596416 0.782323 -0.179608  0.980080 0.748031
9  -6.429888 5.137481 53.909569  -0.877898 0.431990 -0.206590  1.000000 0.748031
barney_body.bmp
9  -6.429888 5.137481 53.909569  -0.877898 0.431990 -0.206590  1.000000 0.748031
9  -5.959888 5.847605 53.800381  -0.596416 0.782323 -0.179608  0.980080 0.748031
9  -5.299889 5.639659 52.000141  -0.394698 0.855586 -0.334943  0.964143 0.708661
barney_body.bmp
9  -5.959888 5.847605 53.800381  -0.596416 0.782323 -0.179608  0.980080 0.748031
9  -3.699882 6.852682 58.111526  -0.137912 0.972086 0.189815  0.928287 0.846457
9  -5.299889 5.639659 52.000141  -0.394698 0.855586 -0.334943  0.964143 0.708661
barney_body.bmp
9  -5.299889 5.639659 52.000141  -0.394698 0.855586 -0.334943  0.964143 0.708661
9  -3.699882 6.852682 58.111526  -0.137912 0.972086 0.189815  0.928287 0.846457
9  0.430118 7.473669 57.242229  -0.002498 0.995003 0.099818  0.832669 0.822835
barney_body.bmp
9  -3.699882 6.852682 58.111526  -0.137912 0.972086 0.189815  0.928287 0.846457
9  0.430118 6.972882 57.931660  -0.001699 0.865429 0.501028  0.832669 0.838583
9  0.430118 7.473669 57.242229  -0.002498 0.995003 0.099818  0.832669 0.822835
barney_body.bmp
9  0.430118 7.473669 57.242229  -0.002498 0.995003 0.099818  0.832669 0.822835
9  0.430118 6.972882 57.931660  -0.001699 0.865429 0.501028  0.832669 0.838583
9  4.560118 6.872670 58.111542  0.135918 0.970993 0.196721  0.741036 0.846457
barney_body.bmp
9  0.430118 6.972882 57.931660  -0.001699 0.865429 0.501028  0.832669 0.838583
9  4.660118 6.381712 58.950981  0.194668 0.856650 0.477761  0.737052 0.862205
9  4.560118 6.872670 58.111542  0.135918 0.970993 0.196721  0.741036 0.846457
barney_body.bmp
9  4.560118 6.872670 58.111542  0.135918 0.970993 0.196721  0.741036 0.846457
9  4.660118 6.381712 58.950981  0.194668 0.856650 0.477761  0.737052 0.862205
9  6.840117 6.393295 57.560993  0.426876 0.884203 0.189637  0.689243 0.834646
barney_body.bmp
9  4.660118 6.381712 58.950981  0.194668 0.856650 0.477761  0.737052 0.862205
9  7.320117 5.822439 58.310341  0.701269 0.705360 0.103393  0.677291 0.846457
9  6.840117 6.393295 57.560993  0.426876 0.884203 0.189637  0.689243 0.834646
barney_body.bmp
9  6.840117 6.393295 57.560993  0.426876 0.884203 0.189637  0.689243 0.834646
9  7.320117 5.822439 58.310341  0.701269 0.705360 0.103393  0.677291 0.846457
9  6.820113 5.867587 53.800388  0.606278 0.774703 -0.179619  0.689243 0.744094
barney_body.bmp
9  7.320117 5.822439 58.310341  0.701269 0.705360 0.103393  0.677291 0.846457
9  7.290112 5.137461 53.909557  0.813039 0.526418 -0.248699  0.669323 0.748031
9  6.820113 5.867587 53.800388  0.606278 0.774703 -0.179619  0.689243 0.744094
barney_body.bmp
9  6.820113 5.867587 53.800388  0.606278 0.774703 -0.179619  0.689243 0.744094
9  7.290112 5.137461 53.909557  0.813039 0.526418 -0.248699  0.669323 0.748031
9  6.160110 5.659642 52.000153  0.397901 0.852205 -0.339737  0.709163 0.708661
barney_body.bmp
9  7.290112 5.137461 53.909557  0.813039 0.526418 -0.248699  0.669323 0.748031
8  6.510109 4.781146 51.244926  0.359435 0.674400 -0.644974  0.697211 0.688976
9  6.160110 5.659642 52.000153  0.397901 0.852205 -0.339737  0.709163 0.708661
barney_body.bmp
9  6.160110 5.659642 52.000153  0.397901 0.852205 -0.339737  0.709163 0.708661
8  6.510109 4.781146 51.244926  0.359435 0.674400 -0.644974  0.697211 0.688976
9  0.430112 6.589787 51.881218  -0.001499 0.811744 -0.584012  0.832669 0.704724
barney_body.bmp
8  6.510109 4.781146 51.244926  0.359435 0.674400 -0.644974  0.697211 0.688976
8  0.430110 5.811154 51.246105  -0.001018 0.989518 0.144406  0.832669 0.688976
9  0.430112 6.589787 51.881218  -0.001499 0.811744 -0.584012  0.832669 0.704724
barney_body.bmp
9  0.430112 6.589787 51.881218  -0.001499 0.811744 -0.584012  0.832669 0.704724
8  0.430110 5.811154 51.246105  -0.001018 0.989518 0.144406  0.832669 0.688976
8  -5.649892 4.781164 51.244938  -0.706902 0.640176 -0.300775  0.972112 0.688976
barney_body.bmp
8  0.430110 5.811154 51.246105  -0.001018 0.989518 0.144406  0.832669 0.688976
8  -5.179891 5.492190 50.345749  -0.469688 0.870154 0.149079  0.960159 0.669291
8  -5.649892 4.781164 51.244938  -0.706902 0.640176 -0.300775  0.972112 0.688976
barney_body.bmp
8  -5.649892 4.781164 51.244938  -0.706902 0.640176 -0.300775  0.972112 0.688976
8  -5.179891 5.492190 50.345749  -0.469688 0.870154 0.149079  0.960159 0.669291
8  -4.789895 4.955031 47.855133  -0.654537 0.747602 -0.112573  0.952191 0.614173
barney_body.bmp
8  -5.179891 5.492190 50.345749  -0.469688 0.870154 0.149079  0.960159 0.669291
8  -4.409893 5.624003 48.755898  -0.285388 0.934148 -0.214291  0.944223 0.633858
8  -4.789895 4.955031 47.855133  -0.654537 0.747602 -0.112573  0.952191 0.614173
barney_body.bmp
8  -4.789895 4.955031 47.855133  -0.654537 0.747602 -0.112573  0.952191 0.614173
8  -4.409893 5.624003 48.755898  -0.285388 0.934148 -0.214291  0.944223 0.633858
8  0.430108 6.344018 48.736713  -0.001703 0.920837 -0.389943  0.832669 0.633858
barney_body.bmp
8  -4.409893 5.624003 48.755898  -0.285388 0.934148 -0.214291  0.944223 0.633858
8  0.430110 6.342135 50.386711  -0.002361 0.982546 0.186003  0.832669 0.669291
8  0.430108 6.344018 48.736713  -0.001703 0.920837 -0.389943  0.832669 0.633858
barney_body.bmp
8  0.430108 6.344018 48.736713  -0.001703 0.920837 -0.389943  0.832669 0.633858
8  0.430110 6.342135 50.386711  -0.002361 0.982546 0.186003  0.832669 0.669291
8  5.280107 5.653989 48.755920  0.286036 0.932428 -0.220822  0.721116 0.633858
barney_body.bmp
8  0.430110 6.342135 50.386711  -0.002361 0.982546 0.186003  0.832669 0.669291
8  6.050109 5.512173 50.345760  0.474677 0.866973 0.151789  0.705179 0.669291
8  5.280107 5.653989 48.755920  0.286036 0.932428 -0.220822  0.721116 0.633858
barney_body.bmp
8  5.280107 5.653989 48.755920  0.286036 0.932428 -0.220822  0.721116 0.633858
8  6.050109 5.512173 50.345760  0.474677 0.866973 0.151789  0.705179 0.669291
8  5.650105 4.955016 47.855122  0.509257 0.736578 -0.445095  0.717131 0.614173
barney_body.bmp
8  6.050109 5.512173 50.345760  0.474677 0.866973 0.151789  0.705179 0.669291
8  6.510109 4.781146 51.244926  0.669020 0.706154 0.231860  0.697211 0.688976
8  5.650105 4.955016 47.855122  0.509257 0.736578 -0.445095  0.717131 0.614173
barney_body.bmp
26  -13.715033 -3.995876 41.715778  -0.690657 -0.612314 0.384791  0.601594 0.003937
26  -13.986896 -2.154183 43.418941  -0.914786 0.001933 0.403935  0.561753 0.047244
26  -14.398675 -2.830653 41.251034  -0.977911 -0.035410 0.205999  0.561753 0.007874
barney_body.bmp
26  -14.398675 -2.830653 41.251034  -0.977911 -0.035410 0.205999  0.561753 0.007874
26  -13.986896 -2.154183 43.418941  -0.914786 0.001933 0.403935  0.561753 0.047244
26  -13.922013 -0.492123 42.117615  -0.396867 0.674229 0.622826  0.521912 0.035433
barney_body.bmp
26  -13.986896 -2.154183 43.418941  -0.914786 0.001933 0.403935  0.561753 0.047244
26  -13.644844 -0.885450 42.262428  -0.317540 0.809133 0.494442  0.525896 0.043307
26  -13.922013 -0.492123 42.117615  -0.396867 0.674229 0.622826  0.521912 0.035433
barney_body.bmp
26  -13.922013 -0.492123 42.117615  -0.396867 0.674229 0.622826  0.521912 0.035433
26  -13.644844 -0.885450 42.262428  -0.317540 0.809133 0.494442  0.525896 0.043307
26  -12.558231 -0.396038 41.653538  -0.002526 0.955821 0.293937  0.498008 0.043307
barney_body.bmp
26  -13.644844 -0.885450 42.262428  -0.317540 0.809133 0.494442  0.525896 0.043307
26  -12.810287 1.229490 45.947525  -0.809617 0.582923 -0.068707  0.529880 0.114173
26  -12.558231 -0.396038 41.653538  -0.002526 0.955821 0.293937  0.498008 0.043307
barney_body.bmp
26  -12.558231 -0.396038 41.653538  -0.002526 0.955821 0.293937  0.498008 0.043307
26  -12.810287 1.229490 45.947525  -0.809617 0.582923 -0.068707  0.529880 0.114173
26  -11.346409 1.928519 45.170017  -0.163852 0.883671 -0.438496  0.494024 0.114173
barney_body.bmp
26  -12.810287 1.229490 45.947525  -0.809617 0.582923 -0.068707  0.529880 0.114173
26  -11.756906 2.467506 48.616344  -0.726598 0.686201 0.034396  0.525896 0.185039
26  -11.346409 1.928519 45.170017  -0.163852 0.883671 -0.438496  0.494024 0.114173
barney_body.bmp
26  -11.346409 1.928519 45.170017  -0.163852 0.883671 -0.438496  0.494024 0.114173
26  -11.756906 2.467506 48.616344  -0.726598 0.686201 0.034396  0.525896 0.185039
26  -10.448796 3.213468 47.844601  -0.101381 0.969763 -0.221994  0.498008 0.181102
barney_body.bmp
26  -11.756906 2.467506 48.616344  -0.726598 0.686201 0.034396  0.525896 0.185039
25  -11.519407 2.513638 49.465206  -0.736071 0.652892 0.178692  0.525896 0.200787
26  -10.448796 3.213468 47.844601  -0.101381 0.969763 -0.221994  0.498008 0.181102
barney_body.bmp
26  -10.448796 3.213468 47.844601  -0.101381 0.969763 -0.221994  0.498008 0.181102
25  -11.519407 2.513638 49.465206  -0.736071 0.652892 0.178692  0.525896 0.200787
25  -10.171131 3.261445 48.783489  0.016390 0.996109 -0.086591  0.498008 0.200787
barney_body.bmp
25  -11.519407 2.513638 49.465206  -0.736071 0.652892 0.178692  0.525896 0.200787
25  -8.783175 3.178837 58.216400  -0.710090 0.660891 0.242889  0.533865 0.354331
25  -10.171131 3.261445 48.783489  0.016390 0.996109 -0.086591  0.498008 0.200787
barney_body.bmp
25  -10.171131 3.261445 48.783489  0.016390 0.996109 -0.086591  0.498008 0.200787
25  -8.783175 3.178837 58.216400  -0.710090 0.660891 0.242889  0.533865 0.354331
25  -6.817437 4.188605 58.031090  -0.061802 0.989296 0.132185  0.498008 0.362205
barney_body.bmp
25  -8.783175 3.178837 58.216400  -0.710090 0.660891 0.242889  0.533865 0.354331
25  -7.730734 3.181019 60.070709  -0.634197 0.571005 0.521293  0.529880 0.389764
25  -6.817437 4.188605 58.031090  -0.061802 0.989296 0.132185  0.498008 0.362205
barney_body.bmp
25  -6.817437 4.188605 58.031090  -0.061802 0.989296 0.132185  0.498008 0.362205
25  -7.730734 3.181019 60.070709  -0.634197 0.571005 0.521293  0.529880 0.389764
9  -6.439884 3.179333 61.047340  -0.129696 0.597222 0.791521  0.505976 0.421260
barney_body.bmp
25  -7.730734 3.181019 60.070709  -0.634197 0.571005 0.521293  0.529880 0.389764
25  -7.714873 0.964586 61.178532  -0.570766 -0.028120 0.820631  0.561753 0.413386
9  -6.439884 3.179333 61.047340  -0.129696 0.597222 0.791521  0.505976 0.421260
barney_body.bmp
9  -6.439884 3.179333 61.047340  -0.129696 0.597222 0.791521  0.505976 0.421260
25  -7.714873 0.964586 61.178532  -0.570766 -0.028120 0.820631  0.561753 0.413386
9  -6.549886 0.958525 61.754807  -0.103009 -0.054585 0.993182  0.561753 0.433071
barney_body.bmp
25  -7.714873 0.964586 61.178532  -0.570766 -0.028120 0.820631  0.561753 0.413386
9  -6.439891 -1.270356 60.772263  -0.100998 -0.643649 0.758628  0.617530 0.417323
9  -6.549886 0.958525 61.754807  -0.103009 -0.054585 0.993182  0.561753 0.433071
barney_body.bmp
9  -6.549886 0.958525 61.754807  -0.103009 -0.054585 0.993182  0.561753 0.433071
9  -6.439891 -1.270356 60.772263  -0.100998 -0.643649 0.758628  0.617530 0.417323
25  -3.922923 0.959486 61.088585  0.584389 -0.057208 0.809455  0.657371 0.448819
barney_body.bmp
9  -6.439891 -1.270356 60.772263  -0.100998 -0.643649 0.758628  0.617530 0.417323
25  -4.507033 -1.269716 60.277611  0.598802 -0.731511 0.326079  0.653386 0.421260
25  -3.922923 0.959486 61.088585  0.584389 -0.057208 0.809455  0.657371 0.448819
barney_body.bmp
25  -3.922923 0.959486 61.088585  0.584389 -0.057208 0.809455  0.657371 0.448819
25  -4.507033 -1.269716 60.277611  0.598802 -0.731511 0.326079  0.653386 0.421260
25  -3.251695 0.963944 56.634289  0.986879 -0.015591 -0.160708  0.697211 0.362205
barney_body.bmp
25  -4.507033 -1.269716 60.277611  0.598802 -0.731511 0.326079  0.653386 0.421260
25  -4.482236 -1.270300 57.026108  0.642817 -0.721522 -0.257281  0.681275 0.362205
25  -3.251695 0.963944 56.634289  0.986879 -0.015591 -0.160708  0.697211 0.362205
barney_body.bmp
25  -3.251695 0.963944 56.634289  0.986879 -0.015591 -0.160708  0.697211 0.362205
25  -4.482236 -1.270300 57.026108  0.642817 -0.721522 -0.257281  0.681275 0.362205
25  -6.162863 1.007013 52.874149  0.876605 -0.022101 -0.480702  0.689243 0.275591
barney_body.bmp
25  -4.482236 -1.270300 57.026108  0.642817 -0.721522 -0.257281  0.681275 0.362205
25  -8.406559 -0.828216 49.157330  0.754214 -0.640510 -0.144596  0.653386 0.196850
25  -6.162863 1.007013 52.874149  0.876605 -0.022101 -0.480702  0.689243 0.275591
barney_body.bmp
25  -6.162863 1.007013 52.874149  0.876605 -0.022101 -0.480702  0.689243 0.275591
25  -8.406559 -0.828216 49.157330  0.754214 -0.640510 -0.144596  0.653386 0.196850
25  -7.845609 0.737256 48.885056  0.950554 -0.097066 -0.295000  0.681275 0.192913
barney_body.bmp
25  -8.406559 -0.828216 49.157330  0.754214 -0.640510 -0.144596  0.653386 0.196850
26  -8.613019 -1.091859 48.438305  0.790376 -0.609890 -0.057792  0.653386 0.181102
25  -7.845609 0.737256 48.885056  0.950554 -0.097066 -0.295000  0.681275 0.192913
barney_body.bmp
25  -7.845609 0.737256 48.885056  0.950554 -0.097066 -0.295000  0.681275 0.192913
26  -8.613019 -1.091859 48.438305  0.790376 -0.609890 -0.057792  0.653386 0.181102
26  -8.183386 0.691115 47.699509  0.953665 0.064874 -0.293793  0.677291 0.173228
barney_body.bmp
26  -8.613019 -1.091859 48.438305  0.790376 -0.609890 -0.057792  0.653386 0.181102
26  -8.985337 -0.446302 45.281212  0.919951 -0.001997 -0.392029  0.677291 0.114173
26  -8.183386 0.691115 47.699509  0.953665 0.064874 -0.293793  0.677291 0.173228
barney_body.bmp
13  9.794195 -0.442231 45.280445  -0.919955 -0.001932 -0.392021  0.976096 0.114173
13  9.421882 -1.087794 48.437538  -0.790389 -0.609872 -0.057807  0.952191 0.185039
13  8.990982 0.686093 47.702724  -0.953665 0.064902 -0.293786  0.976096 0.177165
barney_body.bmp
13  8.990982 0.686093 47.702724  -0.953665 0.064902 -0.293786  0.976096 0.177165
13  9.421882 -1.087794 48.437538  -0.790389 -0.609872 -0.057807  0.952191 0.185039
12  8.654202 0.737356 48.885159  -0.950554 -0.097093 -0.294990  0.980080 0.196850
barney_body.bmp
13  9.421882 -1.087794 48.437538  -0.790389 -0.609872 -0.057807  0.952191 0.185039
12  9.215139 -0.838112 49.157650  -0.754221 -0.640505 -0.144585  0.952191 0.196850
12  8.654202 0.737356 48.885159  -0.950554 -0.097093 -0.294990  0.980080 0.196850
barney_body.bmp
12  8.654202 0.737356 48.885159  -0.950554 -0.097093 -0.294990  0.980080 0.196850
12  9.215139 -0.838112 49.157650  -0.754221 -0.640505 -0.144585  0.952191 0.196850
12  6.971460 1.007103 52.874260  -0.876616 -0.022086 -0.480683  0.988048 0.275591
barney_body.bmp
12  9.215139 -0.838112 49.157650  -0.754221 -0.640505 -0.144585  0.952191 0.196850
12  5.290845 -1.270222 57.026215  -0.642816 -0.721516 -0.257298  0.980080 0.362205
12  6.971460 1.007103 52.874260  -0.876616 -0.022086 -0.480683  0.988048 0.275591
barney_body.bmp
12  6.971460 1.007103 52.874260  -0.876616 -0.022086 -0.480683  0.988048 0.275591
12  5.290845 -1.270222 57.026215  -0.642816 -0.721516 -0.257298  0.980080 0.362205
12  4.050798 0.963968 56.631275  -0.986879 -0.015603 -0.160708  0.996016 0.362205
barney_body.bmp
12  5.290845 -1.270222 57.026215  -0.642816 -0.721516 -0.257298  0.980080 0.362205
12  5.312519 -1.269431 60.287216  -0.598791 -0.731501 0.326122  0.952191 0.421260
12  4.050798 0.963968 56.631275  -0.986879 -0.015603 -0.160708  0.996016 0.362205
barney_body.bmp
12  4.050798 0.963968 56.631275  -0.986879 -0.015603 -0.160708  0.996016 0.362205
12  5.312519 -1.269431 60.287216  -0.598791 -0.731501 0.326122  0.952191 0.421260
12  4.731530 0.959556 61.088696  -0.584399 -0.057176 0.809449  0.956175 0.448819
barney_body.bmp
12  5.312519 -1.269431 60.287216  -0.598791 -0.731501 0.326122  0.952191 0.421260
9  7.240109 -1.270376 60.772247  0.101000 -0.643631 0.758642  0.916335 0.421260
12  4.731530 0.959556 61.088696  -0.584399 -0.057176 0.809449  0.956175 0.448819
barney_body.bmp
12  4.731530 0.959556 61.088696  -0.584399 -0.057176 0.809449  0.956175 0.448819
9  7.240109 -1.270376 60.772247  0.101000 -0.643631 0.758642  0.916335 0.421260
9  7.350113 0.958504 61.754791  0.111854 -0.049104 0.992511  0.860558 0.433071
barney_body.bmp
9  7.240109 -1.270376 60.772247  0.101000 -0.643631 0.758642  0.916335 0.421260
12  8.523480 0.964666 61.178638  0.570829 -0.028084 0.820588  0.860558 0.417323
9  7.350113 0.958504 61.754791  0.111854 -0.049104 0.992511  0.860558 0.433071
barney_body.bmp
9  7.350113 0.958504 61.754791  0.111854 -0.049104 0.992511  0.860558 0.433071
12  8.523480 0.964666 61.178638  0.570829 -0.028084 0.820588  0.860558 0.417323
9  7.240116 3.179313 61.047325  0.129700 0.597216 0.791525  0.804781 0.421260
barney_body.bmp
12  8.523480 0.964666 61.178638  0.570829 -0.028084 0.820588  0.860558 0.417323
12  8.539333 3.181102 60.070820  0.634173 0.571035 0.521291  0.828685 0.393701
9  7.240116 3.179313 61.047325  0.129700 0.597216 0.791525  0.804781 0.421260
barney_body.bmp
9  7.240116 3.179313 61.047325  0.129700 0.597216 0.791525  0.804781 0.421260
12  8.539333 3.181102 60.070820  0.634173 0.571035 0.521291  0.828685 0.393701
12  7.626031 4.188688 58.031200  0.061784 0.989300 0.132165  0.796813 0.362205
barney_body.bmp
12  8.539333 3.181102 60.070820  0.634173 0.571035 0.521291  0.828685 0.393701
12  9.582274 3.178874 58.213387  0.710091 0.660889 0.242892  0.832669 0.358268
12  7.626031 4.188688 58.031200  0.061784 0.989300 0.132165  0.796813 0.362205
barney_body.bmp
12  7.626031 4.188688 58.031200  0.061784 0.989300 0.132165  0.796813 0.362205
12  9.582274 3.178874 58.213387  0.710091 0.660889 0.242892  0.832669 0.358268
12  10.979717 3.261552 48.783596  -0.016364 0.996110 -0.086589  0.796813 0.200787
barney_body.bmp
12  9.582274 3.178874 58.213387  0.710091 0.660889 0.242892  0.832669 0.358268
12  12.318497 2.513697 49.462185  0.736047 0.652908 0.178732  0.824701 0.200787
12  10.979717 3.261552 48.783596  -0.016364 0.996110 -0.086589  0.796813 0.200787
barney_body.bmp
12  10.979717 3.261552 48.783596  -0.016364 0.996110 -0.086589  0.796813 0.200787
12  12.318497 2.513697 49.462185  0.736047 0.652908 0.178732  0.824701 0.200787
13  11.248148 3.217489 47.840714  0.101384 0.969761 -0.222002  0.796813 0.181102
barney_body.bmp
12  12.318497 2.513697 49.462185  0.736047 0.652908 0.178732  0.824701 0.200787
13  12.565759 2.471580 48.615582  0.726613 0.686184 0.034425  0.824701 0.185039
13  11.248148 3.217489 47.840714  0.101384 0.969761 -0.222002  0.796813 0.181102
barney_body.bmp
13  11.248148 3.217489 47.840714  0.101384 0.969761 -0.222002  0.796813 0.181102
13  12.565759 2.471580 48.615582  0.726613 0.686184 0.034425  0.824701 0.185039
13  12.155260 1.932597 45.169254  0.163747 0.883694 -0.438488  0.792829 0.114173
barney_body.bmp
13  12.565759 2.471580 48.615582  0.726613 0.686184 0.034425  0.824701 0.185039
13  13.619141 1.233572 45.946758  0.809622 0.582917 -0.068708  0.828685 0.114173
13  12.155260 1.932597 45.169254  0.163747 0.883694 -0.438488  0.792829 0.114173
barney_body.bmp
13  12.155260 1.932597 45.169254  0.163747 0.883694 -0.438488  0.792829 0.114173
13  13.619141 1.233572 45.946758  0.809622 0.582917 -0.068708  0.828685 0.114173
13  13.367084 -0.391951 41.652767  0.002544 0.955820 0.293940  0.796813 0.043307
barney_body.bmp
13  13.619141 1.233572 45.946758  0.809622 0.582917 -0.068708  0.828685 0.114173
13  14.452438 -0.890448 42.265636  0.317553 0.809123 0.494449  0.824701 0.043307
13  13.367084 -0.391951 41.652767  0.002544 0.955820 0.293940  0.796813 0.043307
barney_body.bmp
13  13.367084 -0.391951 41.652767  0.002544 0.955820 0.293940  0.796813 0.043307
13  14.452438 -0.890448 42.265636  0.317553 0.809123 0.494449  0.824701 0.043307
13  14.721368 -0.488083 42.113716  0.396881 0.674239 0.622806  0.820717 0.035433
barney_body.bmp
13  14.452438 -0.890448 42.265636  0.317553 0.809123 0.494449  0.824701 0.043307
13  14.786258 -2.150145 43.415039  0.914795 0.001918 0.403914  0.860558 0.047244
13  14.721368 -0.488083 42.113716  0.396881 0.674239 0.622806  0.820717 0.035433
barney_body.bmp
13  14.721368 -0.488083 42.113716  0.396881 0.674239 0.622806  0.820717 0.035433
13  14.786258 -2.150145 43.415039  0.914795 0.001918 0.403914  0.860558 0.047244
13  15.207535 -2.826561 41.250256  0.977909 -0.035427 0.206006  0.860558 0.007874
barney_body.bmp
13  14.786258 -2.150145 43.415039  0.914795 0.001918 0.403914  0.860558 0.047244
13  14.523896 -3.991786 41.715004  0.690661 -0.612310 0.384791  0.896414 0.003937
13  15.207535 -2.826561 41.250256  0.977909 -0.035427 0.206006  0.860558 0.007874
barney_body.bmp
7  -2.776177 -5.813806 1.365766  0.791048 -0.602502 0.105993  0.290837 0.125984
7  -2.936176 -5.574197 2.495849  0.707904 -0.556990 0.434320  0.270916 0.145669
7  -4.276176 -6.593890 1.605498  0.047201 -0.979686 0.194901  0.286853 0.074803
barney_body.bmp
7  -4.276176 -6.593890 1.605498  0.047201 -0.979686 0.194901  0.286853 0.074803
7  -2.936176 -5.574197 2.495849  0.707904 -0.556990 0.434320  0.270916 0.145669
7  -4.286176 -6.234332 2.885622  0.036010 -0.677857 0.734312  0.270916 0.094488
barney_body.bmp
7  -2.936176 -5.574197 2.495849  0.707904 -0.556990 0.434320  0.270916 0.145669
7  -2.986177 -4.684355 2.956157  0.572895 -0.232403 0.785990  0.258964 0.133858
7  -4.286176 -6.234332 2.885622  0.036010 -0.677857 0.734312  0.270916 0.094488
barney_body.bmp
7  -4.286176 -6.234332 2.885622  0.036010 -0.677857 0.734312  0.270916 0.094488
7  -2.986177 -4.684355 2.956157  0.572895 -0.232403 0.785990  0.258964 0.133858
7  -4.306176 -5.344494 3.355930  0.023706 -0.234596 0.971804  0.250996 0.110236
barney_body.bmp
7  -2.986177 -4.684355 2.956157  0.572895 -0.232403 0.785990  0.258964 0.133858
7  -3.376177 -3.884456 3.246433  0.398267 -0.184698 0.898482  0.239044 0.145669
7  -4.306176 -5.344494 3.355930  0.023706 -0.234596 0.971804  0.250996 0.110236
barney_body.bmp
7  -4.306176 -5.344494 3.355930  0.023706 -0.234596 0.971804  0.250996 0.110236
7  -3.376177 -3.884456 3.246433  0.398267 -0.184698 0.898482  0.239044 0.145669
7  -5.296177 -3.934458 3.246418  -0.337950 -0.208610 0.917753  0.199203 0.110236
barney_body.bmp
7  -3.376177 -3.884456 3.246433  0.398267 -0.184698 0.898482  0.239044 0.145669
7  -4.386178 -1.464933 4.627270  0.036003 -0.677777 0.734386  0.175299 0.141732
7  -5.296177 -3.934458 3.246418  -0.337950 -0.208610 0.917753  0.199203 0.110236
barney_body.bmp
7  -5.296177 -3.934458 3.246418  -0.337950 -0.208610 0.917753  0.199203 0.110236
7  -4.386178 -1.464933 4.627270  0.036003 -0.677777 0.734386  0.175299 0.141732
7  -5.946180 -0.714752 4.097530  -0.830652 -0.292452 0.473803  0.143426 0.125984
barney_body.bmp
7  -4.386178 -1.464933 4.627270  0.036003 -0.677777 0.734386  0.175299 0.141732
6  -5.973446 0.824722 6.686968  -0.829782 -0.543030 0.128763  0.095618 0.169291
7  -5.946180 -0.714752 4.097530  -0.830652 -0.292452 0.473803  0.143426 0.125984
barney_body.bmp
7  -5.946180 -0.714752 4.097530  -0.830652 -0.292452 0.473803  0.143426 0.125984
6  -5.973446 0.824722 6.686968  -0.829782 -0.543030 0.128763  0.095618 0.169291
7  -6.266182 2.615085 4.568680  -0.996227 0.062705 0.060001  0.047809 0.125984
barney_body.bmp
6  -5.973446 0.824722 6.686968  -0.829782 -0.543030 0.128763  0.095618 0.169291
6  -5.971833 3.380019 6.577154  -0.924106 0.382020 0.009415  0.035857 0.169291
7  -6.266182 2.615085 4.568680  -0.996227 0.062705 0.060001  0.047809 0.125984
barney_body.bmp
7  -6.266182 2.615085 4.568680  -0.996227 0.062705 0.060001  0.047809 0.125984
6  -5.971833 3.380019 6.577154  -0.924106 0.382020 0.009415  0.035857 0.169291
7  -5.936184 4.015376 3.729164  -0.732591 0.671445 0.111679  0.019920 0.102362
barney_body.bmp
6  -5.971833 3.380019 6.577154  -0.924106 0.382020 0.009415  0.035857 0.169291
6  -4.321271 4.234830 6.533066  0.005228 0.996899 0.078520  0.015936 0.165354
7  -5.936184 4.015376 3.729164  -0.732591 0.671445 0.111679  0.019920 0.102362
barney_body.bmp
7  -5.936184 4.015376 3.729164  -0.732591 0.671445 0.111679  0.019920 0.102362
6  -4.321271 4.234830 6.533066  0.005228 0.996899 0.078520  0.015936 0.165354
7  -4.396185 4.895367 3.759466  -0.003999 0.997062 0.076494  0.003984 0.106299
barney_body.bmp
6  -4.321271 4.234830 6.533066  0.005228 0.996899 0.078520  0.015936 0.165354
7  -2.846184 4.055379 3.729175  0.721198 0.684802 0.104498  0.019920 0.102362
7  -4.396185 4.895367 3.759466  -0.003999 0.997062 0.076494  0.003984 0.106299
barney_body.bmp
7  -4.396185 4.895367 3.759466  -0.003999 0.997062 0.076494  0.003984 0.106299
7  -2.846184 4.055379 3.729175  0.721198 0.684802 0.104498  0.019920 0.102362
7  -2.666186 3.936038 1.819133  0.882713 0.469407 -0.021800  0.019920 0.055118
barney_body.bmp
7  -2.846184 4.055379 3.729175  0.721198 0.684802 0.104498  0.019920 0.102362
7  -2.506182 2.675096 4.548698  0.998203 0.036011 0.047894  0.047809 0.125984
7  -2.666186 3.936038 1.819133  0.882713 0.469407 -0.021800  0.019920 0.055118
barney_body.bmp
7  -2.666186 3.936038 1.819133  0.882713 0.469407 -0.021800  0.019920 0.055118
7  -2.506182 2.675096 4.548698  0.998203 0.036011 0.047894  0.047809 0.125984
7  -2.616182 1.065593 3.108142  0.998376 -0.025229 0.051085  0.083665 0.094488
barney_body.bmp
7  -2.506182 2.675096 4.548698  0.998203 0.036011 0.047894  0.047809 0.125984
7  -3.006180 -0.474749 4.097610  0.866187 -0.284001 0.411172  0.143426 0.125984
7  -2.616182 1.065593 3.108142  0.998376 -0.025229 0.051085  0.083665 0.094488
barney_body.bmp
7  -2.616182 1.065593 3.108142  0.998376 -0.025229 0.051085  0.083665 0.094488
7  -3.006180 -0.474749 4.097610  0.866187 -0.284001 0.411172  0.143426 0.125984
7  -2.366179 -3.434141 2.336588  0.934517 -0.079518 0.346922  0.195219 0.078740
barney_body.bmp
4  5.106269 -6.593877 1.605483  -0.047505 -0.979672 0.194901  0.286853 0.074803
4  5.116271 -6.234320 2.885607  -0.036005 -0.677857 0.734312  0.270916 0.094488
4  3.766270 -5.574187 2.495837  -0.707908 -0.556987 0.434317  0.270916 0.145669
barney_body.bmp
4  3.766270 -5.574187 2.495837  -0.707908 -0.556987 0.434317  0.270916 0.145669
4  5.116271 -6.234320 2.885607  -0.036005 -0.677857 0.734312  0.270916 0.094488
4  3.816270 -4.684345 2.956144  -0.572891 -0.232397 0.785995  0.258964 0.133858
barney_body.bmp
4  5.116271 -6.234320 2.885607  -0.036005 -0.677857 0.734312  0.270916 0.094488
4  5.136271 -5.344482 3.355914  -0.023701 -0.234596 0.971804  0.250996 0.110236
4  3.816270 -4.684345 2.956144  -0.572891 -0.232397 0.785995  0.258964 0.133858
barney_body.bmp
4  3.816270 -4.684345 2.956144  -0.572891 -0.232397 0.785995  0.258964 0.133858
4  5.136271 -5.344482 3.355914  -0.023701 -0.234596 0.971804  0.250996 0.110236
4  4.206270 -3.884445 3.246420  -0.398263 -0.184696 0.898484  0.239044 0.145669
barney_body.bmp
4  5.136271 -5.344482 3.355914  -0.023701 -0.234596 0.971804  0.250996 0.110236
4  6.126270 -3.934443 3.246399  0.337953 -0.208608 0.917753  0.199203 0.110236
4  4.206270 -3.884445 3.246420  -0.398263 -0.184696 0.898484  0.239044 0.145669
barney_body.bmp
4  4.206270 -3.884445 3.246420  -0.398263 -0.184696 0.898484  0.239044 0.145669
4  6.126270 -3.934443 3.246399  0.337953 -0.208608 0.917753  0.199203 0.110236
4  5.216270 -1.464921 4.627254  -0.036004 -0.677772 0.734391  0.175299 0.141732
barney_body.bmp
4  6.126270 -3.934443 3.246399  0.337953 -0.208608 0.917753  0.199203 0.110236
4  6.776268 -0.714736 4.097510  0.830652 -0.292450 0.473805  0.143426 0.125984
4  5.216270 -1.464921 4.627254  -0.036004 -0.677772 0.734391  0.175299 0.141732
barney_body.bmp
4  5.216270 -1.464921 4.627254  -0.036004 -0.677772 0.734391  0.175299 0.141732
4  6.776268 -0.714736 4.097510  0.830652 -0.292450 0.473805  0.143426 0.125984
3  6.803541 0.824728 6.686838  0.829766 -0.543030 0.128867  0.095618 0.169291
barney_body.bmp
4  6.776268 -0.714736 4.097510  0.830652 -0.292450 0.473805  0.143426 0.125984
4  7.096266 2.615102 4.568659  0.996233 0.062595 0.060007  0.047809 0.125984
3  6.803541 0.824728 6.686838  0.829766 -0.543030 0.128867  0.095618 0.169291
barney_body.bmp
3  6.803541 0.824728 6.686838  0.829766 -0.543030 0.128867  0.095618 0.169291
4  7.096266 2.615102 4.568659  0.996233 0.062595 0.060007  0.047809 0.125984
3  6.801920 3.380024 6.577024  0.924106 0.382021 0.009428  0.035857 0.169291
barney_body.bmp
4  7.096266 2.615102 4.568659  0.996233 0.062595 0.060007  0.047809 0.125984
4  6.766263 4.015391 3.729144  0.732590 0.671445 0.111685  0.019920 0.102362
3  6.801920 3.380024 6.577024  0.924106 0.382021 0.009428  0.035857 0.169291
barney_body.bmp
3  6.801920 3.380024 6.577024  0.924106 0.382021 0.009428  0.035857 0.169291
4  6.766263 4.015391 3.729144  0.732590 0.671445 0.111685  0.019920 0.102362
3  5.151356 4.234831 6.532940  -0.005239 0.996898 0.078529  0.015936 0.165354
barney_body.bmp
4  6.766263 4.015391 3.729144  0.732590 0.671445 0.111685  0.019920 0.102362
4  5.226262 4.895379 3.759450  0.003902 0.997061 0.076511  0.003984 0.106299
3  5.151356 4.234831 6.532940  -0.005239 0.996898 0.078529  0.015936 0.165354
barney_body.bmp
3  5.151356 4.234831 6.532940  -0.005239 0.996898 0.078529  0.015936 0.165354
4  5.226262 4.895379 3.759450  0.003902 0.997061 0.076511  0.003984 0.106299
4  3.676263 4.055388 3.729163  -0.721228 0.684773 0.104478  0.019920 0.102362
barney_body.bmp
4  5.226262 4.895379 3.759450  0.003902 0.997061 0.076511  0.003984 0.106299
4  3.496259 3.936048 1.819122  -0.882660 0.469506 -0.021796  0.019920 0.055118
4  3.676263 4.055388 3.729163  -0.721228 0.684773 0.104478  0.019920 0.102362
barney_body.bmp
4  3.676263 4.055388 3.729163  -0.721228 0.684773 0.104478  0.019920 0.102362
4  3.496259 3.936048 1.819122  -0.882660 0.469506 -0.021796  0.019920 0.055118
4  3.336266 2.675105 4.548687  -0.998203 0.036012 0.047894  0.047809 0.125984
barney_body.bmp
4  3.496259 3.936048 1.819122  -0.882660 0.469506 -0.021796  0.019920 0.055118
4  3.446265 1.065602 3.108131  -0.998376 -0.025229 0.051084  0.083665 0.094488
4  3.336266 2.675105 4.548687  -0.998203 0.036012 0.047894  0.047809 0.125984
barney_body.bmp
4  3.336266 2.675105 4.548687  -0.998203 0.036012 0.047894  0.047809 0.125984
4  3.446265 1.065602 3.108131  -0.998376 -0.025229 0.051084  0.083665 0.094488
4  3.836268 -0.474739 4.097598  -0.866185 -0.284003 0.411177  0.143426 0.125984
barney_body.bmp
4  3.446265 1.065602 3.108131  -0.998376 -0.025229 0.051084  0.083665 0.094488
4  3.196267 -3.434132 2.336577  -0.934532 -0.079397 0.346908  0.195219 0.078740
4  3.836268 -0.474739 4.097598  -0.866185 -0.284003 0.411177  0.143426 0.125984
barney_body.bmp
9  7.120101 -3.545683 56.659649  0.709575 -0.664152 0.235384  0.454183 0.814961
9  6.650097 -4.361756 53.218716  0.618322 -0.784635 -0.045012  0.446215 0.740157
9  7.200098 -3.571814 53.269615  0.804283 -0.567782 -0.175362  0.462151 0.740157
barney_body.bmp
9  7.200098 -3.571814 53.269615  0.804283 -0.567782 -0.175362  0.462151 0.740157
9  6.650097 -4.361756 53.218716  0.618322 -0.784635 -0.045012  0.446215 0.740157
9  5.870095 -4.539666 51.388512  0.429776 -0.873162 -0.229957  0.426295 0.696850
barney_body.bmp
9  6.650097 -4.361756 53.218716  0.618322 -0.784635 -0.045012  0.446215 0.740157
9  4.540100 -4.825804 56.768188  0.173596 -0.909956 0.376622  0.394422 0.814961
9  5.870095 -4.539666 51.388512  0.429776 -0.873162 -0.229957  0.426295 0.696850
barney_body.bmp
9  5.870095 -4.539666 51.388512  0.429776 -0.873162 -0.229957  0.426295 0.696850
9  4.540100 -4.825804 56.768188  0.173596 -0.909956 0.376622  0.394422 0.814961
9  0.420098 -5.644668 55.777260  -0.001804 -0.964288 0.264848  0.298805 0.795276
barney_body.bmp
9  4.540100 -4.825804 56.768188  0.173596 -0.909956 0.376622  0.394422 0.814961
9  0.430099 -5.095239 56.277885  -0.002099 -0.691676 0.722205  0.298805 0.807087
9  0.420098 -5.644668 55.777260  -0.001804 -0.964288 0.264848  0.298805 0.795276
barney_body.bmp
9  0.420098 -5.644668 55.777260  -0.001804 -0.964288 0.264848  0.298805 0.795276
9  0.430099 -5.095239 56.277885  -0.002099 -0.691676 0.722205  0.298805 0.807087
9  -3.699900 -4.815792 56.768208  -0.175404 -0.910936 0.373401  0.203187 0.818898
barney_body.bmp
9  0.430099 -5.095239 56.277885  -0.002099 -0.691676 0.722205  0.298805 0.807087
9  -3.869898 -4.126580 57.458996  -0.242656 -0.718787 0.651509  0.203187 0.830709
9  -3.699900 -4.815792 56.768208  -0.175404 -0.910936 0.373401  0.203187 0.818898
barney_body.bmp
9  -3.699900 -4.815792 56.768208  -0.175404 -0.910936 0.373401  0.203187 0.818898
9  -3.869898 -4.126580 57.458996  -0.242656 -0.718787 0.651509  0.203187 0.830709
9  -5.719900 -4.315013 56.088783  -0.488119 -0.804109 0.339336  0.159363 0.807087
barney_body.bmp
9  -3.869898 -4.126580 57.458996  -0.242656 -0.718787 0.651509  0.203187 0.830709
9  -6.259898 -3.545664 56.659660  -0.711068 -0.663047 0.233989  0.143426 0.814961
9  -5.719900 -4.315013 56.088783  -0.488119 -0.804109 0.339336  0.159363 0.807087
barney_body.bmp
9  -5.719900 -4.315013 56.088783  -0.488119 -0.804109 0.339336  0.159363 0.807087
9  -6.259898 -3.545664 56.659660  -0.711068 -0.663047 0.233989  0.143426 0.814961
9  -5.799903 -4.341738 53.218750  -0.620503 -0.782895 -0.045294  0.155378 0.740157
barney_body.bmp
9  -6.259898 -3.545664 56.659660  -0.711068 -0.663047 0.233989  0.143426 0.814961
9  -6.339902 -3.571795 53.269630  -0.806774 -0.563988 -0.176161  0.135458 0.740157
9  -5.799903 -4.341738 53.218750  -0.620503 -0.782895 -0.045294  0.155378 0.740157
barney_body.bmp
9  -5.799903 -4.341738 53.218750  -0.620503 -0.782895 -0.045294  0.155378 0.740157
9  -6.339902 -3.571795 53.269630  -0.806774 -0.563988 -0.176161  0.135458 0.740157
9  -5.019905 -4.529650 51.388535  -0.432312 -0.872220 -0.228776  0.171315 0.696850
barney_body.bmp
9  -6.339902 -3.571795 53.269630  -0.806774 -0.563988 -0.176161  0.135458 0.740157
8  -5.369905 -3.658089 50.585304  -0.387353 -0.705967 -0.592933  0.163347 0.677165
9  -5.019905 -4.529650 51.388535  -0.432312 -0.872220 -0.228776  0.171315 0.696850
barney_body.bmp
9  -5.019905 -4.529650 51.388535  -0.432312 -0.872220 -0.228776  0.171315 0.696850
8  -5.369905 -3.658089 50.585304  -0.387353 -0.705967 -0.592933  0.163347 0.677165
9  0.420093 -5.639623 51.357262  -0.001098 -0.863673 -0.504051  0.298805 0.692913
barney_body.bmp
8  -5.369905 -3.658089 50.585304  -0.387353 -0.705967 -0.592933  0.163347 0.677165
8  0.430094 -4.868086 50.573917  0.000205 -0.711893 -0.702288  0.298805 0.677165
9  0.420093 -5.639623 51.357262  -0.001098 -0.863673 -0.504051  0.298805 0.692913
barney_body.bmp
9  0.420093 -5.639623 51.357262  -0.001098 -0.863673 -0.504051  0.298805 0.692913
8  0.430094 -4.868086 50.573917  0.000205 -0.711893 -0.702288  0.298805 0.677165
8  6.230095 -3.658106 50.585293  0.385578 -0.705623 -0.594496  0.434263 0.677165
barney_body.bmp
43  -6.189045 0.452449 40.398769  -1.000000 -0.000007 -0.000013  0.099602 0.519685
43  -6.169040 -1.428118 42.038120  0.125031 -0.941195 -0.313877  0.131474 0.559055
43  -6.219041 -0.977434 40.058277  1.000000 0.000005 0.000015  0.131474 0.519685
barney_body.bmp
43  -6.219041 -0.977434 40.058277  1.000000 0.000009 0.000013  0.131474 0.519685
43  -6.169040 -1.428118 42.038120  0.125003 -0.941209 -0.313846  0.131474 0.559055
43  -6.189045 0.452449 40.398769  -1.000000 0.000012 0.000026  0.099602 0.519685
barney_body.bmp
43  -6.169040 -1.428118 42.038120  0.125003 -0.941209 -0.313846  0.131474 0.559055
43  -6.149044 0.011765 42.378620  0.718827 0.591629 -0.365053  0.099602 0.559055
43  -6.189045 0.452449 40.398769  -1.000000 0.000012 0.000026  0.099602 0.519685
barney_body.bmp
43  -6.189045 0.452449 40.398769  -1.000000 -0.000009 -0.000018  0.099602 0.519685
43  -6.149044 0.011765 42.378620  0.718791 0.591614 -0.365147  0.099602 0.559055
43  -6.169040 -1.428118 42.038120  0.125039 -0.941185 -0.313905  0.131474 0.559055
barney_body.bmp
43  -6.149044 0.011765 42.378620  0.718930 0.591608 -0.364882  0.099602 0.559055
43  -6.879040 -1.548317 42.608082  0.216512 -0.756719 0.616846  0.131474 0.570866
43  -6.169040 -1.428118 42.038120  0.124960 -0.941199 -0.313894  0.131474 0.559055
barney_body.bmp
43  -6.169040 -1.428118 42.038120  0.124960 -0.941199 -0.313894  0.131474 0.559055
43  -6.879040 -1.548317 42.608082  0.216512 -0.756719 0.616846  0.131474 0.570866
43  -6.889040 -1.508258 42.438095  -0.232432 -0.372998 -0.898247  0.131474 0.566929
barney_body.bmp
43  -6.879040 -1.548317 42.608082  0.216512 -0.756719 0.616846  0.131474 0.570866
43  -7.669040 -1.438170 42.178120  0.652461 -0.671339 -0.351566  0.131474 0.559055
43  -6.889040 -1.508258 42.438095  -0.232432 -0.372998 -0.898247  0.131474 0.566929
barney_body.bmp
43  -6.889040 -1.508258 42.438095  -0.232432 -0.372998 -0.898247  0.131474 0.566929
43  -7.669040 -1.438170 42.178120  0.652461 -0.671339 -0.351566  0.131474 0.559055
43  -6.859044 -0.088403 42.858585  -0.577123 0.812793 -0.079351  0.099602 0.566929
barney_body.bmp
43  -7.669040 -1.438170 42.178120  0.652461 -0.671339 -0.351566  0.131474 0.559055
43  -7.639044 0.001713 42.518616  -0.984938 -0.021709 0.171542  0.099602 0.559055
43  -6.859044 -0.088403 42.858585  -0.577123 0.812793 -0.079351  0.099602 0.566929
barney_body.bmp
43  -6.859044 -0.088403 42.858585  -0.577082 0.812806 -0.079518  0.099602 0.566929
43  -7.639044 0.001713 42.518616  -0.984945 -0.021691 0.171501  0.099602 0.559055
43  -7.669040 -1.438170 42.178120  0.652420 -0.671396 -0.351533  0.131474 0.559055
barney_body.bmp
43  -7.639044 0.001713 42.518616  -0.984931 -0.021759 0.171576  0.099602 0.559055
43  -8.019041 -0.987497 40.228271  -0.984941 -0.021730 0.171517  0.131474 0.519685
43  -7.669040 -1.438170 42.178120  0.652473 -0.671348 -0.351527  0.131474 0.559055
barney_body.bmp
43  -7.669040 -1.438170 42.178120  0.652473 -0.671348 -0.351527  0.131474 0.559055
43  -8.019041 -0.987497 40.228271  -0.984941 -0.021730 0.171517  0.131474 0.519685
43  -7.989045 0.442386 40.568768  0.984937 0.021640 -0.171553  0.099602 0.519685
barney_body.bmp
43  -8.019041 -0.987497 40.228271  -0.984941 -0.021730 0.171517  0.131474 0.519685
43  -7.639044 0.001713 42.518616  -0.984931 -0.021759 0.171576  0.099602 0.559055
43  -7.989045 0.442386 40.568768  0.984937 0.021640 -0.171553  0.099602 0.519685
barney_body.bmp
43  -7.989045 0.442386 40.568768  0.984937 0.021640 -0.171553  0.099602 0.519685
43  -7.639044 0.001713 42.518616  -0.984931 -0.021759 0.171576  0.099602 0.559055
43  -7.669040 -1.438170 42.178120  0.652473 -0.671348 -0.351527  0.131474 0.559055
barney_body.bmp
41  3.761412 -4.246104 42.095432  0.664591 -0.673178 -0.324267  0.378486 0.488189
41  2.471410 -5.216017 41.845104  0.250504 -0.904187 -0.345968  0.342629 0.480315
41  2.621410 -4.655783 41.155293  0.314393 -0.769701 -0.555623  0.350598 0.464567
barney_body.bmp
41  2.621410 -4.655783 41.155293  0.314393 -0.769701 -0.555623  0.350598 0.464567
41  2.471410 -5.216017 41.845104  0.250504 -0.904187 -0.345968  0.342629 0.480315
41  -1.758590 -4.655777 41.155296  -0.209223 -0.783425 -0.585211  0.250996 0.464567
barney_body.bmp
41  2.471410 -5.216017 41.845104  0.250504 -0.904187 -0.345968  0.342629 0.480315
41  -1.628590 -5.196008 41.835114  -0.304265 -0.911697 -0.276099  0.254980 0.476378
41  -1.758590 -4.655777 41.155296  -0.209223 -0.783425 -0.585211  0.250996 0.464567
barney_body.bmp
41  -1.758590 -4.655777 41.155296  -0.209223 -0.783425 -0.585211  0.250996 0.464567
41  -1.628590 -5.196008 41.835114  -0.304265 -0.911697 -0.276099  0.254980 0.476378
41  -2.898588 -4.246094 42.095436  -0.665542 -0.671833 -0.325107  0.219124 0.488189
barney_body.bmp
41  -1.628590 -5.196008 41.835114  -0.304265 -0.911697 -0.276099  0.254980 0.476378
41  -2.428589 -4.906234 42.505211  -0.535775 -0.842805 -0.051229  0.235060 0.496063
41  -2.898588 -4.246094 42.095436  -0.665542 -0.671833 -0.325107  0.219124 0.488189
barney_body.bmp
41  -2.898588 -4.246094 42.095436  -0.665542 -0.671833 -0.325107  0.219124 0.488189
41  -2.428589 -4.906234 42.505211  -0.535775 -0.842805 -0.051229  0.235060 0.496063
8  -3.579911 -3.760639 44.055183  -0.653679 -0.715305 0.247069  0.207171 0.531496
barney_body.bmp
41  -2.428589 -4.906234 42.505211  -0.535775 -0.842805 -0.051229  0.235060 0.496063
41  -2.778588 -4.646607 43.605301  -0.332993 -0.807712 0.486535  0.223108 0.519685
8  -3.579911 -3.760639 44.055183  -0.653679 -0.715305 0.247069  0.207171 0.531496
barney_body.bmp
8  -3.579911 -3.760639 44.055183  -0.653679 -0.715305 0.247069  0.207171 0.531496
41  -2.778588 -4.646607 43.605301  -0.332993 -0.807712 0.486535  0.223108 0.519685
8  0.430088 -4.540747 44.144287  -0.001299 -0.595144 0.803618  0.298805 0.531496
barney_body.bmp
41  -2.778588 -4.646607 43.605301  -0.332993 -0.807712 0.486535  0.223108 0.519685
41  0.421411 -5.186615 43.615116  -0.002604 -0.935334 0.353757  0.298805 0.519685
8  0.430088 -4.540747 44.144287  -0.001299 -0.595144 0.803618  0.298805 0.531496
barney_body.bmp
8  0.430088 -4.540747 44.144287  -0.001299 -0.595144 0.803618  0.298805 0.531496
41  0.421411 -5.186615 43.615116  -0.002604 -0.935334 0.353757  0.298805 0.519685
41  3.621412 -4.656616 43.605293  0.329748 -0.807475 0.489131  0.370518 0.519685
barney_body.bmp
41  0.421411 -5.186615 43.615116  -0.002604 -0.935334 0.353757  0.298805 0.519685
41  3.271411 -4.926246 42.515202  0.533181 -0.844570 -0.049193  0.362550 0.496063
41  3.621412 -4.656616 43.605293  0.329748 -0.807475 0.489131  0.370518 0.519685
barney_body.bmp
41  3.621412 -4.656616 43.605293  0.329748 -0.807475 0.489131  0.370518 0.519685
41  3.271411 -4.926246 42.515202  0.533181 -0.844570 -0.049193  0.362550 0.496063
8  4.440089 -3.760651 44.055176  0.652497 -0.715045 0.250913  0.390438 0.531496
barney_body.bmp
41  3.271411 -4.926246 42.515202  0.533181 -0.844570 -0.049193  0.362550 0.496063
41  3.761412 -4.246104 42.095432  0.664591 -0.673178 -0.324267  0.378486 0.488189
8  4.440089 -3.760651 44.055176  0.652497 -0.715045 0.250913  0.390438 0.531496
barney_body.bmp
8  5.650105 4.955016 47.855122  0.509257 0.736578 -0.445095  0.717131 0.614173
8  0.430107 5.804955 47.916100  -0.001087 0.937117 0.349014  0.832669 0.614173
8  0.430108 6.344018 48.736713  -0.001703 0.920837 -0.389943  0.832669 0.633858
barney_body.bmp
8  0.430108 6.344018 48.736713  -0.001703 0.920837 -0.389943  0.832669 0.633858
8  0.430107 5.804955 47.916100  -0.001087 0.937117 0.349014  0.832669 0.614173
8  -4.789895 4.955031 47.855133  -0.654537 0.747602 -0.112573  0.952191 0.614173
barney_body.bmp
8  0.430107 5.804955 47.916100  -0.001087 0.937117 0.349014  0.832669 0.614173
42  -4.428583 5.723272 47.168503  -0.501294 0.782757 0.368776  0.940239 0.598425
8  -4.789895 4.955031 47.855133  -0.654537 0.747602 -0.112573  0.952191 0.614173
barney_body.bmp
8  -4.789895 4.955031 47.855133  -0.654537 0.747602 -0.112573  0.952191 0.614173
42  -4.428583 5.723272 47.168503  -0.501294 0.782757 0.368776  0.940239 0.598425
42  -4.238586 6.084834 42.568623  -0.776695 0.614302 -0.139202  0.940239 0.515748
barney_body.bmp
42  -4.428583 5.723272 47.168503  -0.501294 0.782757 0.368776  0.940239 0.598425
42  -3.908584 6.604619 43.198799  -0.495595 0.867469 0.043388  0.932271 0.527559
42  -4.238586 6.084834 42.568623  -0.776695 0.614302 -0.139202  0.940239 0.515748
barney_body.bmp
42  -4.238586 6.084834 42.568623  -0.776695 0.614302 -0.139202  0.940239 0.515748
42  -3.908584 6.604619 43.198799  -0.495595 0.867469 0.043388  0.932271 0.527559
42  -2.618585 7.185116 41.728996  -0.316777 0.940200 -0.125209  0.904382 0.500000
barney_body.bmp
42  -3.908584 6.604619 43.198799  -0.495595 0.867469 0.043388  0.932271 0.527559
42  0.431418 6.433237 47.248737  -0.002309 0.936912 0.349558  0.832669 0.598425
42  -2.618585 7.185116 41.728996  -0.316777 0.940200 -0.125209  0.904382 0.500000
barney_body.bmp
42  -2.618585 7.185116 41.728996  -0.316777 0.940200 -0.125209  0.904382 0.500000
42  0.431418 6.433237 47.248737  -0.002309 0.936912 0.349558  0.832669 0.598425
42  3.481415 7.205104 41.738998  0.264781 0.946666 -0.183614  0.764940 0.500000
barney_body.bmp
42  0.431418 6.433237 47.248737  -0.002309 0.936912 0.349558  0.832669 0.598425
42  4.781416 6.624603 43.208801  0.501518 0.864240 0.039602  0.737052 0.527559
42  3.481415 7.205104 41.738998  0.264781 0.946666 -0.183614  0.764940 0.500000
barney_body.bmp
42  3.481415 7.205104 41.738998  0.264781 0.946666 -0.183614  0.764940 0.500000
42  4.781416 6.624603 43.208801  0.501518 0.864240 0.039602  0.737052 0.527559
42  5.091414 6.084820 42.568619  0.786643 0.599304 -0.148414  0.729084 0.515748
barney_body.bmp
42  4.781416 6.624603 43.208801  0.501518 0.864240 0.039602  0.737052 0.527559
42  5.291417 5.743258 47.168503  0.507014 0.777295 0.372491  0.725100 0.598425
42  5.091414 6.084820 42.568619  0.786643 0.599304 -0.148414  0.729084 0.515748
barney_body.bmp
42  5.091414 6.084820 42.568619  0.786643 0.599304 -0.148414  0.729084 0.515748
42  5.291417 5.743258 47.168503  0.507014 0.777295 0.372491  0.725100 0.598425
8  5.650105 4.955016 47.855122  0.619131 0.661639 0.422978  0.717131 0.614173
barney_body.bmp
42  5.291417 5.743258 47.168503  0.507014 0.777295 0.372491  0.725100 0.598425
8  0.430107 5.804955 47.916100  -0.001087 0.937117 0.349014  0.832669 0.614173
8  5.650105 4.955016 47.855122  0.619131 0.661639 0.422978  0.717131 0.614173
barney_body.bmp
26  -14.398675 -2.830653 41.251034  -0.977911 -0.035410 0.205999  0.561753 0.007874
26  -13.922013 -0.492123 42.117615  -0.396867 0.674229 0.622826  0.521912 0.035433
26  -14.326306 -1.255974 40.325748  -0.747140 0.656750 -0.102278  0.521912 0.000000
barney_body.bmp
26  -14.326306 -1.255974 40.325748  -0.747140 0.656750 -0.102278  0.521912 0.000000
26  -13.922013 -0.492123 42.117615  -0.396867 0.674229 0.622826  0.521912 0.035433
26  -12.745464 0.051991 41.429230  0.017452 0.979192 0.202182  0.498008 0.035433
barney_body.bmp
26  -13.922013 -0.492123 42.117615  -0.396867 0.674229 0.622826  0.521912 0.035433
26  -12.558231 -0.396038 41.653538  -0.002526 0.955821 0.293937  0.498008 0.043307
26  -12.745464 0.051991 41.429230  0.017452 0.979192 0.202182  0.498008 0.035433
barney_body.bmp
26  -12.745464 0.051991 41.429230  0.017452 0.979192 0.202182  0.498008 0.035433
26  -12.558231 -0.396038 41.653538  -0.002526 0.955821 0.293937  0.498008 0.043307
26  -11.411404 -0.868740 41.467152  0.646000 0.630652 -0.430072  0.474104 0.039370
barney_body.bmp
26  -12.558231 -0.396038 41.653538  -0.002526 0.955821 0.293937  0.498008 0.043307
26  -11.346409 1.928519 45.170017  -0.163852 0.883671 -0.438496  0.494024 0.114173
26  -11.411404 -0.868740 41.467152  0.646000 0.630652 -0.430072  0.474104 0.039370
barney_body.bmp
26  -11.411404 -0.868740 41.467152  0.646000 0.630652 -0.430072  0.474104 0.039370
26  -11.346409 1.928519 45.170017  -0.163852 0.883671 -0.438496  0.494024 0.114173
26  -9.765681 1.233488 44.866158  0.528614 0.645051 -0.551793  0.462151 0.114173
barney_body.bmp
26  -11.346409 1.928519 45.170017  -0.163852 0.883671 -0.438496  0.494024 0.114173
26  -10.448796 3.213468 47.844601  -0.101381 0.969763 -0.221994  0.498008 0.181102
26  -9.765681 1.233488 44.866158  0.528614 0.645051 -0.551793  0.462151 0.114173
barney_body.bmp
26  -9.765681 1.233488 44.866158  0.528614 0.645051 -0.551793  0.462151 0.114173
26  -10.448796 3.213468 47.844601  -0.101381 0.969763 -0.221994  0.498008 0.181102
26  -8.903660 2.477429 47.433262  0.673589 0.648038 -0.355421  0.466135 0.181102
barney_body.bmp
26  -10.448796 3.213468 47.844601  -0.101381 0.969763 -0.221994  0.498008 0.181102
25  -10.171131 3.261445 48.783489  0.016390 0.996109 -0.086591  0.498008 0.200787
26  -8.903660 2.477429 47.433262  0.673589 0.648038 -0.355421  0.466135 0.181102
barney_body.bmp
26  -8.903660 2.477429 47.433262  0.673589 0.648038 -0.355421  0.466135 0.181102
25  -10.171131 3.261445 48.783489  0.016390 0.996109 -0.086591  0.498008 0.200787
25  -8.659382 2.512866 48.270905  0.789888 0.520870 -0.323683  0.466135 0.196850
barney_body.bmp
25  -10.171131 3.261445 48.783489  0.016390 0.996109 -0.086591  0.498008 0.200787
25  -4.481141 3.180652 57.021164  0.648881 0.710584 -0.272074  0.434263 0.358268
25  -8.659382 2.512866 48.270905  0.789888 0.520870 -0.323683  0.466135 0.196850
barney_body.bmp
25  -8.659382 2.512866 48.270905  0.789888 0.520870 -0.323683  0.466135 0.196850
25  -4.481141 3.180652 57.021164  0.648881 0.710584 -0.272074  0.434263 0.358268
25  -6.162863 1.007013 52.874149  0.876605 -0.022101 -0.480702  0.430279 0.275591
barney_body.bmp
25  -4.481141 3.180652 57.021164  0.648881 0.710584 -0.272074  0.434263 0.358268
25  -3.251695 0.963944 56.634289  0.986879 -0.015591 -0.160708  0.418327 0.362205
25  -6.162863 1.007013 52.874149  0.876605 -0.022101 -0.480702  0.430279 0.275591
barney_body.bmp
26  -12.810287 1.229490 45.947525  -0.809617 0.582923 -0.068707  0.529880 0.114173
26  -12.187799 0.693619 49.351162  -0.955545 0.026800 0.293624  0.561753 0.181102
26  -11.756906 2.467506 48.616344  -0.726598 0.686201 0.034396  0.525896 0.185039
barney_body.bmp
26  -11.756906 2.467506 48.616344  -0.726598 0.686201 0.034396  0.525896 0.185039
26  -12.187799 0.693619 49.351162  -0.955545 0.026800 0.293624  0.561753 0.181102
25  -11.519407 2.513638 49.465206  -0.736071 0.652892 0.178692  0.525896 0.200787
barney_body.bmp
26  -12.187799 0.693619 49.351162  -0.955545 0.026800 0.293624  0.561753 0.181102
25  -11.848943 0.735968 50.540051  -0.961053 -0.015564 0.275925  0.561753 0.200787
25  -11.519407 2.513638 49.465206  -0.736071 0.652892 0.178692  0.525896 0.200787
barney_body.bmp
25  -11.519407 2.513638 49.465206  -0.736071 0.652892 0.178692  0.525896 0.200787
25  -11.848943 0.735968 50.540051  -0.961053 -0.015564 0.275925  0.561753 0.200787
25  -8.783175 3.178837 58.216400  -0.710090 0.660891 0.242889  0.533865 0.354331
barney_body.bmp
25  -11.848943 0.735968 50.540051  -0.961053 -0.015564 0.275925  0.561753 0.200787
25  -9.611442 0.961295 58.422756  -0.907024 -0.001896 0.421075  0.561753 0.354331
25  -8.783175 3.178837 58.216400  -0.710090 0.660891 0.242889  0.533865 0.354331
barney_body.bmp
25  -8.783175 3.178837 58.216400  -0.710090 0.660891 0.242889  0.533865 0.354331
25  -9.611442 0.961295 58.422756  -0.907024 -0.001896 0.421075  0.561753 0.354331
25  -7.730734 3.181019 60.070709  -0.634197 0.571005 0.521293  0.529880 0.389764
barney_body.bmp
25  -9.611442 0.961295 58.422756  -0.907024 -0.001896 0.421075  0.561753 0.354331
25  -8.524592 0.955812 60.381741  -0.796226 -0.008302 0.604942  0.561753 0.393701
25  -7.730734 3.181019 60.070709  -0.634197 0.571005 0.521293  0.529880 0.389764
barney_body.bmp
25  -7.730734 3.181019 60.070709  -0.634197 0.571005 0.521293  0.529880 0.389764
25  -8.524592 0.955812 60.381741  -0.796226 -0.008302 0.604942  0.561753 0.393701
25  -7.714873 0.964586 61.178532  -0.570766 -0.028120 0.820631  0.561753 0.413386
barney_body.bmp
25  -8.524592 0.955812 60.381741  -0.796226 -0.008302 0.604942  0.561753 0.393701
25  -7.731591 -1.271306 60.012424  -0.603357 -0.593829 0.532284  0.593625 0.389764
25  -7.714873 0.964586 61.178532  -0.570766 -0.028120 0.820631  0.561753 0.413386
barney_body.bmp
25  -7.714873 0.964586 61.178532  -0.570766 -0.028120 0.820631  0.561753 0.413386
25  -7.731591 -1.271306 60.012424  -0.603357 -0.593829 0.532284  0.593625 0.389764
9  -6.439891 -1.270356 60.772263  -0.100998 -0.643649 0.758628  0.617530 0.417323
barney_body.bmp
25  -7.731591 -1.271306 60.012424  -0.603357 -0.593829 0.532284  0.593625 0.389764
25  -6.821177 -2.192999 58.027348  -0.048805 -0.989004 0.139600  0.621514 0.358268
9  -6.439891 -1.270356 60.772263  -0.100998 -0.643649 0.758628  0.617530 0.417323
barney_body.bmp
9  -6.439891 -1.270356 60.772263  -0.100998 -0.643649 0.758628  0.617530 0.417323
25  -6.821177 -2.192999 58.027348  -0.048805 -0.989004 0.139600  0.621514 0.358268
25  -4.507033 -1.269716 60.277611  0.598802 -0.731511 0.326079  0.653386 0.421260
barney_body.bmp
25  -6.821177 -2.192999 58.027348  -0.048805 -0.989004 0.139600  0.621514 0.358268
25  -4.482236 -1.270300 57.026108  0.642817 -0.721522 -0.257281  0.681275 0.362205
25  -4.507033 -1.269716 60.277611  0.598802 -0.731511 0.326079  0.653386 0.421260
barney_body.bmp
12  4.050798 0.963968 56.631275  -0.986879 -0.015603 -0.160708  0.713147 0.362205
12  5.289737 3.180730 57.021278  -0.648882 0.710580 -0.272081  0.733068 0.358268
12  6.971460 1.007103 52.874260  -0.876616 -0.022086 -0.480683  0.729084 0.275591
barney_body.bmp
12  6.971460 1.007103 52.874260  -0.876616 -0.022086 -0.480683  0.729084 0.275591
12  5.289737 3.180730 57.021278  -0.648882 0.710580 -0.272081  0.733068 0.358268
12  9.464843 2.513181 48.280506  -0.789874 0.520886 -0.323693  0.764940 0.196850
barney_body.bmp
12  5.289737 3.180730 57.021278  -0.648882 0.710580 -0.272081  0.733068 0.358268
12  10.979717 3.261552 48.783596  -0.016364 0.996110 -0.086589  0.796813 0.200787
12  9.464843 2.513181 48.280506  -0.789874 0.520886 -0.323693  0.764940 0.196850
barney_body.bmp
12  9.464843 2.513181 48.280506  -0.789874 0.520886 -0.323693  0.764940 0.196850
12  10.979717 3.261552 48.783596  -0.016364 0.996110 -0.086589  0.796813 0.200787
13  9.711251 2.472410 47.436481  -0.673599 0.648028 -0.355420  0.764940 0.181102
barney_body.bmp
12  10.979717 3.261552 48.783596  -0.016364 0.996110 -0.086589  0.796813 0.200787
13  11.248148 3.217489 47.840714  0.101384 0.969761 -0.222002  0.796813 0.181102
13  9.711251 2.472410 47.436481  -0.673599 0.648028 -0.355420  0.764940 0.181102
barney_body.bmp
13  9.711251 2.472410 47.436481  -0.673599 0.648028 -0.355420  0.764940 0.181102
13  11.248148 3.217489 47.840714  0.101384 0.969761 -0.222002  0.796813 0.181102
13  10.565035 1.237511 44.862267  -0.528587 0.645078 -0.551788  0.760956 0.114173
barney_body.bmp
13  11.248148 3.217489 47.840714  0.101384 0.969761 -0.222002  0.796813 0.181102
13  12.155260 1.932597 45.169254  0.163747 0.883694 -0.438488  0.792829 0.114173
13  10.565035 1.237511 44.862267  -0.528587 0.645078 -0.551788  0.760956 0.114173
barney_body.bmp
13  10.565035 1.237511 44.862267  -0.528587 0.645078 -0.551788  0.760956 0.114173
13  12.155260 1.932597 45.169254  0.163747 0.883694 -0.438488  0.792829 0.114173
13  12.221858 -0.877918 41.461739  -0.646010 0.630647 -0.430065  0.772908 0.039370
barney_body.bmp
13  12.155260 1.932597 45.169254  0.163747 0.883694 -0.438488  0.792829 0.114173
13  13.367084 -0.391951 41.652767  0.002544 0.955820 0.293940  0.796813 0.043307
13  12.221858 -0.877918 41.461739  -0.646010 0.630647 -0.430065  0.772908 0.039370
barney_body.bmp
13  12.221858 -0.877918 41.461739  -0.646010 0.630647 -0.430065  0.772908 0.039370
13  13.367084 -0.391951 41.652767  0.002544 0.955820 0.293940  0.796813 0.043307
13  13.554316 0.056078 41.428459  -0.017407 0.979191 0.202194  0.796813 0.035433
barney_body.bmp
13  13.367084 -0.391951 41.652767  0.002544 0.955820 0.293940  0.796813 0.043307
13  14.721368 -0.488083 42.113716  0.396881 0.674239 0.622806  0.820717 0.035433
13  13.554316 0.056078 41.428459  -0.017407 0.979191 0.202194  0.796813 0.035433
barney_body.bmp
13  13.554316 0.056078 41.428459  -0.017407 0.979191 0.202194  0.796813 0.035433
13  14.721368 -0.488083 42.113716  0.396881 0.674239 0.622806  0.820717 0.035433
13  15.133899 -1.260966 40.328957  0.747145 0.656745 -0.102271  0.820717 0.000000
barney_body.bmp
13  14.721368 -0.488083 42.113716  0.396881 0.674239 0.622806  0.820717 0.035433
13  15.207535 -2.826561 41.250256  0.977909 -0.035427 0.206006  0.860558 0.007874
13  15.133899 -1.260966 40.328957  0.747145 0.656745 -0.102271  0.820717 0.000000
barney_body.bmp
12  5.290845 -1.270222 57.026215  -0.642816 -0.721516 -0.257298  0.980080 0.362205
12  7.620290 -2.192967 58.024326  0.048785 -0.989010 0.139571  0.920319 0.358268
12  5.312519 -1.269431 60.287216  -0.598791 -0.731501 0.326122  0.952191 0.421260
barney_body.bmp
12  5.312519 -1.269431 60.287216  -0.598791 -0.731501 0.326122  0.952191 0.421260
12  7.620290 -2.192967 58.024326  0.048785 -0.989010 0.139571  0.920319 0.358268
9  7.240109 -1.270376 60.772247  0.101000 -0.643631 0.758642  0.916335 0.421260
barney_body.bmp
12  7.620290 -2.192967 58.024326  0.048785 -0.989010 0.139571  0.920319 0.358268
12  8.540203 -1.271223 60.012527  0.603360 -0.593816 0.532296  0.892430 0.389764
9  7.240109 -1.270376 60.772247  0.101000 -0.643631 0.758642  0.916335 0.421260
barney_body.bmp
9  7.240109 -1.270376 60.772247  0.101000 -0.643631 0.758642  0.916335 0.421260
12  8.540203 -1.271223 60.012527  0.603360 -0.593816 0.532296  0.892430 0.389764
12  8.523480 0.964666 61.178638  0.570829 -0.028084 0.820588  0.860558 0.417323
barney_body.bmp
12  8.540203 -1.271223 60.012527  0.603360 -0.593816 0.532296  0.892430 0.389764
12  9.333198 0.955896 60.381847  0.796226 -0.008302 0.604942  0.860558 0.397638
12  8.523480 0.964666 61.178638  0.570829 -0.028084 0.820588  0.860558 0.417323
barney_body.bmp
12  8.523480 0.964666 61.178638  0.570829 -0.028084 0.820588  0.860558 0.417323
12  9.333198 0.955896 60.381847  0.796226 -0.008302 0.604942  0.860558 0.397638
12  8.539333 3.181102 60.070820  0.634173 0.571035 0.521291  0.828685 0.393701
barney_body.bmp
12  9.333198 0.955896 60.381847  0.796226 -0.008302 0.604942  0.860558 0.397638
12  10.420046 0.961385 58.422859  0.907009 -0.001904 0.421107  0.860558 0.354331
12  8.539333 3.181102 60.070820  0.634173 0.571035 0.521291  0.828685 0.393701
barney_body.bmp
12  8.539333 3.181102 60.070820  0.634173 0.571035 0.521291  0.828685 0.393701
12  10.420046 0.961385 58.422859  0.907009 -0.001904 0.421107  0.860558 0.354331
12  9.582274 3.178874 58.213387  0.710091 0.660889 0.242892  0.832669 0.358268
barney_body.bmp
12  10.420046 0.961385 58.422859  0.907009 -0.001904 0.421107  0.860558 0.354331
12  12.654412 0.736289 50.549648  0.961051 -0.015585 0.275933  0.860558 0.200787
12  9.582274 3.178874 58.213387  0.710091 0.660889 0.242892  0.832669 0.358268
barney_body.bmp
12  9.582274 3.178874 58.213387  0.710091 0.660889 0.242892  0.832669 0.358268
12  12.654412 0.736289 50.549648  0.961051 -0.015585 0.275933  0.860558 0.200787
12  12.318497 2.513697 49.462185  0.736047 0.652908 0.178732  0.824701 0.200787
barney_body.bmp
12  12.654412 0.736289 50.549648  0.961051 -0.015585 0.275933  0.860558 0.200787
13  12.996659 0.697693 49.350395  0.955547 0.026802 0.293620  0.860558 0.181102
12  12.318497 2.513697 49.462185  0.736047 0.652908 0.178732  0.824701 0.200787
barney_body.bmp
12  12.318497 2.513697 49.462185  0.736047 0.652908 0.178732  0.824701 0.200787
13  12.996659 0.697693 49.350395  0.955547 0.026802 0.293620  0.860558 0.181102
13  12.565759 2.471580 48.615582  0.726613 0.686184 0.034425  0.824701 0.185039
barney_body.bmp
13  12.996659 0.697693 49.350395  0.955547 0.026802 0.293620  0.860558 0.181102
13  13.619141 1.233572 45.946758  0.809622 0.582917 -0.068708  0.828685 0.114173
13  12.565759 2.471580 48.615582  0.726613 0.686184 0.034425  0.824701 0.185039
barney_body.bmp
8  4.440089 -3.760651 44.055176  0.408095 -0.782901 -0.469600  0.390438 0.531496
8  0.420088 -5.121797 45.063625  -0.001499 -0.950542 -0.310593  0.298805 0.555118
8  0.430088 -4.540747 44.144287  0.000296 -0.848825 -0.528674  0.298805 0.531496
barney_body.bmp
8  0.430088 -4.540747 44.144287  0.000296 -0.848825 -0.528674  0.298805 0.531496
8  0.420088 -5.121797 45.063625  -0.001499 -0.950542 -0.310593  0.298805 0.555118
8  -3.579911 -3.760639 44.055183  -0.411189 -0.782117 -0.468205  0.207171 0.531496
barney_body.bmp
8  0.420088 -5.121797 45.063625  -0.001499 -0.950542 -0.310593  0.298805 0.555118
8  -3.439911 -4.451792 45.064396  -0.569994 -0.765000 -0.299802  0.211155 0.555118
8  -3.579911 -3.760639 44.055183  -0.411189 -0.782117 -0.468205  0.207171 0.531496
barney_body.bmp
8  -3.579911 -3.760639 44.055183  -0.411189 -0.782117 -0.468205  0.207171 0.531496
8  -3.439911 -4.451792 45.064396  -0.569994 -0.765000 -0.299802  0.211155 0.555118
8  -5.369905 -3.658089 50.585304  -0.732594 -0.680456 0.016874  0.163347 0.677165
barney_body.bmp
8  -3.439911 -4.451792 45.064396  -0.569994 -0.765000 -0.299802  0.211155 0.555118
8  -4.679907 -4.466846 49.494381  -0.351324 -0.926675 0.133585  0.179283 0.653543
8  -5.369905 -3.658089 50.585304  -0.732594 -0.680456 0.016874  0.163347 0.677165
barney_body.bmp
8  -5.369905 -3.658089 50.585304  -0.732594 -0.680456 0.016874  0.163347 0.677165
8  -4.679907 -4.466846 49.494381  -0.351324 -0.926675 0.133585  0.179283 0.653543
8  0.430094 -4.868086 50.573917  -0.000898 -0.874701 0.484662  0.298805 0.677165
barney_body.bmp
8  -4.679907 -4.466846 49.494381  -0.351324 -0.926675 0.133585  0.179283 0.653543
8  0.420092 -5.396853 49.493313  -0.001502 -0.980205 0.197982  0.298805 0.653543
8  0.430094 -4.868086 50.573917  -0.000898 -0.874701 0.484662  0.298805 0.677165
barney_body.bmp
8  0.430094 -4.868086 50.573917  -0.000898 -0.874701 0.484662  0.298805 0.677165
8  0.420092 -5.396853 49.493313  -0.001502 -0.980205 0.197982  0.298805 0.653543
8  5.520093 -4.486861 49.494347  0.347732 -0.927797 0.135189  0.418327 0.653543
barney_body.bmp
8  0.420092 -5.396853 49.493313  -0.001502 -0.980205 0.197982  0.298805 0.653543
8  0.420088 -5.121797 45.063625  -0.001499 -0.950542 -0.310593  0.298805 0.555118
8  5.520093 -4.486861 49.494347  0.347732 -0.927797 0.135189  0.418327 0.653543
barney_body.bmp
8  5.520093 -4.486861 49.494347  0.347732 -0.927797 0.135189  0.418327 0.653543
8  0.420088 -5.121797 45.063625  -0.001499 -0.950542 -0.310593  0.298805 0.555118
8  4.290089 -4.461803 45.064377  0.565207 -0.768004 -0.301183  0.390438 0.555118
barney_body.bmp
8  0.420088 -5.121797 45.063625  -0.001499 -0.950542 -0.310593  0.298805 0.555118
8  4.440089 -3.760651 44.055176  0.408095 -0.782901 -0.469600  0.390438 0.531496
8  4.290089 -4.461803 45.064377  0.565207 -0.768004 -0.301183  0.390438 0.555118
barney_body.bmp
8  4.290089 -4.461803 45.064377  0.565207 -0.768004 -0.301183  0.390438 0.555118
8  4.440089 -3.760651 44.055176  0.408095 -0.782901 -0.469600  0.390438 0.531496
8  6.230095 -3.658106 50.585293  0.728858 -0.684357 0.020544  0.434263 0.677165
barney_body.bmp
43  -7.019039 -1.757695 40.808006  -0.010610 -0.975053 -0.221719  0.143426 0.539370
43  -7.059043 0.815744 30.858896  0.758438 -0.402922 -0.512276  0.147410 0.318898
43  -6.069041 -1.177710 40.858208  0.862409 -0.472786 -0.180896  0.131474 0.539370
barney_body.bmp
43  -6.069041 -1.177710 40.858208  0.862409 -0.472786 -0.180896  0.131474 0.539370
43  -7.059043 0.815744 30.858896  0.758438 -0.402922 -0.512276  0.147410 0.318898
43  -6.029046 0.992124 41.338959  0.986452 0.130196 -0.099804  0.079681 0.539370
barney_body.bmp
43  -7.059043 0.815744 30.858896  0.758438 -0.402922 -0.512276  0.147410 0.318898
43  -7.539051 3.835349 31.999941  0.594707 0.596044 -0.539495  0.067729 0.318898
43  -6.029046 0.992124 41.338959  0.986452 0.130196 -0.099804  0.079681 0.539370
barney_body.bmp
43  -6.029046 0.992124 41.338959  0.986452 0.130196 -0.099804  0.079681 0.539370
43  -7.539051 3.835349 31.999941  0.594707 0.596044 -0.539495  0.067729 0.318898
43  -6.869054 4.422665 39.770142  0.756408 0.646957 0.096398  0.007968 0.488189
barney_body.bmp
43  -7.539051 3.835349 31.999941  0.594707 0.596044 -0.539495  0.067729 0.318898
43  -7.259055 4.892975 38.870304  -0.003999 0.996916 0.078369  0.003984 0.456693
43  -6.869054 4.422665 39.770142  0.756408 0.646957 0.096398  0.007968 0.488189
barney_body.bmp
43  -6.869054 4.422665 39.770142  0.756408 0.646957 0.096398  0.007968 0.488189
43  -7.259055 4.892975 38.870304  -0.003999 0.996916 0.078369  0.003984 0.456693
43  -7.479054 4.422642 39.830143  -0.742023 0.629972 0.229210  0.007968 0.488189
barney_body.bmp
43  -7.259055 4.892975 38.870304  -0.003999 0.996916 0.078369  0.003984 0.456693
43  -8.149051 3.835319 32.079941  -0.788065 0.567737 -0.237968  0.067729 0.318898
43  -7.479054 4.422642 39.830143  -0.742023 0.629972 0.229210  0.007968 0.488189
barney_body.bmp
43  -7.479054 4.422642 39.830143  -0.742023 0.629972 0.229210  0.007968 0.488189
43  -8.149051 3.835319 32.079941  -0.788065 0.567737 -0.237968  0.067729 0.318898
43  -7.959046 0.982057 41.518955  -0.991174 0.112265 0.070500  0.079681 0.539370
barney_body.bmp
43  -8.149051 3.835319 32.079941  -0.788065 0.567737 -0.237968  0.067729 0.318898
43  -8.719043 0.805684 31.018892  -0.762656 -0.267843 -0.588741  0.135458 0.318898
43  -7.959046 0.982057 41.518955  -0.991174 0.112265 0.070500  0.079681 0.539370
barney_body.bmp
43  -7.959046 0.982057 41.518955  -0.991174 0.112265 0.070500  0.079681 0.539370
43  -8.719043 0.805684 31.018892  -0.762656 -0.267843 -0.588741  0.135458 0.318898
43  -7.999041 -1.187777 41.038204  -0.874184 -0.484360 -0.034619  0.131474 0.539370
barney_body.bmp
43  -8.719043 0.805684 31.018892  -0.762656 -0.267843 -0.588741  0.135458 0.318898
43  -7.019039 -1.757695 40.808006  -0.010610 -0.975053 -0.221719  0.143426 0.539370
43  -7.999041 -1.187777 41.038204  -0.874184 -0.484360 -0.034619  0.131474 0.539370
barney_body.bmp
9  -6.779884 2.107999 62.216118  -0.684234 0.227094 0.693003  0.131474 0.988189
9  -6.759889 -0.761577 61.842842  -0.800189 -0.199366 0.565642  0.131474 0.948819
9  -4.399884 2.107208 62.906116  0.617947 0.045231 0.784917  0.183267 1.000000
barney_body.bmp
9  -4.399884 2.107208 62.906116  0.617947 0.045231 0.784917  0.183267 1.000000
9  -6.759889 -0.761577 61.842842  -0.800189 -0.199366 0.565642  0.131474 0.948819
9  -4.369888 -0.762379 62.542839  0.636126 -0.405934 0.656172  0.183267 0.956693
barney_body.bmp
9  -6.759889 -0.761577 61.842842  -0.800189 -0.199366 0.565642  0.131474 0.948819
9  -6.779892 -2.210012 60.471188  -0.487924 -0.695571 0.527362  0.131474 0.909449
9  -4.369888 -0.762379 62.542839  0.636126 -0.405934 0.656172  0.183267 0.956693
barney_body.bmp
9  -4.369888 -0.762379 62.542839  0.636126 -0.405934 0.656172  0.183267 0.956693
9  -6.779892 -2.210012 60.471188  -0.487924 -0.695571 0.527362  0.131474 0.909449
9  -4.389892 -2.510506 60.900845  0.416305 -0.764672 0.491901  0.187251 0.913386
barney_body.bmp
9  -6.779892 -2.210012 60.471188  -0.487924 -0.695571 0.527362  0.131474 0.909449
9  -6.789897 -3.056907 57.750221  -0.777684 -0.610401 0.150392  0.131474 0.842520
9  -4.389892 -2.510506 60.900845  0.416305 -0.764672 0.491901  0.187251 0.913386
barney_body.bmp
9  -4.389892 -2.510506 60.900845  0.416305 -0.764672 0.491901  0.187251 0.913386
9  -6.789897 -3.056907 57.750221  -0.777684 -0.610401 0.150392  0.131474 0.842520
9  -3.969897 -3.867653 58.399292  0.317211 -0.604921 0.730375  0.199203 0.854331
barney_body.bmp
9  -6.789897 -3.056907 57.750221  -0.777684 -0.610401 0.150392  0.131474 0.842520
9  -3.869898 -4.126580 57.458996  -0.251714 -0.944233 0.212283  0.203187 0.830709
9  -3.969897 -3.867653 58.399292  0.317211 -0.604921 0.730375  0.199203 0.854331
barney_body.bmp
9  -3.969897 -3.867653 58.399292  0.317211 -0.604921 0.730375  0.199203 0.854331
9  -3.869898 -4.126580 57.458996  -0.251714 -0.944233 0.212283  0.203187 0.830709
9  0.420101 -4.926882 57.718079  0.000009 -0.818437 0.574596  0.298805 0.842520
barney_body.bmp
9  -3.869898 -4.126580 57.458996  -0.251714 -0.944233 0.212283  0.203187 0.830709
9  0.430099 -5.095239 56.277885  -0.000003 -0.992904 0.118915  0.298805 0.807087
9  0.420101 -4.926882 57.718079  0.000009 -0.818437 0.574596  0.298805 0.842520
barney_body.bmp
9  0.420101 -4.926882 57.718079  0.000009 -0.818437 0.574596  0.298805 0.842520
9  0.430099 -5.095239 56.277885  -0.000003 -0.992904 0.118915  0.298805 0.807087
9  4.730102 -4.126592 57.458988  0.251711 -0.944231 0.212296  0.398406 0.830709
barney_body.bmp
12  10.420046 0.961385 58.422859  0.907009 -0.001904 0.421107  0.860558 0.354331
12  9.583382 -1.272078 58.218323  0.693110 -0.674707 0.253711  0.884462 0.358268
12  12.654412 0.736289 50.549648  0.961051 -0.015585 0.275933  0.860558 0.200787
barney_body.bmp
12  12.654412 0.736289 50.549648  0.961051 -0.015585 0.275933  0.860558 0.200787
12  9.583382 -1.272078 58.218323  0.693110 -0.674707 0.253711  0.884462 0.358268
12  12.068792 -0.837596 50.339329  0.740648 -0.601906 0.298579  0.888446 0.200787
barney_body.bmp
12  9.583382 -1.272078 58.218323  0.693110 -0.674707 0.253711  0.884462 0.358268
12  10.689650 -1.597526 49.775879  0.048757 -0.989005 0.139615  0.920319 0.200787
12  12.068792 -0.837596 50.339329  0.740648 -0.601906 0.298579  0.888446 0.200787
barney_body.bmp
12  12.068792 -0.837596 50.339329  0.740648 -0.601906 0.298579  0.888446 0.200787
12  10.689650 -1.597526 49.775879  0.048757 -0.989005 0.139615  0.920319 0.200787
13  12.276390 -1.088624 49.616638  0.581608 -0.687199 0.435305  0.888446 0.188976
barney_body.bmp
12  10.689650 -1.597526 49.775879  0.048757 -0.989005 0.139615  0.920319 0.200787
13  10.841117 -1.828969 49.255417  -0.201373 -0.931768 0.302090  0.920319 0.188976
13  12.276390 -1.088624 49.616638  0.581608 -0.687199 0.435305  0.888446 0.188976
barney_body.bmp
13  12.276390 -1.088624 49.616638  0.581608 -0.687199 0.435305  0.888446 0.188976
13  10.841117 -1.828969 49.255417  -0.201373 -0.931768 0.302090  0.920319 0.188976
13  13.514985 -4.385536 41.652088  -0.098468 -0.952150 0.289334  0.920319 0.007874
barney_body.bmp
13  10.841117 -1.828969 49.255417  -0.201373 -0.931768 0.302090  0.920319 0.188976
13  9.421882 -1.087794 48.437538  -0.790389 -0.609872 -0.057807  0.952191 0.185039
13  13.514985 -4.385536 41.652088  -0.098468 -0.952150 0.289334  0.920319 0.007874
barney_body.bmp
13  13.514985 -4.385536 41.652088  -0.098468 -0.952150 0.289334  0.920319 0.007874
13  9.421882 -1.087794 48.437538  -0.790389 -0.609872 -0.057807  0.952191 0.185039
13  12.539487 -3.910203 41.121655  -0.793340 -0.596495 -0.121676  0.940239 0.007874
barney_body.bmp
13  9.421882 -1.087794 48.437538  -0.790389 -0.609872 -0.057807  0.952191 0.185039
13  9.794195 -0.442231 45.280445  -0.919955 -0.001932 -0.392021  0.976096 0.114173
13  12.539487 -3.910203 41.121655  -0.793340 -0.596495 -0.121676  0.940239 0.007874
barney_body.bmp
13  12.539487 -3.910203 41.121655  -0.793340 -0.596495 -0.121676  0.940239 0.007874
13  9.794195 -0.442231 45.280445  -0.919955 -0.001932 -0.392021  0.976096 0.114173
13  12.288138 -2.736005 40.330845  -0.892323 0.060668 -0.447303  0.972112 0.007874
barney_body.bmp
9  -6.459883 5.822459 58.310356  -0.678213 0.719033 0.151719  0.992032 0.846457
9  -5.969883 6.363314 57.560970  -0.419783 0.890033 0.177830  0.980080 0.834646
9  -5.959888 5.847605 53.800381  -0.596416 0.782323 -0.179608  0.980080 0.748031
barney_body.bmp
9  -5.959888 5.847605 53.800381  -0.596416 0.782323 -0.179608  0.980080 0.748031
9  -5.969883 6.363314 57.560970  -0.419783 0.890033 0.177830  0.980080 0.834646
9  -3.699882 6.852682 58.111526  -0.137912 0.972086 0.189815  0.928287 0.846457
barney_body.bmp
9  -5.969883 6.363314 57.560970  -0.419783 0.890033 0.177830  0.980080 0.834646
9  -3.799881 6.381724 58.950993  -0.171381 0.826959 0.535506  0.932271 0.866142
9  -3.699882 6.852682 58.111526  -0.137912 0.972086 0.189815  0.928287 0.846457
barney_body.bmp
9  -3.699882 6.852682 58.111526  -0.137912 0.972086 0.189815  0.928287 0.846457
9  -3.799881 6.381724 58.950993  -0.171381 0.826959 0.535506  0.932271 0.866142
9  0.430118 6.972882 57.931660  -0.001699 0.865429 0.501028  0.832669 0.838583
barney_body.bmp
9  -3.799881 6.381724 58.950993  -0.171381 0.826959 0.535506  0.932271 0.866142
9  0.420119 6.431513 59.131042  0.000002 0.618430 0.785840  0.832669 0.870079
9  0.430118 6.972882 57.931660  -0.001699 0.865429 0.501028  0.832669 0.838583
barney_body.bmp
9  0.430118 6.972882 57.931660  -0.001699 0.865429 0.501028  0.832669 0.838583
9  0.420119 6.431513 59.131042  0.000002 0.618430 0.785840  0.832669 0.870079
9  4.660118 6.381712 58.950981  0.152590 0.792385 0.590628  0.737052 0.862205
barney_body.bmp
9  0.420119 6.431513 59.131042  0.000002 0.618430 0.785840  0.832669 0.870079
9  4.870118 5.560822 59.730045  -0.078396 0.569820 0.818022  0.733068 0.881890
9  4.660118 6.381712 58.950981  0.152590 0.792385 0.590628  0.737052 0.862205
barney_body.bmp
9  4.660118 6.381712 58.950981  0.152590 0.792385 0.590628  0.737052 0.862205
9  4.870118 5.560822 59.730045  -0.078396 0.569820 0.818022  0.733068 0.881890
9  7.770117 5.131480 59.149551  0.882019 0.406370 0.238550  0.665339 0.866142
barney_body.bmp
9  4.870118 5.560822 59.730045  -0.078396 0.569820 0.818022  0.733068 0.881890
9  7.570117 3.759084 61.247990  0.507956 0.643624 0.572477  0.669323 0.925197
9  7.770117 5.131480 59.149551  0.882019 0.406370 0.238550  0.665339 0.866142
barney_body.bmp
8  -6.709898 1.171841 50.650818  -0.988573 0.006596 -0.150600  0.573705 0.677165
9  -6.429888 5.137481 53.909569  -0.877898 0.431990 -0.206590  0.669323 0.748031
8  -5.649892 4.781164 51.244938  -0.706902 0.640176 -0.300775  0.701195 0.688976
barney_body.bmp
8  -6.709898 1.171841 50.650818  -0.988573 0.006596 -0.150600  0.573705 0.677165
9  -6.909883 5.131501 59.149567  -0.882018 0.406388 0.238521  0.665339 0.866142
9  -6.429888 5.137481 53.909569  -0.877898 0.431990 -0.206590  0.669323 0.748031
barney_body.bmp
8  -6.709898 1.171841 50.650818  -0.988573 0.006596 -0.150600  0.573705 0.677165
9  -6.789897 -3.056907 57.750221  -0.777684 -0.610401 0.150392  0.470120 0.842520
9  -6.909883 5.131501 59.149567  -0.882018 0.406388 0.238521  0.665339 0.866142
barney_body.bmp
8  -6.709898 1.171841 50.650818  -0.988573 0.006596 -0.150600  0.573705 0.677165
9  -6.339902 -3.571795 53.269630  -0.905871 -0.401117 -0.136022  0.466135 0.740157
9  -6.789897 -3.056907 57.750221  -0.777684 -0.610401 0.150392  0.470120 0.842520
barney_body.bmp
8  -6.709898 1.171841 50.650818  -0.988573 0.006596 -0.150600  0.573705 0.677165
8  -5.369905 -3.658089 50.585304  -0.906420 -0.358773 -0.222899  0.434263 0.677165
9  -6.339902 -3.571795 53.269630  -0.905871 -0.401117 -0.136022  0.466135 0.740157
barney_body.bmp
8  -6.709898 1.171841 50.650818  -0.988573 0.006596 -0.150600  0.573705 0.677165
8  -5.229907 -2.393742 46.776745  -0.849723 -0.521168 -0.079719  0.442231 0.590551
8  -5.369905 -3.658089 50.585304  -0.906420 -0.358773 -0.222899  0.434263 0.677165
barney_body.bmp
8  -6.709898 1.171841 50.650818  -0.988573 0.006596 -0.150600  0.573705 0.677165
8  -6.119902 0.966405 46.650581  -0.997168 -0.048594 -0.057400  0.569721 0.586614
8  -5.229907 -2.393742 46.776745  -0.849723 -0.521168 -0.079719  0.442231 0.590551
barney_body.bmp
8  -6.709898 1.171841 50.650818  -0.988573 0.006596 -0.150600  0.573705 0.677165
8  -5.589897 3.705832 47.153709  -0.913013 0.401106 -0.074304  0.689243 0.594488
8  -6.119902 0.966405 46.650581  -0.997168 -0.048594 -0.057400  0.569721 0.586614
barney_body.bmp
8  -6.709898 1.171841 50.650818  -0.988573 0.006596 -0.150600  0.573705 0.677165
8  -5.649892 4.781164 51.244938  -0.706902 0.640176 -0.300775  0.701195 0.688976
8  -5.589897 3.705832 47.153709  -0.913013 0.401106 -0.074304  0.689243 0.594488
barney_body.bmp
8  7.570103 1.171820 50.650806  0.988572 0.006594 -0.150603  0.573705 0.677165
8  6.510109 4.781146 51.244926  0.893477 0.405857 -0.192300  0.701195 0.688976
9  7.290112 5.137461 53.909557  0.936451 0.312138 -0.160093  0.669323 0.748031
barney_body.bmp
8  7.570103 1.171820 50.650806  0.988572 0.006594 -0.150603  0.573705 0.677165
8  6.450103 3.705815 47.153694  0.886842 0.460084 -0.042814  0.689243 0.594488
8  6.510109 4.781146 51.244926  0.893477 0.405857 -0.192300  0.701195 0.688976
barney_body.bmp
8  7.570103 1.171820 50.650806  0.988572 0.006594 -0.150603  0.573705 0.677165
8  6.980098 0.966386 46.650566  0.997168 -0.048595 -0.057399  0.569721 0.586614
8  6.450103 3.705815 47.153694  0.886842 0.460084 -0.042814  0.689243 0.594488
barney_body.bmp
8  7.570103 1.171820 50.650806  0.988572 0.006594 -0.150603  0.573705 0.677165
8  6.090094 -2.393759 46.776733  0.849704 -0.521200 -0.079709  0.442231 0.590551
8  6.980098 0.966386 46.650566  0.997168 -0.048595 -0.057399  0.569721 0.586614
barney_body.bmp
8  7.570103 1.171820 50.650806  0.988572 0.006594 -0.150603  0.573705 0.677165
8  6.230095 -3.658106 50.585293  0.906419 -0.358775 -0.222901  0.434263 0.677165
8  6.090094 -2.393759 46.776733  0.849704 -0.521200 -0.079709  0.442231 0.590551
barney_body.bmp
8  7.570103 1.171820 50.650806  0.988572 0.006594 -0.150603  0.573705 0.677165
9  7.200098 -3.571814 53.269615  0.905867 -0.401121 -0.136037  0.466135 0.740157
8  6.230095 -3.658106 50.585293  0.906419 -0.358775 -0.222901  0.434263 0.677165
barney_body.bmp
8  7.570103 1.171820 50.650806  0.988572 0.006594 -0.150603  0.573705 0.677165
9  7.650104 -3.056929 57.750206  0.777683 -0.610403 0.150392  0.470120 0.842520
9  7.200098 -3.571814 53.269615  0.905867 -0.401121 -0.136037  0.466135 0.740157
barney_body.bmp
8  7.570103 1.171820 50.650806  0.988572 0.006594 -0.150603  0.573705 0.677165
9  7.770117 5.131480 59.149551  0.882019 0.406370 0.238550  0.665339 0.866142
9  7.650104 -3.056929 57.750206  0.777683 -0.610403 0.150392  0.470120 0.842520
barney_body.bmp
8  7.570103 1.171820 50.650806  0.988572 0.006594 -0.150603  0.573705 0.677165
9  7.290112 5.137461 53.909557  0.936451 0.312138 -0.160093  0.669323 0.748031
9  7.770117 5.131480 59.149551  0.882019 0.406370 0.238550  0.665339 0.866142
barney_body.bmp
1  -4.169919 4.923933 43.457005  -0.332200 -0.873234 -0.356518  0.019920 0.366142
42  -4.738586 5.885154 41.628555  -0.325024 -0.763924 -0.557475  0.019920 0.362205
1  -3.979920 5.534576 41.597218  -0.370266 -0.753092 -0.543835  0.019920 0.362205
barney_body.bmp
1  -3.979920 5.534576 41.597218  -0.370266 -0.753092 -0.543835  0.019920 0.362205
42  -4.738586 5.885154 41.628555  -0.325024 -0.763924 -0.557475  0.019920 0.362205
1  -2.729923 6.625073 40.167591  -0.203874 -0.570481 -0.795604  0.019920 0.358268
barney_body.bmp
42  -4.738586 5.885154 41.628555  -0.325024 -0.763924 -0.557475  0.019920 0.362205
42  -3.068586 7.005711 39.978935  -0.100065 -0.518420 -0.849251  0.019920 0.358268
1  -2.729923 6.625073 40.167591  -0.203874 -0.570481 -0.795604  0.019920 0.358268
barney_body.bmp
1  -2.729923 6.625073 40.167591  -0.203874 -0.570481 -0.795604  0.019920 0.358268
42  -3.068586 7.005711 39.978935  -0.100065 -0.518420 -0.849251  0.019920 0.358268
1  0.420077 6.625081 40.167595  -0.000000 -0.453655 -0.891177  0.023904 0.358268
barney_body.bmp
42  -3.068586 7.005711 39.978935  -0.100065 -0.518420 -0.849251  0.019920 0.358268
42  3.931414 7.005701 39.978931  0.097041 -0.521113 -0.847953  0.027888 0.358268
1  0.420077 6.625081 40.167595  -0.000000 -0.453655 -0.891177  0.023904 0.358268
barney_body.bmp
1  0.420077 6.625081 40.167595  -0.000000 -0.453655 -0.891177  0.023904 0.358268
42  3.931414 7.005701 39.978931  0.097041 -0.521113 -0.847953  0.027888 0.358268
1  3.570077 6.625089 40.167595  0.198591 -0.574914 -0.793748  0.027888 0.358268
barney_body.bmp
42  3.931414 7.005701 39.978931  0.097041 -0.521113 -0.847953  0.027888 0.358268
42  5.591413 5.885138 41.628548  0.318017 -0.767304 -0.556875  0.031873 0.362205
1  3.570077 6.625089 40.167595  0.198591 -0.574914 -0.793748  0.027888 0.358268
barney_body.bmp
1  3.570077 6.625089 40.167595  0.198591 -0.574914 -0.793748  0.027888 0.358268
42  5.591413 5.885138 41.628548  0.318017 -0.767304 -0.556875  0.031873 0.362205
1  4.810080 5.534598 41.597218  0.360901 -0.756802 -0.544978  0.031873 0.362205
barney_body.bmp
42  5.591413 5.885138 41.628548  0.318017 -0.767304 -0.556875  0.031873 0.362205
1  5.030082 4.923956 43.457005  0.326678 -0.874384 -0.358795  0.031873 0.366142
1  4.810080 5.534598 41.597218  0.360901 -0.756802 -0.544978  0.031873 0.362205
barney_body.bmp
8  6.090094 -2.393759 46.776733  0.611904 0.696486 -0.374808  0.031873 0.370079
41  4.581411 -4.205725 40.975445  0.545395 0.651185 -0.527733  0.027888 0.362205
1  4.360102 -3.035810 42.774258  0.591481 0.708473 -0.384987  0.027888 0.362205
barney_body.bmp
1  4.360102 -3.035810 42.774258  0.591481 0.708473 -0.384987  0.027888 0.362205
41  4.581411 -4.205725 40.975445  0.545395 0.651185 -0.527733  0.027888 0.362205
1  4.080104 -3.815175 40.933990  0.362935 0.680715 -0.636321  0.027888 0.362205
barney_body.bmp
41  4.581411 -4.205725 40.975445  0.545395 0.651185 -0.527733  0.027888 0.362205
41  2.911409 -4.835284 39.685230  0.160846 0.631456 -0.758546  0.027888 0.358268
1  4.080104 -3.815175 40.933990  0.362935 0.680715 -0.636321  0.027888 0.362205
barney_body.bmp
1  4.080104 -3.815175 40.933990  0.362935 0.680715 -0.636321  0.027888 0.362205
41  2.911409 -4.835284 39.685230  0.160846 0.631456 -0.758546  0.027888 0.358268
1  0.420105 -4.184922 40.173862  0.000003 0.707197 -0.707017  0.023904 0.358268
barney_body.bmp
41  2.911409 -4.835284 39.685230  0.160846 0.631456 -0.758546  0.027888 0.358268
41  -2.048591 -4.835277 39.685238  -0.164071 0.627279 -0.761316  0.023904 0.358268
1  0.420105 -4.184922 40.173862  0.000003 0.707197 -0.707017  0.023904 0.358268
barney_body.bmp
1  0.420105 -4.184922 40.173862  0.000003 0.707197 -0.707017  0.023904 0.358268
41  -2.048591 -4.835277 39.685238  -0.164071 0.627279 -0.761316  0.023904 0.358268
1  -3.239896 -3.815194 40.933990  -0.373749 0.674190 -0.637008  0.019920 0.362205
barney_body.bmp
41  -2.048591 -4.835277 39.685238  -0.164071 0.627279 -0.761316  0.023904 0.358268
41  -3.728589 -4.205713 40.975452  -0.555404 0.643488 -0.526735  0.019920 0.362205
1  -3.239896 -3.815194 40.933990  -0.373749 0.674190 -0.637008  0.019920 0.362205
barney_body.bmp
1  -3.239896 -3.815194 40.933990  -0.373749 0.674190 -0.637008  0.019920 0.362205
41  -3.728589 -4.205713 40.975452  -0.555404 0.643488 -0.526735  0.019920 0.362205
1  -3.499898 -3.035830 42.774258  -0.600802 0.703091 -0.380394  0.019920 0.362205
barney_body.bmp
41  -3.728589 -4.205713 40.975452  -0.555404 0.643488 -0.526735  0.019920 0.362205
8  -5.229907 -2.393742 46.776745  -0.612003 0.696446 -0.374720  0.019920 0.370079
1  -3.499898 -3.035830 42.774258  -0.600802 0.703091 -0.380394  0.019920 0.362205
barney_body.bmp
7  -4.396185 4.895367 3.759466  -0.003999 0.997062 0.076494  0.003984 0.106299
7  -5.976186 4.076035 1.819185  -0.882183 0.470888 -0.004302  0.019920 0.055118
7  -5.936184 4.015376 3.729164  -0.732591 0.671445 0.111679  0.019920 0.102362
barney_body.bmp
7  -5.936184 4.015376 3.729164  -0.732591 0.671445 0.111679  0.019920 0.102362
7  -5.976186 4.076035 1.819185  -0.882183 0.470888 -0.004302  0.019920 0.055118
7  -6.266182 2.615085 4.568680  -0.996227 0.062705 0.060001  0.047809 0.125984
barney_body.bmp
7  -5.976186 4.076035 1.819185  -0.882183 0.470888 -0.004302  0.019920 0.055118
7  -6.306182 1.005597 3.088124  -0.985785 0.027197 0.165798  0.087649 0.094488
7  -6.266182 2.615085 4.568680  -0.996227 0.062705 0.060001  0.047809 0.125984
barney_body.bmp
7  -6.266182 2.615085 4.568680  -0.996227 0.062705 0.060001  0.047809 0.125984
7  -6.306182 1.005597 3.088124  -0.985785 0.027197 0.165798  0.087649 0.094488
7  -5.946180 -0.714752 4.097530  -0.830652 -0.292452 0.473803  0.143426 0.125984
barney_body.bmp
7  -6.306182 1.005597 3.088124  -0.985785 0.027197 0.165798  0.087649 0.094488
7  -6.636179 -3.364144 2.336616  -0.860619 -0.197003 0.469601  0.195219 0.078740
7  -5.946180 -0.714752 4.097530  -0.830652 -0.292452 0.473803  0.143426 0.125984
barney_body.bmp
7  -5.946180 -0.714752 4.097530  -0.830652 -0.292452 0.473803  0.143426 0.125984
7  -6.636179 -3.364144 2.336616  -0.860619 -0.197003 0.469601  0.195219 0.078740
7  -5.296177 -3.934458 3.246418  -0.337950 -0.208610 0.917753  0.199203 0.110236
barney_body.bmp
7  -6.636179 -3.364144 2.336616  -0.860619 -0.197003 0.469601  0.195219 0.078740
7  -5.746177 -4.834358 2.956107  -0.518783 -0.281383 0.807272  0.223108 0.090551
7  -5.296177 -3.934458 3.246418  -0.337950 -0.208610 0.917753  0.199203 0.110236
barney_body.bmp
7  -5.296177 -3.934458 3.246418  -0.337950 -0.208610 0.917753  0.199203 0.110236
7  -5.746177 -4.834358 2.956107  -0.518783 -0.281383 0.807272  0.223108 0.090551
7  -4.306176 -5.344494 3.355930  0.023706 -0.234596 0.971804  0.250996 0.110236
barney_body.bmp
7  -5.746177 -4.834358 2.956107  -0.518783 -0.281383 0.807272  0.223108 0.090551
7  -4.286176 -6.234332 2.885622  0.036010 -0.677857 0.734312  0.270916 0.094488
7  -4.306176 -5.344494 3.355930  0.023706 -0.234596 0.971804  0.250996 0.110236
barney_body.bmp
6  -2.121606 3.321093 11.942933  0.862464 0.496081 -0.100297  0.035857 0.291339
6  -4.321271 4.234830 6.533066  0.005228 0.996899 0.078520  0.015936 0.165354
6  -4.382085 4.654480 11.780407  0.006256 0.996823 -0.079405  0.007968 0.287402
barney_body.bmp
6  -4.382085 4.654480 11.780407  0.006256 0.996823 -0.079405  0.007968 0.287402
6  -4.321271 4.234830 6.533066  0.005228 0.996899 0.078520  0.015936 0.165354
6  -6.711918 3.314935 11.941642  -0.743072 0.661725 -0.099819  0.035857 0.291339
barney_body.bmp
6  -4.321271 4.234830 6.533066  0.005228 0.996899 0.078520  0.015936 0.165354
6  -5.971833 3.380019 6.577154  -0.924106 0.382020 0.009415  0.035857 0.169291
6  -6.711918 3.314935 11.941642  -0.743072 0.661725 -0.099819  0.035857 0.291339
barney_body.bmp
6  -6.711918 3.314935 11.941642  -0.743072 0.661725 -0.099819  0.035857 0.291339
6  -5.971833 3.380019 6.577154  -0.924106 0.382020 0.009415  0.035857 0.169291
6  -6.711138 0.650091 12.276164  -0.932551 -0.335209 -0.134103  0.103586 0.307087
barney_body.bmp
6  -5.971833 3.380019 6.577154  -0.924106 0.382020 0.009415  0.035857 0.169291
6  -5.973446 0.824722 6.686968  -0.829782 -0.543030 0.128763  0.095618 0.169291
6  -6.711138 0.650091 12.276164  -0.932551 -0.335209 -0.134103  0.103586 0.307087
barney_body.bmp
6  -6.711138 0.650091 12.276164  -0.932551 -0.335209 -0.134103  0.103586 0.307087
6  -5.973446 0.824722 6.686968  -0.829782 -0.543030 0.128763  0.095618 0.169291
6  -4.380664 -0.683374 12.437906  -0.203085 -0.975821 -0.080811  0.139442 0.307087
barney_body.bmp
6  -5.973446 0.824722 6.686968  -0.829782 -0.543030 0.128763  0.095618 0.169291
6  -4.324036 -0.273970 6.734111  0.137708 -0.978354 0.154465  0.143426 0.188976
6  -4.380664 -0.683374 12.437906  -0.203085 -0.975821 -0.080811  0.139442 0.307087
barney_body.bmp
6  -4.380664 -0.683374 12.437906  -0.203085 -0.975821 -0.080811  0.139442 0.307087
6  -4.324036 -0.273970 6.734111  0.137708 -0.978354 0.154465  0.143426 0.188976
6  -2.130826 0.656260 12.277566  0.771032 -0.629346 -0.097122  0.179283 0.299213
barney_body.bmp
6  -4.324036 -0.273970 6.734111  0.137708 -0.978354 0.154465  0.143426 0.188976
6  -2.773293 0.825951 6.682413  0.916332 -0.392225 0.080592  0.175299 0.208661
6  -2.130826 0.656260 12.277566  0.771032 -0.629346 -0.097122  0.179283 0.299213
barney_body.bmp
4  5.116271 -6.234320 2.885607  -0.036005 -0.677857 0.734312  0.270916 0.094488
4  6.576270 -4.834343 2.956087  0.518786 -0.281386 0.807269  0.223108 0.090551
4  5.136271 -5.344482 3.355914  -0.023701 -0.234596 0.971804  0.250996 0.110236
barney_body.bmp
4  5.136271 -5.344482 3.355914  -0.023701 -0.234596 0.971804  0.250996 0.110236
4  6.576270 -4.834343 2.956087  0.518786 -0.281386 0.807269  0.223108 0.090551
4  6.126270 -3.934443 3.246399  0.337953 -0.208608 0.917753  0.199203 0.110236
barney_body.bmp
4  6.576270 -4.834343 2.956087  0.518786 -0.281386 0.807269  0.223108 0.090551
4  7.466267 -3.364127 2.336593  0.860620 -0.197005 0.469598  0.195219 0.078740
4  6.126270 -3.934443 3.246399  0.337953 -0.208608 0.917753  0.199203 0.110236
barney_body.bmp
4  6.126270 -3.934443 3.246399  0.337953 -0.208608 0.917753  0.199203 0.110236
4  7.466267 -3.364127 2.336593  0.860620 -0.197005 0.469598  0.195219 0.078740
4  6.776268 -0.714736 4.097510  0.830652 -0.292450 0.473805  0.143426 0.125984
barney_body.bmp
4  7.466267 -3.364127 2.336593  0.860620 -0.197005 0.469598  0.195219 0.078740
4  7.136264 1.005613 3.088103  0.985785 0.027196 0.165795  0.087649 0.094488
4  6.776268 -0.714736 4.097510  0.830652 -0.292450 0.473805  0.143426 0.125984
barney_body.bmp
4  6.776268 -0.714736 4.097510  0.830652 -0.292450 0.473805  0.143426 0.125984
4  7.136264 1.005613 3.088103  0.985785 0.027196 0.165795  0.087649 0.094488
4  7.096266 2.615102 4.568659  0.996233 0.062595 0.060007  0.047809 0.125984
barney_body.bmp
4  7.136264 1.005613 3.088103  0.985785 0.027196 0.165795  0.087649 0.094488
4  6.806259 4.076051 1.819164  0.882181 0.470890 -0.004297  0.019920 0.055118
4  7.096266 2.615102 4.568659  0.996233 0.062595 0.060007  0.047809 0.125984
barney_body.bmp
4  7.096266 2.615102 4.568659  0.996233 0.062595 0.060007  0.047809 0.125984
4  6.806259 4.076051 1.819164  0.882181 0.470890 -0.004297  0.019920 0.055118
4  6.766263 4.015391 3.729144  0.732590 0.671445 0.111685  0.019920 0.102362
barney_body.bmp
4  6.806259 4.076051 1.819164  0.882181 0.470890 -0.004297  0.019920 0.055118
4  5.226262 4.895379 3.759450  0.003902 0.997061 0.076511  0.003984 0.106299
4  6.766263 4.015391 3.729144  0.732590 0.671445 0.111685  0.019920 0.102362
barney_body.bmp
3  3.603388 0.825947 6.682291  -0.916342 -0.392224 0.080483  0.175299 0.208661
3  5.154134 -0.273969 6.733985  -0.137742 -0.978353 0.154444  0.143426 0.188976
3  2.950937 0.656244 12.277335  -0.770928 -0.629323 -0.098097  0.179283 0.299213
barney_body.bmp
3  2.950937 0.656244 12.277335  -0.770928 -0.629323 -0.098097  0.179283 0.299213
3  5.154134 -0.273969 6.733985  -0.137742 -0.978353 0.154444  0.143426 0.188976
3  5.210779 -0.683373 12.437780  0.203085 -0.975822 -0.080797  0.139442 0.307087
barney_body.bmp
3  5.154134 -0.273969 6.733985  -0.137742 -0.978353 0.154444  0.143426 0.188976
3  6.803541 0.824728 6.686838  0.829766 -0.543030 0.128867  0.095618 0.169291
3  5.210779 -0.683373 12.437780  0.203085 -0.975822 -0.080797  0.139442 0.307087
barney_body.bmp
3  5.210779 -0.683373 12.437780  0.203085 -0.975822 -0.080797  0.139442 0.307087
3  6.803541 0.824728 6.686838  0.829766 -0.543030 0.128867  0.095618 0.169291
3  7.541249 0.650098 12.276032  0.932553 -0.335206 -0.134097  0.103586 0.307087
barney_body.bmp
3  6.803541 0.824728 6.686838  0.829766 -0.543030 0.128867  0.095618 0.169291
3  6.801920 3.380024 6.577024  0.924106 0.382021 0.009428  0.035857 0.169291
3  7.541249 0.650098 12.276032  0.932553 -0.335206 -0.134097  0.103586 0.307087
barney_body.bmp
3  7.541249 0.650098 12.276032  0.932553 -0.335206 -0.134097  0.103586 0.307087
3  6.801920 3.380024 6.577024  0.924106 0.382021 0.009428  0.035857 0.169291
3  7.542020 3.314942 11.941510  0.743086 0.661725 -0.099713  0.035857 0.291339
barney_body.bmp
3  6.801920 3.380024 6.577024  0.924106 0.382021 0.009428  0.035857 0.169291
3  5.151356 4.234831 6.532940  -0.005239 0.996898 0.078529  0.015936 0.165354
3  7.542020 3.314942 11.941510  0.743086 0.661725 -0.099713  0.035857 0.291339
barney_body.bmp
3  7.542020 3.314942 11.941510  0.743086 0.661725 -0.099713  0.035857 0.291339
3  5.151356 4.234831 6.532940  -0.005239 0.996898 0.078529  0.015936 0.165354
3  5.212183 4.654481 11.780281  -0.006259 0.996823 -0.079405  0.007968 0.287402
barney_body.bmp
3  5.151356 4.234831 6.532940  -0.005239 0.996898 0.078529  0.015936 0.165354
3  2.951708 3.321088 11.942813  -0.862470 0.496049 -0.100398  0.035857 0.291339
3  5.212183 4.654481 11.780281  -0.006259 0.996823 -0.079405  0.007968 0.287402
barney_body.bmp
25  -11.848943 0.735968 50.540051  -0.961053 -0.015564 0.275925  0.561753 0.200787
25  -11.260193 -0.837704 50.339226  -0.740656 -0.601896 0.298580  0.589641 0.200787
25  -8.774772 -1.272166 58.218220  -0.693106 -0.674700 0.253742  0.585657 0.358268
barney_body.bmp
25  -8.774772 -1.272166 58.218220  -0.693106 -0.674700 0.253742  0.585657 0.358268
25  -11.260193 -0.837704 50.339226  -0.740656 -0.601896 0.298580  0.589641 0.200787
25  -9.890549 -1.597580 49.778904  -0.048757 -0.989004 0.139617  0.621514 0.200787
barney_body.bmp
25  -11.260193 -0.837704 50.339226  -0.740656 -0.601896 0.298580  0.589641 0.200787
26  -11.467525 -1.092696 49.617409  -0.581617 -0.687194 0.435300  0.589641 0.185039
25  -9.890549 -1.597580 49.778904  -0.048757 -0.989004 0.139617  0.621514 0.200787
barney_body.bmp
25  -9.890549 -1.597580 49.778904  -0.048757 -0.989004 0.139617  0.621514 0.200787
26  -11.467525 -1.092696 49.617409  -0.581617 -0.687194 0.435300  0.589641 0.185039
26  -10.041750 -1.832987 49.259312  0.201393 -0.931765 0.302083  0.621514 0.188976
barney_body.bmp
26  -11.467525 -1.092696 49.617409  -0.581617 -0.687194 0.435300  0.589641 0.185039
26  -12.706121 -4.389624 41.652866  0.098472 -0.952151 0.289332  0.621514 0.007874
26  -10.041750 -1.832987 49.259312  0.201393 -0.931765 0.302083  0.621514 0.188976
barney_body.bmp
26  -10.041750 -1.832987 49.259312  0.201393 -0.931765 0.302083  0.621514 0.188976
26  -12.706121 -4.389624 41.652866  0.098472 -0.952151 0.289332  0.621514 0.007874
26  -8.613019 -1.091859 48.438305  0.790376 -0.609890 -0.057792  0.653386 0.181102
barney_body.bmp
26  -12.706121 -4.389624 41.652866  0.098472 -0.952151 0.289332  0.621514 0.007874
26  -11.730624 -3.914289 41.122429  0.793340 -0.596494 -0.121679  0.645418 0.007874
26  -8.613019 -1.091859 48.438305  0.790376 -0.609890 -0.057792  0.653386 0.181102
barney_body.bmp
26  -8.613019 -1.091859 48.438305  0.790376 -0.609890 -0.057792  0.653386 0.181102
26  -11.730624 -3.914289 41.122429  0.793340 -0.596494 -0.121679  0.645418 0.007874
26  -8.985337 -0.446302 45.281212  0.919951 -0.001997 -0.392029  0.677291 0.114173
barney_body.bmp
26  -11.730624 -3.914289 41.122429  0.793340 -0.596494 -0.121679  0.645418 0.007874
26  -11.479279 -2.740090 40.331615  0.892337 0.060614 -0.447282  0.673307 0.007874
26  -8.985337 -0.446302 45.281212  0.919951 -0.001997 -0.392029  0.677291 0.114173
barney_body.bmp
38  0.410126 -0.449069 74.974762  -0.002304 -0.223755 -0.974643  0.027888 0.370079
38  3.940118 -0.489807 66.807487  -0.730367 -0.607282 -0.312685  0.027888 0.362205
38  4.150118 -2.428256 68.686958  -0.866987 -0.222520 -0.445890  0.027888 0.366142
barney_body.bmp
38  0.410126 -0.449069 74.974762  -0.002304 -0.223755 -0.974643  0.027888 0.370079
38  0.410121 2.909889 65.099098  -0.006857 -0.946944 -0.321327  0.031873 0.362205
38  3.940118 -0.489807 66.807487  -0.730367 -0.607282 -0.312685  0.027888 0.362205
barney_body.bmp
38  0.410126 -0.449069 74.974762  -0.002304 -0.223755 -0.974643  0.027888 0.370079
38  -3.229882 -0.489798 66.807487  0.725196 -0.610137 -0.319098  0.027888 0.362205
38  0.410121 2.909889 65.099098  -0.006857 -0.946944 -0.321327  0.031873 0.362205
barney_body.bmp
38  0.410126 -0.449069 74.974762  -0.002304 -0.223755 -0.974643  0.027888 0.370079
38  -3.409882 -2.428247 68.686958  0.864099 -0.209615 -0.457597  0.027888 0.366142
38  -3.229882 -0.489798 66.807487  0.725196 -0.610137 -0.319098  0.027888 0.362205
barney_body.bmp
38  0.410126 -0.449069 74.974762  -0.002304 -0.223755 -0.974643  0.027888 0.370079
38  -2.629883 -4.477427 69.860359  0.771432 0.189483 -0.607444  0.023904 0.366142
38  -3.409882 -2.428247 68.686958  0.864099 -0.209615 -0.457597  0.027888 0.366142
barney_body.bmp
38  0.410126 -0.449069 74.974762  -0.002304 -0.223755 -0.974643  0.027888 0.370079
38  -1.429885 -5.988482 70.258507  0.354095 0.535215 -0.766917  0.023904 0.366142
38  -2.629883 -4.477427 69.860359  0.771432 0.189483 -0.607444  0.023904 0.366142
barney_body.bmp
38  0.410126 -0.449069 74.974762  -0.002304 -0.223755 -0.974643  0.027888 0.370079
38  2.200115 -5.988486 70.258499  -0.347882 0.539599 -0.766689  0.023904 0.366142
38  -1.429885 -5.988482 70.258507  0.354095 0.535215 -0.766917  0.023904 0.366142
barney_body.bmp
38  0.410126 -0.449069 74.974762  -0.002304 -0.223755 -0.974643  0.027888 0.370079
38  3.450117 -4.477434 69.860352  -0.773699 0.184869 -0.605982  0.023904 0.366142
38  2.200115 -5.988486 70.258499  -0.347882 0.539599 -0.766689  0.023904 0.366142
barney_body.bmp
38  0.410126 -0.449069 74.974762  -0.002304 -0.223755 -0.974643  0.027888 0.370079
38  4.150118 -2.428256 68.686958  -0.866987 -0.222520 -0.445890  0.027888 0.366142
38  3.450117 -4.477434 69.860352  -0.773699 0.184869 -0.605982  0.023904 0.366142
barney_body.bmp
9  -4.389892 -2.079810 60.291336  0.995378 0.010085 0.095504  0.203187 0.901575
9  -3.969897 -3.867653 58.399292  0.317211 -0.604921 0.730375  0.199203 0.854331
9  -3.889896 -2.987653 58.400295  0.653920 -0.054201 0.754619  0.207171 0.862205
barney_body.bmp
9  -3.889896 -2.987653 58.400295  0.653920 -0.054201 0.754619  0.207171 0.862205
9  -3.969897 -3.867653 58.399292  0.317211 -0.604921 0.730375  0.199203 0.854331
9  0.420102 -4.126871 57.708992  0.000000 -0.006381 0.999980  0.298805 0.854331
barney_body.bmp
9  -3.969897 -3.867653 58.399292  0.317211 -0.604921 0.730375  0.199203 0.854331
9  0.420101 -4.926882 57.718079  0.000009 -0.818437 0.574596  0.298805 0.842520
9  0.420102 -4.126871 57.708992  0.000000 -0.006381 0.999980  0.298805 0.854331
barney_body.bmp
9  0.420102 -4.126871 57.708992  0.000000 -0.006381 0.999980  0.298805 0.854331
9  0.420101 -4.926882 57.718079  0.000009 -0.818437 0.574596  0.298805 0.842520
9  4.830103 -3.867666 58.399284  -0.317208 -0.604899 0.730395  0.402390 0.854331
barney_body.bmp
9  0.420101 -4.926882 57.718079  0.000009 -0.818437 0.574596  0.298805 0.842520
9  4.730102 -4.126592 57.458988  0.251711 -0.944231 0.212296  0.398406 0.830709
9  4.830103 -3.867666 58.399284  -0.317208 -0.604899 0.730395  0.402390 0.854331
barney_body.bmp
9  4.830103 -3.867666 58.399284  -0.317208 -0.604899 0.730395  0.402390 0.854331
9  4.730102 -4.126592 57.458988  0.251711 -0.944231 0.212296  0.398406 0.830709
9  7.650104 -3.056929 57.750206  0.777683 -0.610403 0.150392  0.470120 0.838583
barney_body.bmp
9  4.730102 -4.126592 57.458988  0.251711 -0.944231 0.212296  0.398406 0.830709
9  7.120101 -3.545683 56.659649  0.492077 -0.858745 0.142885  0.454183 0.814961
9  7.650104 -3.056929 57.750206  0.777683 -0.610403 0.150392  0.470120 0.838583
barney_body.bmp
9  7.650104 -3.056929 57.750206  0.777683 -0.610403 0.150392  0.470120 0.838583
9  7.120101 -3.545683 56.659649  0.492077 -0.858745 0.142885  0.454183 0.814961
9  7.200098 -3.571814 53.269615  0.905867 -0.401121 -0.136037  0.462151 0.740157
barney_body.bmp
7  -5.826177 -5.963833 1.435717  -0.743189 -0.658431 0.118910  0.239044 0.043307
7  -4.276177 -6.623527 0.555488  0.045611 -0.998850 0.014805  0.258964 0.027559
7  -4.276176 -6.593890 1.605498  0.047201 -0.979686 0.194901  0.258964 0.047244
barney_body.bmp
7  -4.276176 -6.593890 1.605498  0.047201 -0.979686 0.194901  0.258964 0.047244
7  -4.276177 -6.623527 0.555488  0.045611 -0.998850 0.014805  0.258964 0.027559
7  -2.776177 -5.813806 1.365766  0.791048 -0.602502 0.105993  0.239044 0.043307
barney_body.bmp
7  -4.276177 -6.623527 0.555488  0.045611 -0.998850 0.014805  0.258964 0.027559
7  -2.776178 -5.813461 0.365766  0.875605 -0.483002 0.005099  0.243028 0.023622
7  -2.776177 -5.813806 1.365766  0.791048 -0.602502 0.105993  0.239044 0.043307
barney_body.bmp
7  -2.776177 -5.813806 1.365766  0.791048 -0.602502 0.105993  0.239044 0.043307
7  -2.776178 -5.813461 0.365766  0.875605 -0.483002 0.005099  0.243028 0.023622
7  -2.176180 -3.263709 1.086647  0.996113 -0.064379 0.060111  0.187251 0.039370
barney_body.bmp
7  -2.776178 -5.813461 0.365766  0.875605 -0.483002 0.005099  0.243028 0.023622
7  -2.176181 -3.313367 0.096629  0.999044 0.043703 0.000800  0.187251 0.019685
7  -2.176180 -3.263709 1.086647  0.996113 -0.064379 0.060111  0.187251 0.039370
barney_body.bmp
7  -2.176180 -3.263709 1.086647  0.996113 -0.064379 0.060111  0.187251 0.039370
7  -2.176181 -3.313367 0.096629  0.999044 0.043703 0.000800  0.187251 0.019685
7  -2.716182 -0.313737 1.167666  0.996483 0.083790 0.001271  0.119522 0.043307
barney_body.bmp
7  -2.176181 -3.313367 0.096629  0.999044 0.043703 0.000800  0.187251 0.019685
7  -2.716183 -0.353388 0.157652  0.996481 0.083808 0.001285  0.119522 0.019685
7  -2.716182 -0.313737 1.167666  0.996483 0.083790 0.001271  0.119522 0.043307
barney_body.bmp
7  -2.716182 -0.313737 1.167666  0.996483 0.083790 0.001271  0.119522 0.043307
7  -2.716183 -0.353388 0.157652  0.996481 0.083808 0.001285  0.119522 0.019685
7  -2.666187 3.796622 0.129085  0.948999 0.314294 -0.024916  0.023904 0.019685
barney_body.bmp
9  -4.329882 4.198348 61.908501  0.730619 0.366068 0.576359  0.944223 0.937008
9  -4.009882 5.560835 59.730053  0.078417 0.569803 0.818031  0.936255 0.881890
9  -6.709883 3.759105 61.248001  -0.507957 0.643633 0.572465  1.000000 0.929134
barney_body.bmp
9  -4.329882 4.198348 61.908501  0.730619 0.366068 0.576359  0.944223 0.937008
9  -4.009883 4.700767 59.789074  0.856500 -0.024674 0.515558  0.924303 0.893701
9  -4.009882 5.560835 59.730053  0.078417 0.569803 0.818031  0.936255 0.881890
barney_body.bmp
9  -4.329882 4.198348 61.908501  0.730619 0.366068 0.576359  0.944223 0.937008
9  -4.329883 3.768896 61.428013  0.994148 -0.081244 0.071200  0.932271 0.925197
9  -4.009883 4.700767 59.789074  0.856500 -0.024674 0.515558  0.924303 0.893701
barney_body.bmp
9  -4.329882 4.198348 61.908501  0.730619 0.366068 0.576359  0.944223 0.937008
9  -4.399884 2.067767 62.416069  0.999994 0.003557 -0.000193  0.932271 0.956693
9  -4.329883 3.768896 61.428013  0.994148 -0.081244 0.071200  0.932271 0.925197
barney_body.bmp
9  -4.329882 4.198348 61.908501  0.730619 0.366068 0.576359  0.944223 0.937008
9  -4.399884 2.107208 62.906116  0.617947 0.045231 0.784917  0.944223 0.976378
9  -4.399884 2.067767 62.416069  0.999994 0.003557 -0.000193  0.932271 0.956693
barney_body.bmp
9  -4.329882 4.198348 61.908501  0.730619 0.366068 0.576359  0.944223 0.937008
9  -6.779884 2.107999 62.216118  -0.684234 0.227094 0.693003  1.000000 0.964567
9  -4.399884 2.107208 62.906116  0.617947 0.045231 0.784917  0.944223 0.976378
barney_body.bmp
9  -4.329882 4.198348 61.908501  0.730619 0.366068 0.576359  0.944223 0.937008
9  -6.709883 3.759105 61.248001  -0.507957 0.643633 0.572465  1.000000 0.929134
9  -6.779884 2.107999 62.216118  -0.684234 0.227094 0.693003  1.000000 0.964567
barney_body.bmp
9  -6.429888 5.137481 53.909569  -0.877898 0.431990 -0.206590  1.000000 0.748031
9  -5.299889 5.639659 52.000141  -0.394698 0.855586 -0.334943  0.964143 0.708661
8  -5.649892 4.781164 51.244938  -0.706902 0.640176 -0.300775  0.972112 0.688976
barney_body.bmp
8  -5.649892 4.781164 51.244938  -0.706902 0.640176 -0.300775  0.972112 0.688976
9  -5.299889 5.639659 52.000141  -0.394698 0.855586 -0.334943  0.964143 0.708661
9  0.430112 6.589787 51.881218  -0.001499 0.811744 -0.584012  0.832669 0.704724
barney_body.bmp
9  -5.299889 5.639659 52.000141  -0.394698 0.855586 -0.334943  0.964143 0.708661
9  0.430118 7.473669 57.242229  -0.002498 0.995003 0.099818  0.832669 0.822835
9  0.430112 6.589787 51.881218  -0.001499 0.811744 -0.584012  0.832669 0.704724
barney_body.bmp
9  0.430112 6.589787 51.881218  -0.001499 0.811744 -0.584012  0.832669 0.704724
9  0.430118 7.473669 57.242229  -0.002498 0.995003 0.099818  0.832669 0.822835
9  6.160110 5.659642 52.000153  0.397901 0.852205 -0.339737  0.709163 0.708661
barney_body.bmp
9  0.430118 7.473669 57.242229  -0.002498 0.995003 0.099818  0.832669 0.822835
9  4.560118 6.872670 58.111542  0.135918 0.970993 0.196721  0.741036 0.846457
9  6.160110 5.659642 52.000153  0.397901 0.852205 -0.339737  0.709163 0.708661
barney_body.bmp
9  6.160110 5.659642 52.000153  0.397901 0.852205 -0.339737  0.709163 0.708661
9  4.560118 6.872670 58.111542  0.135918 0.970993 0.196721  0.741036 0.846457
9  6.820113 5.867587 53.800388  0.606278 0.774703 -0.179619  0.689243 0.744094
barney_body.bmp
9  4.560118 6.872670 58.111542  0.135918 0.970993 0.196721  0.741036 0.846457
9  6.840117 6.393295 57.560993  0.426876 0.884203 0.189637  0.689243 0.834646
9  6.820113 5.867587 53.800388  0.606278 0.774703 -0.179619  0.689243 0.744094
barney_body.bmp
9  7.200098 -3.571814 53.269615  0.804283 -0.567782 -0.175362  0.462151 0.740157
9  5.870095 -4.539666 51.388512  0.429776 -0.873162 -0.229957  0.426295 0.696850
8  6.230095 -3.658106 50.585293  0.385578 -0.705623 -0.594496  0.434263 0.677165
barney_body.bmp
8  6.230095 -3.658106 50.585293  0.385578 -0.705623 -0.594496  0.434263 0.677165
9  5.870095 -4.539666 51.388512  0.429776 -0.873162 -0.229957  0.426295 0.696850
9  0.420093 -5.639623 51.357262  -0.001098 -0.863673 -0.504051  0.298805 0.692913
barney_body.bmp
9  5.870095 -4.539666 51.388512  0.429776 -0.873162 -0.229957  0.426295 0.696850
9  0.420098 -5.644668 55.777260  -0.001804 -0.964288 0.264848  0.298805 0.795276
9  0.420093 -5.639623 51.357262  -0.001098 -0.863673 -0.504051  0.298805 0.692913
barney_body.bmp
9  0.420093 -5.639623 51.357262  -0.001098 -0.863673 -0.504051  0.298805 0.692913
9  0.420098 -5.644668 55.777260  -0.001804 -0.964288 0.264848  0.298805 0.795276
9  -5.019905 -4.529650 51.388535  -0.432312 -0.872220 -0.228776  0.171315 0.696850
barney_body.bmp
9  0.420098 -5.644668 55.777260  -0.001804 -0.964288 0.264848  0.298805 0.795276
9  -3.699900 -4.815792 56.768208  -0.175404 -0.910936 0.373401  0.203187 0.818898
9  -5.019905 -4.529650 51.388535  -0.432312 -0.872220 -0.228776  0.171315 0.696850
barney_body.bmp
9  -5.019905 -4.529650 51.388535  -0.432312 -0.872220 -0.228776  0.171315 0.696850
9  -3.699900 -4.815792 56.768208  -0.175404 -0.910936 0.373401  0.203187 0.818898
9  -5.799903 -4.341738 53.218750  -0.620503 -0.782895 -0.045294  0.155378 0.740157
barney_body.bmp
9  -3.699900 -4.815792 56.768208  -0.175404 -0.910936 0.373401  0.203187 0.818898
9  -5.719900 -4.315013 56.088783  -0.488119 -0.804109 0.339336  0.159363 0.807087
9  -5.799903 -4.341738 53.218750  -0.620503 -0.782895 -0.045294  0.155378 0.740157
barney_body.bmp
9  -3.499889 -0.751855 62.082851  -0.122987 -0.605403 0.786360  0.215139 0.940945
9  -4.389892 -2.079810 60.291336  -0.161108 -0.811644 0.561496  0.203187 0.901575
9  -1.999889 -0.951755 61.992622  -0.135014 -0.728211 0.671923  0.247012 0.937008
barney_body.bmp
9  -1.999889 -0.951755 61.992622  -0.135014 -0.728211 0.671923  0.247012 0.937008
9  -4.389892 -2.079810 60.291336  -0.161108 -0.811644 0.561496  0.203187 0.901575
9  -0.399892 -2.510626 61.000839  -0.126897 -0.837690 0.531199  0.274900 0.913386
barney_body.bmp
9  -4.389892 -2.079810 60.291336  -0.161108 -0.811644 0.561496  0.203187 0.901575
9  0.420102 -4.126871 57.708992  -0.000839 -0.912856 0.408282  0.298805 0.854331
9  -0.399892 -2.510626 61.000839  -0.126897 -0.837690 0.531199  0.274900 0.913386
barney_body.bmp
9  -0.399892 -2.510626 61.000839  -0.126897 -0.837690 0.531199  0.274900 0.913386
9  0.420102 -4.126871 57.708992  -0.000839 -0.912856 0.408282  0.298805 0.854331
9  1.220108 -2.510651 61.020840  0.124900 -0.832535 0.539708  0.318725 0.913386
barney_body.bmp
9  0.420102 -4.126871 57.708992  -0.000839 -0.912856 0.408282  0.298805 0.854331
9  5.250107 -2.079825 60.291325  0.151400 -0.807412 0.570232  0.398406 0.901575
9  1.220108 -2.510651 61.020840  0.124900 -0.832535 0.539708  0.318725 0.913386
barney_body.bmp
9  1.220108 -2.510651 61.020840  0.124900 -0.832535 0.539708  0.318725 0.913386
9  5.250107 -2.079825 60.291325  0.151400 -0.807412 0.570232  0.398406 0.901575
9  2.770111 -0.941716 61.952629  0.135298 -0.711816 0.689211  0.354582 0.937008
barney_body.bmp
9  5.250107 -2.079825 60.291325  0.151400 -0.807412 0.570232  0.398406 0.901575
9  4.300111 -0.741821 62.042854  0.087197 -0.604936 0.791485  0.378486 0.937008
9  2.770111 -0.941716 61.952629  0.135298 -0.711816 0.689211  0.354582 0.937008
barney_body.bmp
43  -7.499045 1.184053 35.749023  0.082523 0.191021 0.978111  0.099602 0.334646
43  -7.999041 -1.187777 41.038204  0.871671 0.410786 0.267291  0.131474 0.539370
43  -7.019039 -1.757695 40.808006  0.033770 0.865021 0.500598  0.143426 0.539370
barney_body.bmp
43  -7.499045 1.184053 35.749023  0.082523 0.191021 0.978111  0.099602 0.334646
43  -7.959046 0.982057 41.518955  0.994656 -0.068223 0.077488  0.079681 0.539370
43  -7.999041 -1.187777 41.038204  0.871671 0.410786 0.267291  0.131474 0.539370
barney_body.bmp
43  -7.499045 1.184053 35.749023  0.082523 0.191021 0.978111  0.099602 0.334646
43  -7.479054 4.422642 39.830143  0.683500 -0.573314 0.451816  0.007968 0.488189
43  -7.959046 0.982057 41.518955  0.994656 -0.068223 0.077488  0.079681 0.539370
barney_body.bmp
43  -7.499045 1.184053 35.749023  0.082523 0.191021 0.978111  0.099602 0.334646
43  -6.869054 4.422665 39.770142  -0.583313 -0.584506 0.564003  0.007968 0.488189
43  -7.479054 4.422642 39.830143  0.683500 -0.573314 0.451816  0.007968 0.488189
barney_body.bmp
43  -7.499045 1.184053 35.749023  0.082523 0.191021 0.978111  0.099602 0.334646
43  -6.029046 0.992124 41.338959  -0.964532 -0.079509 0.251709  0.079681 0.539370
43  -6.869054 4.422665 39.770142  -0.583313 -0.584506 0.564003  0.007968 0.488189
barney_body.bmp
43  -7.499045 1.184053 35.749023  0.082523 0.191021 0.978111  0.099602 0.334646
43  -6.069041 -1.177710 40.858208  -0.817273 0.399497 0.415291  0.131474 0.539370
43  -6.029046 0.992124 41.338959  -0.964532 -0.079509 0.251709  0.079681 0.539370
barney_body.bmp
43  -7.499045 1.184053 35.749023  0.082523 0.191021 0.978111  0.099602 0.334646
43  -7.019039 -1.757695 40.808006  0.033770 0.865021 0.500598  0.143426 0.539370
43  -6.069041 -1.177710 40.858208  -0.817273 0.399497 0.415291  0.131474 0.539370
barney_body.bmp
4  5.106269 -6.593877 1.605483  -0.047505 -0.979672 0.194901  0.258964 0.047244
4  3.606268 -5.813796 1.365754  -0.791046 -0.602504 0.105994  0.239044 0.043307
4  5.106267 -6.623515 0.555472  -0.045610 -0.998850 0.014805  0.258964 0.027559
barney_body.bmp
4  5.106267 -6.623515 0.555472  -0.045610 -0.998850 0.014805  0.258964 0.027559
4  3.606268 -5.813796 1.365754  -0.791046 -0.602504 0.105994  0.239044 0.043307
4  3.606266 -5.813451 0.365755  -0.875604 -0.483003 0.005089  0.243028 0.023622
barney_body.bmp
4  3.606268 -5.813796 1.365754  -0.791046 -0.602504 0.105994  0.239044 0.043307
4  3.006265 -3.263700 1.086637  -0.996114 -0.064380 0.060107  0.187251 0.039370
4  3.606266 -5.813451 0.365755  -0.875604 -0.483003 0.005089  0.243028 0.023622
barney_body.bmp
4  3.606266 -5.813451 0.365755  -0.875604 -0.483003 0.005089  0.243028 0.023622
4  3.006265 -3.263700 1.086637  -0.996114 -0.064380 0.060107  0.187251 0.039370
4  3.006263 -3.313358 0.096619  -0.999044 0.043701 0.000801  0.187251 0.019685
barney_body.bmp
4  3.006265 -3.263700 1.086637  -0.996114 -0.064380 0.060107  0.187251 0.039370
4  3.546262 -0.313727 1.167654  -0.996475 0.083885 0.001281  0.119522 0.043307
4  3.006263 -3.313358 0.096619  -0.999044 0.043701 0.000801  0.187251 0.019685
barney_body.bmp
4  3.006263 -3.313358 0.096619  -0.999044 0.043701 0.000801  0.187251 0.019685
4  3.546262 -0.313727 1.167654  -0.996475 0.083885 0.001281  0.119522 0.043307
4  3.546260 -0.353379 0.157640  -0.996469 0.083951 0.001218  0.119522 0.019685
barney_body.bmp
4  3.546262 -0.313727 1.167654  -0.996475 0.083885 0.001281  0.119522 0.043307
4  3.496256 3.796631 0.129074  -0.949000 0.314292 -0.024915  0.023904 0.019685
4  3.546260 -0.353379 0.157640  -0.996469 0.083951 0.001218  0.119522 0.019685
barney_body.bmp
1  -5.949902 -1.625881 42.904743  -0.489492 -0.440291 0.752690  0.513944 0.503937
1  -5.839903 -1.445208 40.954807  -0.938691 -0.334416 -0.083817  0.513944 0.460630
1  -3.239896 -3.815194 40.933990  -0.582809 -0.806907 0.096096  0.434263 0.460630
barney_body.bmp
1  -5.949902 -1.625881 42.904743  -0.489492 -0.440291 0.752690  0.513944 0.503937
1  -6.399912 2.464034 43.146156  -0.834607 0.095274 0.542545  0.601594 0.507874
1  -5.839903 -1.445208 40.954807  -0.938691 -0.334416 -0.083817  0.513944 0.460630
barney_body.bmp
1  -5.949902 -1.625881 42.904743  -0.489492 -0.440291 0.752690  0.513944 0.503937
1  -6.049911 2.114046 43.116035  0.010483 -0.069270 0.997543  0.597610 0.515748
1  -6.399912 2.464034 43.146156  -0.834607 0.095274 0.542545  0.601594 0.507874
barney_body.bmp
1  -5.949902 -1.625881 42.904743  -0.489492 -0.440291 0.752690  0.513944 0.503937
1  -5.609903 -1.275880 42.904865  0.046578 -0.044178 0.997937  0.521912 0.511811
1  -6.049911 2.114046 43.116035  0.010483 -0.069270 0.997543  0.597610 0.515748
barney_body.bmp
1  -5.949902 -1.625881 42.904743  -0.489492 -0.440291 0.752690  0.513944 0.503937
1  -3.499898 -3.035830 42.774258  -0.474385 -0.722025 0.503626  0.454183 0.503937
1  -5.609903 -1.275880 42.904865  0.046578 -0.044178 0.997937  0.521912 0.511811
barney_body.bmp
1  -5.949902 -1.625881 42.904743  -0.489492 -0.440291 0.752690  0.513944 0.503937
1  -3.239896 -3.815194 40.933990  -0.582809 -0.806907 0.096096  0.434263 0.460630
1  -3.499898 -3.035830 42.774258  -0.474385 -0.722025 0.503626  0.454183 0.503937
barney_body.bmp
41  4.581411 -4.205725 40.975445  0.301783 -0.941708 0.148704  0.398406 0.464567
41  2.621410 -4.655783 41.155293  0.118334 -0.983643 0.135810  0.350598 0.464567
41  2.911409 -4.835284 39.685230  0.118246 -0.983653 0.135811  0.358566 0.425197
barney_body.bmp
41  2.911409 -4.835284 39.685230  0.118246 -0.983653 0.135811  0.358566 0.425197
41  2.621410 -4.655783 41.155293  0.118334 -0.983643 0.135810  0.350598 0.464567
41  -2.048591 -4.835277 39.685238  -0.079012 -0.987621 0.135506  0.239044 0.425197
barney_body.bmp
41  2.621410 -4.655783 41.155293  0.118334 -0.983643 0.135810  0.350598 0.464567
41  -1.758590 -4.655777 41.155296  -0.157552 -0.977480 0.140395  0.250996 0.464567
41  -2.048591 -4.835277 39.685238  -0.079012 -0.987621 0.135506  0.239044 0.425197
barney_body.bmp
41  -2.048591 -4.835277 39.685238  -0.079012 -0.987621 0.135506  0.239044 0.425197
41  -1.758590 -4.655777 41.155296  -0.157552 -0.977480 0.140395  0.250996 0.464567
41  -3.728589 -4.205713 40.975452  -0.301785 -0.941708 0.148699  0.199203 0.464567
barney_body.bmp
41  -1.758590 -4.655777 41.155296  -0.157552 -0.977480 0.140395  0.250996 0.464567
41  -2.898588 -4.246094 42.095436  -0.242491 -0.959766 0.141590  0.219124 0.488189
41  -3.728589 -4.205713 40.975452  -0.301785 -0.941708 0.148699  0.199203 0.464567
barney_body.bmp
41  -3.728589 -4.205713 40.975452  -0.301785 -0.941708 0.148699  0.199203 0.464567
41  -2.898588 -4.246094 42.095436  -0.242491 -0.959766 0.141590  0.219124 0.488189
8  -3.579911 -3.760639 44.055183  -0.543992 -0.838612 0.028330  0.207171 0.531496
barney_body.bmp
9  5.230112 -0.762393 62.542831  -0.636161 -0.405879 0.656171  0.414343 0.956693
9  7.620111 -0.761598 61.842827  0.800190 -0.199368 0.565639  0.466135 0.948819
9  5.260116 2.107194 62.906105  -0.617989 0.045194 0.784887  0.410359 1.000000
barney_body.bmp
9  5.230112 -0.762393 62.542831  -0.636161 -0.405879 0.656171  0.414343 0.956693
9  7.640107 -2.210033 60.471172  0.487913 -0.695609 0.527323  0.462151 0.905512
9  7.620111 -0.761598 61.842827  0.800190 -0.199368 0.565639  0.466135 0.948819
barney_body.bmp
9  5.230112 -0.762393 62.542831  -0.636161 -0.405879 0.656171  0.414343 0.956693
9  5.250107 -2.510520 60.900833  -0.416298 -0.764660 0.491925  0.410359 0.913386
9  7.640107 -2.210033 60.471172  0.487913 -0.695609 0.527323  0.462151 0.905512
barney_body.bmp
9  5.230112 -0.762393 62.542831  -0.636161 -0.405879 0.656171  0.414343 0.956693
9  5.250107 -2.079825 60.291325  -0.995378 0.010087 0.095504  0.398406 0.901575
9  5.250107 -2.510520 60.900833  -0.416298 -0.764660 0.491925  0.410359 0.913386
barney_body.bmp
9  5.230112 -0.762393 62.542831  -0.636161 -0.405879 0.656171  0.414343 0.956693
9  5.230111 -0.591800 62.023026  -0.999993 0.003733 -0.000193  0.398406 0.937008
9  5.250107 -2.079825 60.291325  -0.995378 0.010087 0.095504  0.398406 0.901575
barney_body.bmp
9  5.230112 -0.762393 62.542831  -0.636161 -0.405879 0.656171  0.414343 0.956693
9  5.260116 2.107194 62.906105  -0.617989 0.045194 0.784887  0.410359 1.000000
9  5.230111 -0.591800 62.023026  -0.999993 0.003733 -0.000193  0.398406 0.937008
barney_body.bmp
8  6.510109 4.781146 51.244926  0.893477 0.405857 -0.192300  0.697211 0.688976
8  6.450103 3.705815 47.153694  0.886842 0.460084 -0.042814  0.689243 0.594488
8  5.650105 4.955016 47.855122  0.823316 0.562723 -0.074115  0.717131 0.614173
barney_body.bmp
8  5.650105 4.955016 47.855122  0.823316 0.562723 -0.074115  0.717131 0.614173
8  6.450103 3.705815 47.153694  0.886842 0.460084 -0.042814  0.689243 0.594488
42  5.091414 6.084820 42.568619  0.652363 0.753576 0.080904  0.729084 0.515748
barney_body.bmp
8  6.450103 3.705815 47.153694  0.886842 0.460084 -0.042814  0.689243 0.594488
42  5.591413 5.885138 41.628548  0.440724 0.875734 0.197111  0.713147 0.500000
42  5.091414 6.084820 42.568619  0.652363 0.753576 0.080904  0.729084 0.515748
barney_body.bmp
42  5.091414 6.084820 42.568619  0.652363 0.753576 0.080904  0.729084 0.515748
42  5.591413 5.885138 41.628548  0.440724 0.875734 0.197111  0.713147 0.500000
42  3.531414 6.785423 40.798855  0.163501 0.958784 0.232382  0.764940 0.480315
barney_body.bmp
42  5.591413 5.885138 41.628548  0.440724 0.875734 0.197111  0.713147 0.500000
42  3.931414 7.005701 39.978931  0.124699 0.940619 0.315729  0.756972 0.460630
42  3.531414 6.785423 40.798855  0.163501 0.958784 0.232382  0.764940 0.480315
barney_body.bmp
42  3.531414 6.785423 40.798855  0.163501 0.958784 0.232382  0.764940 0.480315
42  3.931414 7.005701 39.978931  0.124699 0.940619 0.315729  0.756972 0.460630
42  -3.068586 7.005711 39.978935  -0.082888 0.950805 0.298496  0.916335 0.456693
barney_body.bmp
7  -2.936176 -5.574197 2.495849  0.707904 -0.556990 0.434320  0.270916 0.145669
7  -2.366179 -3.434141 2.336588  0.934517 -0.079518 0.346922  0.235060 0.181102
7  -2.986177 -4.684355 2.956157  0.572895 -0.232403 0.785990  0.258964 0.133858
barney_body.bmp
7  -2.986177 -4.684355 2.956157  0.572895 -0.232403 0.785990  0.258964 0.133858
7  -2.366179 -3.434141 2.336588  0.934517 -0.079518 0.346922  0.235060 0.181102
7  -3.376177 -3.884456 3.246433  0.398267 -0.184698 0.898482  0.239044 0.145669
barney_body.bmp
7  -2.366179 -3.434141 2.336588  0.934517 -0.079518 0.346922  0.235060 0.181102
7  -3.006180 -0.474749 4.097610  0.866187 -0.284001 0.411172  0.191235 0.169291
7  -3.376177 -3.884456 3.246433  0.398267 -0.184698 0.898482  0.239044 0.145669
barney_body.bmp
7  -3.376177 -3.884456 3.246433  0.398267 -0.184698 0.898482  0.239044 0.145669
7  -3.006180 -0.474749 4.097610  0.866187 -0.284001 0.411172  0.191235 0.169291
7  -4.386178 -1.464933 4.627270  0.036003 -0.677777 0.734386  0.175299 0.141732
barney_body.bmp
7  -3.006180 -0.474749 4.097610  0.866187 -0.284001 0.411172  0.191235 0.169291
6  -2.773293 0.825951 6.682413  0.916332 -0.392225 0.080592  0.175299 0.208661
7  -4.386178 -1.464933 4.627270  0.036003 -0.677777 0.734386  0.175299 0.141732
barney_body.bmp
7  -4.386178 -1.464933 4.627270  0.036003 -0.677777 0.734386  0.175299 0.141732
6  -2.773293 0.825951 6.682413  0.916332 -0.392225 0.080592  0.175299 0.208661
6  -4.324036 -0.273970 6.734111  0.137708 -0.978354 0.154465  0.143426 0.188976
barney_body.bmp
4  5.206255 4.826633 0.129427  -0.017532 0.998564 -0.050614  0.003984 0.019685
4  6.806259 4.076051 1.819164  0.882181 0.470890 -0.004297  0.019920 0.055118
4  6.806256 3.936635 0.129116  0.821678 0.567978 -0.047397  0.019920 0.019685
barney_body.bmp
4  6.806256 3.936635 0.129116  0.821678 0.567978 -0.047397  0.019920 0.019685
4  6.806259 4.076051 1.819164  0.882181 0.470890 -0.004297  0.019920 0.055118
4  7.856263 -3.273354 0.096624  0.990908 -0.134538 0.000023  0.187251 0.019685
barney_body.bmp
4  6.806259 4.076051 1.819164  0.882181 0.470890 -0.004297  0.019920 0.055118
4  7.856265 -3.213695 1.086645  0.986908 -0.096001 0.129600  0.187251 0.039370
4  7.856263 -3.273354 0.096624  0.990908 -0.134538 0.000023  0.187251 0.019685
barney_body.bmp
4  7.856263 -3.273354 0.096624  0.990908 -0.134538 0.000023  0.187251 0.019685
4  7.856265 -3.213695 1.086645  0.986908 -0.096001 0.129600  0.187251 0.039370
4  6.656268 -5.963817 1.435697  0.743190 -0.658429 0.118910  0.239044 0.043307
barney_body.bmp
4  7.856265 -3.213695 1.086645  0.986908 -0.096001 0.129600  0.187251 0.039370
4  7.466267 -3.364127 2.336593  0.860620 -0.197005 0.469598  0.195219 0.078740
4  6.656268 -5.963817 1.435697  0.743190 -0.658429 0.118910  0.239044 0.043307
barney_body.bmp
4  6.656268 -5.963817 1.435697  0.743190 -0.658429 0.118910  0.239044 0.043307
4  7.466267 -3.364127 2.336593  0.860620 -0.197005 0.469598  0.195219 0.078740
4  6.496270 -5.724184 2.495780  0.639294 -0.633884 0.435309  0.227092 0.074803
barney_body.bmp
13  12.221858 -0.877918 41.461739  -0.646010 0.630647 -0.430065  0.772908 0.039370
13  9.794195 -0.442231 45.280445  -0.919955 -0.001932 -0.392021  0.737052 0.114173
13  10.565035 1.237511 44.862267  -0.528587 0.645078 -0.551788  0.760956 0.114173
barney_body.bmp
13  10.565035 1.237511 44.862267  -0.528587 0.645078 -0.551788  0.760956 0.114173
13  9.794195 -0.442231 45.280445  -0.919955 -0.001932 -0.392021  0.737052 0.114173
13  9.711251 2.472410 47.436481  -0.673599 0.648028 -0.355420  0.764940 0.181102
barney_body.bmp
13  9.794195 -0.442231 45.280445  -0.919955 -0.001932 -0.392021  0.737052 0.114173
13  8.990982 0.686093 47.702724  -0.953665 0.064902 -0.293786  0.737052 0.177165
13  9.711251 2.472410 47.436481  -0.673599 0.648028 -0.355420  0.764940 0.181102
barney_body.bmp
13  9.711251 2.472410 47.436481  -0.673599 0.648028 -0.355420  0.764940 0.181102
13  8.990982 0.686093 47.702724  -0.953665 0.064902 -0.293786  0.737052 0.177165
12  9.464843 2.513181 48.280506  -0.789874 0.520886 -0.323693  0.764940 0.196850
barney_body.bmp
13  8.990982 0.686093 47.702724  -0.953665 0.064902 -0.293786  0.737052 0.177165
12  8.654202 0.737356 48.885159  -0.950554 -0.097093 -0.294990  0.737052 0.196850
12  9.464843 2.513181 48.280506  -0.789874 0.520886 -0.323693  0.764940 0.196850
barney_body.bmp
12  9.464843 2.513181 48.280506  -0.789874 0.520886 -0.323693  0.764940 0.196850
12  8.654202 0.737356 48.885159  -0.950554 -0.097093 -0.294990  0.737052 0.196850
12  6.971460 1.007103 52.874260  -0.876616 -0.022086 -0.480683  0.729084 0.275591
barney_body.bmp
12  9.333198 0.955896 60.381847  0.796226 -0.008302 0.604942  0.860558 0.397638
12  8.540203 -1.271223 60.012527  0.603360 -0.593816 0.532296  0.892430 0.389764
12  10.420046 0.961385 58.422859  0.907009 -0.001904 0.421107  0.860558 0.354331
barney_body.bmp
12  10.420046 0.961385 58.422859  0.907009 -0.001904 0.421107  0.860558 0.354331
12  8.540203 -1.271223 60.012527  0.603360 -0.593816 0.532296  0.892430 0.389764
12  9.583382 -1.272078 58.218323  0.693110 -0.674707 0.253711  0.884462 0.358268
barney_body.bmp
12  8.540203 -1.271223 60.012527  0.603360 -0.593816 0.532296  0.892430 0.389764
12  7.620290 -2.192967 58.024326  0.048785 -0.989010 0.139571  0.920319 0.358268
12  9.583382 -1.272078 58.218323  0.693110 -0.674707 0.253711  0.884462 0.358268
barney_body.bmp
12  9.583382 -1.272078 58.218323  0.693110 -0.674707 0.253711  0.884462 0.358268
12  7.620290 -2.192967 58.024326  0.048785 -0.989010 0.139571  0.920319 0.358268
12  10.689650 -1.597526 49.775879  0.048757 -0.989005 0.139615  0.920319 0.200787
barney_body.bmp
12  7.620290 -2.192967 58.024326  0.048785 -0.989010 0.139571  0.920319 0.358268
12  5.290845 -1.270222 57.026215  -0.642816 -0.721516 -0.257298  0.980080 0.362205
12  10.689650 -1.597526 49.775879  0.048757 -0.989005 0.139615  0.920319 0.200787
barney_body.bmp
12  10.689650 -1.597526 49.775879  0.048757 -0.989005 0.139615  0.920319 0.200787
12  5.290845 -1.270222 57.026215  -0.642816 -0.721516 -0.257298  0.980080 0.362205
12  9.215139 -0.838112 49.157650  -0.754221 -0.640505 -0.144585  0.952191 0.196850
barney_body.bmp
9  -3.969897 -3.867653 58.399292  0.317211 -0.604921 0.730375  0.199203 0.854331
9  -4.389892 -2.079810 60.291336  0.995378 0.010085 0.095504  0.203187 0.901575
9  -4.389892 -2.510506 60.900845  0.416305 -0.764672 0.491901  0.187251 0.913386
barney_body.bmp
9  -4.389892 -2.510506 60.900845  0.416305 -0.764672 0.491901  0.187251 0.913386
9  -4.389892 -2.079810 60.291336  0.995378 0.010085 0.095504  0.203187 0.901575
9  -4.369888 -0.762379 62.542839  0.636126 -0.405934 0.656172  0.183267 0.956693
barney_body.bmp
9  -4.389892 -2.079810 60.291336  0.995378 0.010085 0.095504  0.203187 0.901575
9  -4.369889 -0.591786 62.023033  0.999994 0.003443 -0.000209  0.195219 0.937008
9  -4.369888 -0.762379 62.542839  0.636126 -0.405934 0.656172  0.183267 0.956693
barney_body.bmp
9  -4.369888 -0.762379 62.542839  0.636126 -0.405934 0.656172  0.183267 0.956693
9  -4.369889 -0.591786 62.023033  0.999994 0.003443 -0.000209  0.195219 0.937008
9  -4.399884 2.107208 62.906116  0.617947 0.045231 0.784917  0.183267 1.000000
barney_body.bmp
9  -4.369889 -0.591786 62.023033  0.999994 0.003443 -0.000209  0.195219 0.937008
9  -4.399884 2.067767 62.416069  0.999994 0.003557 -0.000193  0.195219 0.980315
9  -4.399884 2.107208 62.906116  0.617947 0.045231 0.784917  0.183267 1.000000
barney_body.bmp
1  -4.169919 4.923933 43.457005  -0.792642 0.608796 -0.032954  0.669323 0.511811
1  -6.049911 2.114046 43.116035  -0.974489 0.218116 -0.052891  0.597610 0.515748
8  -5.589897 3.705832 47.153709  -0.913013 0.401106 -0.074304  0.689243 0.594488
barney_body.bmp
8  -5.589897 3.705832 47.153709  -0.913013 0.401106 -0.074304  0.689243 0.594488
1  -6.049911 2.114046 43.116035  -0.974489 0.218116 -0.052891  0.597610 0.515748
8  -6.119902 0.966405 46.650581  -0.997168 -0.048594 -0.057400  0.569721 0.586614
barney_body.bmp
1  -6.049911 2.114046 43.116035  -0.974489 0.218116 -0.052891  0.597610 0.515748
1  -5.609903 -1.275880 42.904865  -0.914272 -0.399213 -0.068810  0.521912 0.511811
8  -6.119902 0.966405 46.650581  -0.997168 -0.048594 -0.057400  0.569721 0.586614
barney_body.bmp
8  -6.119902 0.966405 46.650581  -0.997168 -0.048594 -0.057400  0.569721 0.586614
1  -5.609903 -1.275880 42.904865  -0.914272 -0.399213 -0.068810  0.521912 0.511811
8  -5.229907 -2.393742 46.776745  -0.849723 -0.521168 -0.079719  0.442231 0.590551
barney_body.bmp
1  -5.609903 -1.275880 42.904865  -0.914272 -0.399213 -0.068810  0.521912 0.511811
1  -3.499898 -3.035830 42.774258  -0.474301 -0.721980 0.503769  0.454183 0.503937
8  -5.229907 -2.393742 46.776745  -0.849723 -0.521168 -0.079719  0.442231 0.590551
barney_body.bmp
1  4.080104 -3.815175 40.933990  0.582813 -0.807617 0.089909  0.434263 0.460630
1  6.680098 -1.445176 40.954807  0.937993 -0.333971 -0.092911  0.513944 0.460630
1  6.810098 -1.625849 42.904743  0.784313 -0.619227 0.037576  0.513944 0.503937
barney_body.bmp
1  6.810098 -1.625849 42.904743  0.784313 -0.619227 0.037576  0.513944 0.503937
1  6.680098 -1.445176 40.954807  0.937993 -0.333971 -0.092911  0.513944 0.460630
1  7.260088 2.464069 43.146156  0.981887 0.169072 -0.085512  0.601594 0.507874
barney_body.bmp
1  6.680098 -1.445176 40.954807  0.937993 -0.333971 -0.092911  0.513944 0.460630
1  7.100088 2.404746 41.186134  0.910130 0.413619 -0.024116  0.605578 0.464567
1  7.260088 2.464069 43.146156  0.981887 0.169072 -0.085512  0.601594 0.507874
barney_body.bmp
1  7.260088 2.464069 43.146156  0.981887 0.169072 -0.085512  0.601594 0.507874
1  7.100088 2.404746 41.186134  0.910130 0.413619 -0.024116  0.605578 0.464567
1  5.030082 4.923956 43.457005  0.791950 0.609373 -0.038470  0.669323 0.511811
barney_body.bmp
1  7.100088 2.404746 41.186134  0.910130 0.413619 -0.024116  0.605578 0.464567
1  4.810080 5.534598 41.597218  0.809999 0.578509 0.096062  0.685259 0.468504
1  5.030082 4.923956 43.457005  0.791950 0.609373 -0.038470  0.669323 0.511811
barney_body.bmp
1  4.360102 -3.035810 42.774258  0.582834 -0.807615 0.089790  0.454183 0.503937
1  6.470097 -1.275850 42.904865  0.914274 -0.399209 -0.068810  0.521912 0.511811
8  6.090094 -2.393759 46.776733  0.849704 -0.521200 -0.079709  0.442231 0.590551
barney_body.bmp
8  6.090094 -2.393759 46.776733  0.849704 -0.521200 -0.079709  0.442231 0.590551
1  6.470097 -1.275850 42.904865  0.914274 -0.399209 -0.068810  0.521912 0.511811
8  6.980098 0.966386 46.650566  0.997168 -0.048595 -0.057399  0.569721 0.586614
barney_body.bmp
1  6.470097 -1.275850 42.904865  0.914274 -0.399209 -0.068810  0.521912 0.511811
1  6.910088 2.114079 43.116035  0.974497 0.218071 -0.052915  0.597610 0.515748
8  6.980098 0.966386 46.650566  0.997168 -0.048595 -0.057399  0.569721 0.586614
barney_body.bmp
8  6.980098 0.966386 46.650566  0.997168 -0.048595 -0.057399  0.569721 0.586614
1  6.910088 2.114079 43.116035  0.974497 0.218071 -0.052915  0.597610 0.515748
8  6.450103 3.705815 47.153694  0.886842 0.460084 -0.042814  0.689243 0.594488
barney_body.bmp
1  6.910088 2.114079 43.116035  0.974497 0.218071 -0.052915  0.597610 0.515748
1  5.030082 4.923956 43.457005  0.791981 0.609326 -0.038577  0.669323 0.511811
8  6.450103 3.705815 47.153694  0.886842 0.460084 -0.042814  0.689243 0.594488
barney_body.bmp
9  -4.329883 3.768896 61.428013  -0.204393 0.709237 0.674690  0.932271 0.925197
9  -1.829882 3.677922 62.277905  -0.128181 0.701385 0.701162  0.888446 0.940945
9  -4.009883 4.700767 59.789074  -0.128666 0.873288 0.469908  0.924303 0.893701
barney_body.bmp
9  -4.009883 4.700767 59.789074  -0.128666 0.873288 0.469908  0.924303 0.893701
9  -1.829882 3.677922 62.277905  -0.128181 0.701385 0.701162  0.888446 0.940945
9  0.420118 5.681456 59.180187  -0.001658 0.865396 0.501086  0.832669 0.881890
barney_body.bmp
9  -1.829882 3.677922 62.277905  -0.128181 0.701385 0.701162  0.888446 0.940945
9  2.690118 3.677916 62.277901  0.127179 0.700341 0.702387  0.780876 0.940945
9  0.420118 5.681456 59.180187  -0.001658 0.865396 0.501086  0.832669 0.881890
barney_body.bmp
9  0.420118 5.681456 59.180187  -0.001658 0.865396 0.501086  0.832669 0.881890
9  2.690118 3.677916 62.277901  0.127179 0.700341 0.702387  0.780876 0.940945
9  4.870117 4.700754 59.789062  0.128651 0.873313 0.469866  0.749004 0.893701
barney_body.bmp
9  2.690118 3.677916 62.277901  0.127179 0.700341 0.702387  0.780876 0.940945
9  5.190117 3.768882 61.428001  0.204394 0.709236 0.674691  0.737052 0.921260
9  4.870117 4.700754 59.789062  0.128651 0.873313 0.469866  0.749004 0.893701
barney_body.bmp
9  -1.999889 -0.951755 61.992622  0.829986 -0.085496 0.551193  0.119522 0.889764
9  -2.249886 1.027365 62.764881  0.588944 -0.483920 0.647277  0.119522 0.842520
9  -3.139883 1.465860 64.085381  0.762871 -0.278181 0.583647  0.067729 0.842520
barney_body.bmp
9  -3.139883 1.465860 64.085381  0.762871 -0.278181 0.583647  0.067729 0.842520
9  -2.249886 1.027365 62.764881  0.588944 -0.483920 0.647277  0.119522 0.842520
9  -1.219881 3.275616 64.297447  0.308308 -0.760319 0.571718  0.067729 0.795276
barney_body.bmp
9  -2.249886 1.027365 62.764881  0.588944 -0.483920 0.647277  0.119522 0.842520
9  0.400117 2.747121 62.976841  -0.135647 -0.755689 0.640729  0.119522 0.767717
9  -1.219881 3.275616 64.297447  0.308308 -0.760319 0.571718  0.067729 0.795276
barney_body.bmp
9  -1.219881 3.275616 64.297447  0.308308 -0.760319 0.571718  0.067729 0.795276
9  0.400117 2.747121 62.976841  -0.135647 -0.755689 0.640729  0.119522 0.767717
9  2.090119 3.275611 64.297440  -0.225462 -0.766839 0.600937  0.067729 0.740157
barney_body.bmp
9  0.400117 2.747121 62.976841  -0.135647 -0.755689 0.640729  0.119522 0.767717
9  3.870117 1.485850 64.085396  -0.664988 -0.387438 0.638500  0.067729 0.696850
9  2.090119 3.275611 64.297440  -0.225462 -0.766839 0.600937  0.067729 0.740157
barney_body.bmp
9  4.470116 1.757618 62.535706  0.874036 0.289321 0.390327  0.059761 0.692913
9  2.690118 3.677916 62.277901  0.480948 0.815998 0.320681  0.059761 0.732283
9  3.870117 1.485850 64.085396  0.874024 0.289407 0.390288  0.000000 0.692913
barney_body.bmp
9  3.870117 1.485850 64.085396  0.874024 0.289407 0.390288  0.000000 0.692913
9  2.690118 3.677916 62.277901  0.480948 0.815998 0.320681  0.059761 0.732283
9  2.090119 3.275611 64.297440  0.246836 0.933942 0.258502  0.000000 0.736220
barney_body.bmp
9  2.690118 3.677916 62.277901  0.480948 0.815998 0.320681  0.059761 0.732283
9  -1.829882 3.677922 62.277905  -0.351503 0.889288 0.292597  0.059761 0.803150
9  2.090119 3.275611 64.297440  0.246836 0.933942 0.258502  0.000000 0.736220
barney_body.bmp
9  2.090119 3.275611 64.297440  0.246836 0.933942 0.258502  0.000000 0.736220
9  -1.829882 3.677922 62.277905  -0.351503 0.889288 0.292597  0.059761 0.803150
9  -1.219881 3.275616 64.297447  -0.351496 0.889290 0.292597  0.000000 0.799213
barney_body.bmp
9  -1.829882 3.677922 62.277905  -0.351503 0.889288 0.292597  0.059761 0.803150
9  -3.139883 1.465860 64.085381  -0.874511 0.271994 0.401559  0.000000 0.846457
9  -1.219881 3.275616 64.297447  -0.351496 0.889290 0.292597  0.000000 0.799213
barney_body.bmp
9  -0.929893 -3.781789 62.019390  -0.711110 -0.663023 0.233929  0.000000 0.972441
9  -2.809888 -1.313248 63.302212  -0.704581 -0.709567 0.008979  0.000000 0.901575
9  -2.119894 -3.099767 60.250168  -0.703289 0.533403 -0.469963  0.059761 0.948819
barney_body.bmp
9  -2.119894 -3.099767 60.250168  -0.703323 0.533419 -0.469895  0.059761 0.948819
9  -2.809888 -1.313248 63.302212  -0.704580 -0.709568 0.008932  0.000000 0.901575
9  -3.499889 -0.751855 62.082851  -0.823086 -0.544031 0.162972  0.059761 0.885827
barney_body.bmp
9  -2.809888 -1.313248 63.302212  -0.704580 -0.709568 0.008932  0.000000 0.901575
9  -3.139883 1.465860 64.085381  -0.874563 0.271868 0.401532  0.000000 0.846457
9  -3.499889 -0.751855 62.082851  -0.823086 -0.544031 0.162972  0.059761 0.885827
barney_body.bmp
9  -3.499889 -0.751855 62.082851  -0.823079 -0.544058 0.162916  0.059761 0.885827
9  -3.139883 1.465860 64.085381  -0.874511 0.271994 0.401559  0.000000 0.846457
9  -3.739885 1.727630 62.535683  -0.874538 0.271858 0.401593  0.059761 0.846457
barney_body.bmp
9  -3.139883 1.465860 64.085381  -0.874511 0.271994 0.401559  0.000000 0.846457
9  -1.829882 3.677922 62.277905  -0.351503 0.889288 0.292597  0.059761 0.803150
9  -3.739885 1.727630 62.535683  -0.874538 0.271858 0.401593  0.059761 0.846457
barney_body.bmp
7  -7.026180 -3.213713 1.086668  -0.986908 -0.096003 0.129602  0.187251 0.039370
7  -7.026181 -3.273371 0.096647  -0.990908 -0.134537 0.000025  0.187251 0.019685
7  -5.826177 -5.963833 1.435717  -0.743189 -0.658431 0.118910  0.239044 0.043307
barney_body.bmp
7  -7.026180 -3.213713 1.086668  -0.986908 -0.096003 0.129602  0.187251 0.039370
7  -5.976186 4.076035 1.819185  -0.882183 0.470888 -0.004302  0.019920 0.055118
7  -7.026181 -3.273371 0.096647  -0.990908 -0.134537 0.000025  0.187251 0.019685
barney_body.bmp
7  -7.026180 -3.213713 1.086668  -0.986908 -0.096003 0.129602  0.187251 0.039370
7  -6.306182 1.005597 3.088124  -0.985785 0.027197 0.165798  0.087649 0.094488
7  -5.976186 4.076035 1.819185  -0.882183 0.470888 -0.004302  0.019920 0.055118
barney_body.bmp
7  -7.026180 -3.213713 1.086668  -0.986908 -0.096003 0.129602  0.187251 0.039370
7  -6.636179 -3.364144 2.336616  -0.860619 -0.197003 0.469601  0.195219 0.078740
7  -6.306182 1.005597 3.088124  -0.985785 0.027197 0.165798  0.087649 0.094488
barney_body.bmp
7  -7.026180 -3.213713 1.086668  -0.986908 -0.096003 0.129602  0.187251 0.039370
7  -5.826177 -5.963833 1.435717  -0.743189 -0.658431 0.118910  0.239044 0.043307
7  -6.636179 -3.364144 2.336616  -0.860619 -0.197003 0.469601  0.195219 0.078740
barney_body.bmp
7  -2.776178 -5.813461 0.365766  -0.018810 -0.147932 -0.988819  0.314741 0.212598
7  -7.026181 -3.273371 0.096647  -0.004395 -0.059973 -0.998190  0.410359 0.153543
7  -2.176181 -3.313367 0.096629  -0.004575 -0.059938 -0.998192  0.310757 0.153543
barney_body.bmp
7  -2.176181 -3.313367 0.096629  -0.004575 -0.059938 -0.998192  0.310757 0.153543
7  -7.026181 -3.273371 0.096647  -0.004395 -0.059973 -0.998190  0.410359 0.153543
7  -2.716183 -0.353388 0.157652  0.003801 0.004988 -0.999980  0.322709 0.122047
barney_body.bmp
7  -7.026181 -3.273371 0.096647  -0.004395 -0.059973 -0.998190  0.410359 0.153543
7  -5.976187 3.936619 0.129136  0.003899 0.005120 -0.999979  0.394422 0.027559
7  -2.716183 -0.353388 0.157652  0.003801 0.004988 -0.999980  0.322709 0.122047
barney_body.bmp
7  -2.716183 -0.353388 0.157652  0.003801 0.004988 -0.999980  0.322709 0.122047
7  -5.976187 3.936619 0.129136  0.003899 0.005120 -0.999979  0.394422 0.027559
7  -2.666187 3.796622 0.129085  0.003907 0.005121 -0.999979  0.330677 0.031496
barney_body.bmp
7  -5.976187 3.936619 0.129136  0.003899 0.005120 -0.999979  0.394422 0.027559
7  -4.376188 4.826620 0.129442  0.003952 0.005163 -0.999979  0.362550 0.007874
7  -2.666187 3.796622 0.129085  0.003907 0.005121 -0.999979  0.330677 0.031496
barney_body.bmp
6  -2.781571 3.379568 6.582566  0.888795 0.456227 0.043591  0.035857 0.169291
6  -4.321271 4.234830 6.533066  0.005228 0.996899 0.078520  0.015936 0.165354
6  -2.121606 3.321093 11.942933  0.862464 0.496081 -0.100297  0.035857 0.291339
barney_body.bmp
6  -2.781571 3.379568 6.582566  0.888795 0.456227 0.043591  0.035857 0.169291
7  -2.846184 4.055379 3.729175  0.721198 0.684802 0.104498  0.019920 0.102362
6  -4.321271 4.234830 6.533066  0.005228 0.996899 0.078520  0.015936 0.165354
barney_body.bmp
6  -2.781571 3.379568 6.582566  0.888795 0.456227 0.043591  0.035857 0.169291
7  -2.506182 2.675096 4.548698  0.998203 0.036011 0.047894  0.047809 0.125984
7  -2.846184 4.055379 3.729175  0.721198 0.684802 0.104498  0.019920 0.102362
barney_body.bmp
6  -2.781571 3.379568 6.582566  0.888795 0.456227 0.043591  0.035857 0.169291
6  -2.773293 0.825951 6.682413  0.916332 -0.392225 0.080592  0.095618 0.169291
7  -2.506182 2.675096 4.548698  0.998203 0.036011 0.047894  0.047809 0.125984
barney_body.bmp
6  -2.781571 3.379568 6.582566  0.888795 0.456227 0.043591  0.035857 0.169291
6  -2.121606 3.321093 11.942933  0.862464 0.496081 -0.100297  0.035857 0.291339
6  -2.773293 0.825951 6.682413  0.916332 -0.392225 0.080592  0.095618 0.169291
barney_body.bmp
4  5.206255 4.826633 0.129427  -0.003953 0.005165 -0.999979  0.362550 0.007874
4  6.806256 3.936635 0.129116  -0.003899 0.005120 -0.999979  0.394422 0.027559
4  3.496256 3.796631 0.129074  -0.003909 0.005122 -0.999979  0.330677 0.031496
barney_body.bmp
4  3.496256 3.796631 0.129074  -0.003909 0.005122 -0.999979  0.330677 0.031496
4  6.806256 3.936635 0.129116  -0.003899 0.005120 -0.999979  0.394422 0.027559
4  3.546260 -0.353379 0.157640  -0.003802 0.004990 -0.999980  0.322709 0.122047
barney_body.bmp
4  6.806256 3.936635 0.129116  -0.003899 0.005120 -0.999979  0.394422 0.027559
4  7.856263 -3.273354 0.096624  0.004395 -0.059972 -0.998191  0.410359 0.153543
4  3.546260 -0.353379 0.157640  -0.003802 0.004990 -0.999980  0.322709 0.122047
barney_body.bmp
4  3.546260 -0.353379 0.157640  -0.003802 0.004990 -0.999980  0.322709 0.122047
4  7.856263 -3.273354 0.096624  0.004395 -0.059972 -0.998191  0.410359 0.153543
4  3.006263 -3.313358 0.096619  0.004396 -0.059980 -0.998190  0.310757 0.153543
barney_body.bmp
4  7.856263 -3.273354 0.096624  0.004395 -0.059972 -0.998191  0.410359 0.153543
4  3.606266 -5.813451 0.365755  0.018793 -0.147886 -0.988826  0.314741 0.212598
4  3.006263 -3.313358 0.096619  0.004396 -0.059980 -0.998190  0.310757 0.153543
barney_body.bmp
4  3.816270 -4.684345 2.956144  -0.572891 -0.232397 0.785995  0.258964 0.133858
4  4.206270 -3.884445 3.246420  -0.398263 -0.184696 0.898484  0.239044 0.145669
4  3.196267 -3.434132 2.336577  -0.934532 -0.079397 0.346908  0.235060 0.181102
barney_body.bmp
4  3.196267 -3.434132 2.336577  -0.934532 -0.079397 0.346908  0.235060 0.181102
4  4.206270 -3.884445 3.246420  -0.398263 -0.184696 0.898484  0.239044 0.145669
4  3.836268 -0.474739 4.097598  -0.866185 -0.284003 0.411177  0.191235 0.169291
barney_body.bmp
4  4.206270 -3.884445 3.246420  -0.398263 -0.184696 0.898484  0.239044 0.145669
4  5.216270 -1.464921 4.627254  -0.036004 -0.677772 0.734391  0.175299 0.141732
4  3.836268 -0.474739 4.097598  -0.866185 -0.284003 0.411177  0.191235 0.169291
barney_body.bmp
4  3.836268 -0.474739 4.097598  -0.866185 -0.284003 0.411177  0.191235 0.169291
4  5.216270 -1.464921 4.627254  -0.036004 -0.677772 0.734391  0.175299 0.141732
3  3.603388 0.825947 6.682291  -0.916342 -0.392224 0.080483  0.175299 0.208661
barney_body.bmp
4  5.216270 -1.464921 4.627254  -0.036004 -0.677772 0.734391  0.175299 0.141732
3  5.154134 -0.273969 6.733985  -0.137742 -0.978353 0.154444  0.143426 0.188976
3  3.603388 0.825947 6.682291  -0.916342 -0.392224 0.080483  0.175299 0.208661
barney_body.bmp
3  3.601659 3.379553 6.582333  -0.888788 0.456241 0.043592  0.035857 0.169291
3  2.951708 3.321088 11.942813  -0.862470 0.496049 -0.100398  0.035857 0.291339
3  5.151356 4.234831 6.532940  -0.005239 0.996898 0.078529  0.015936 0.165354
barney_body.bmp
3  3.601659 3.379553 6.582333  -0.888788 0.456241 0.043592  0.035857 0.169291
3  3.603388 0.825947 6.682291  -0.916342 -0.392224 0.080483  0.095618 0.169291
3  2.951708 3.321088 11.942813  -0.862470 0.496049 -0.100398  0.035857 0.291339
barney_body.bmp
3  3.601659 3.379553 6.582333  -0.888788 0.456241 0.043592  0.035857 0.169291
4  3.336266 2.675105 4.548687  -0.998203 0.036012 0.047894  0.047809 0.125984
3  3.603388 0.825947 6.682291  -0.916342 -0.392224 0.080483  0.095618 0.169291
barney_body.bmp
3  3.601659 3.379553 6.582333  -0.888788 0.456241 0.043592  0.035857 0.169291
4  3.676263 4.055388 3.729163  -0.721228 0.684773 0.104478  0.019920 0.102362
4  3.336266 2.675105 4.548687  -0.998203 0.036012 0.047894  0.047809 0.125984
barney_body.bmp
3  3.601659 3.379553 6.582333  -0.888788 0.456241 0.043592  0.035857 0.169291
3  5.151356 4.234831 6.532940  -0.005239 0.996898 0.078529  0.015936 0.165354
4  3.676263 4.055388 3.729163  -0.721228 0.684773 0.104478  0.019920 0.102362
barney_body.bmp
26  -11.411404 -0.868740 41.467152  0.646000 0.630652 -0.430072  0.474104 0.039370
26  -13.189246 -0.664161 39.708538  0.220589 0.863015 -0.454473  0.494024 0.000000
26  -12.745464 0.051991 41.429230  0.017452 0.979192 0.202182  0.498008 0.035433
barney_body.bmp
26  -11.411404 -0.868740 41.467152  0.646000 0.630652 -0.430072  0.474104 0.039370
26  -12.076411 -1.527141 39.873047  0.735393 0.459439 -0.498109  0.474104 0.003937
26  -13.189246 -0.664161 39.708538  0.220589 0.863015 -0.454473  0.494024 0.000000
barney_body.bmp
26  -11.411404 -0.868740 41.467152  0.646000 0.630652 -0.430072  0.474104 0.039370
26  -11.479279 -2.740090 40.331615  0.892337 0.060614 -0.447282  0.446215 0.007874
26  -12.076411 -1.527141 39.873047  0.735393 0.459439 -0.498109  0.474104 0.003937
barney_body.bmp
26  -11.411404 -0.868740 41.467152  0.646000 0.630652 -0.430072  0.474104 0.039370
26  -8.985337 -0.446302 45.281212  0.919951 -0.001997 -0.392029  0.438247 0.114173
26  -11.479279 -2.740090 40.331615  0.892337 0.060614 -0.447282  0.446215 0.007874
barney_body.bmp
26  -11.411404 -0.868740 41.467152  0.646000 0.630652 -0.430072  0.474104 0.039370
26  -9.765681 1.233488 44.866158  0.528614 0.645051 -0.551793  0.462151 0.114173
26  -8.985337 -0.446302 45.281212  0.919951 -0.001997 -0.392029  0.438247 0.114173
barney_body.bmp
26  -9.765681 1.233488 44.866158  0.528614 0.645051 -0.551793  0.462151 0.114173
26  -8.903660 2.477429 47.433262  0.673589 0.648038 -0.355421  0.466135 0.181102
26  -8.985337 -0.446302 45.281212  0.919951 -0.001997 -0.392029  0.438247 0.114173
barney_body.bmp
26  -8.985337 -0.446302 45.281212  0.919951 -0.001997 -0.392029  0.438247 0.114173
26  -8.903660 2.477429 47.433262  0.673589 0.648038 -0.355421  0.466135 0.181102
26  -8.183386 0.691115 47.699509  0.953665 0.064874 -0.293793  0.438247 0.173228
barney_body.bmp
26  -8.903660 2.477429 47.433262  0.673589 0.648038 -0.355421  0.466135 0.181102
25  -8.659382 2.512866 48.270905  0.789888 0.520870 -0.323683  0.466135 0.196850
26  -8.183386 0.691115 47.699509  0.953665 0.064874 -0.293793  0.438247 0.173228
barney_body.bmp
26  -8.183386 0.691115 47.699509  0.953665 0.064874 -0.293793  0.438247 0.173228
25  -8.659382 2.512866 48.270905  0.789888 0.520870 -0.323683  0.466135 0.196850
25  -7.845609 0.737256 48.885056  0.950554 -0.097066 -0.295000  0.438247 0.192913
barney_body.bmp
25  -8.659382 2.512866 48.270905  0.789888 0.520870 -0.323683  0.466135 0.196850
25  -6.162863 1.007013 52.874149  0.876605 -0.022101 -0.480702  0.430279 0.275591
25  -7.845609 0.737256 48.885056  0.950554 -0.097066 -0.295000  0.438247 0.192913
barney_body.bmp
25  -9.611442 0.961295 58.422756  -0.907024 -0.001896 0.421075  0.561753 0.354331
25  -8.774772 -1.272166 58.218220  -0.693106 -0.674700 0.253742  0.585657 0.358268
25  -7.731591 -1.271306 60.012424  -0.603357 -0.593829 0.532284  0.593625 0.389764
barney_body.bmp
25  -7.731591 -1.271306 60.012424  -0.603357 -0.593829 0.532284  0.593625 0.389764
25  -8.774772 -1.272166 58.218220  -0.693106 -0.674700 0.253742  0.585657 0.358268
25  -6.821177 -2.192999 58.027348  -0.048805 -0.989004 0.139600  0.621514 0.358268
barney_body.bmp
25  -8.774772 -1.272166 58.218220  -0.693106 -0.674700 0.253742  0.585657 0.358268
25  -9.890549 -1.597580 49.778904  -0.048757 -0.989004 0.139617  0.621514 0.200787
25  -6.821177 -2.192999 58.027348  -0.048805 -0.989004 0.139600  0.621514 0.358268
barney_body.bmp
25  -6.821177 -2.192999 58.027348  -0.048805 -0.989004 0.139600  0.621514 0.358268
25  -9.890549 -1.597580 49.778904  -0.048757 -0.989004 0.139617  0.621514 0.200787
25  -4.482236 -1.270300 57.026108  0.642817 -0.721522 -0.257281  0.681275 0.362205
barney_body.bmp
25  -9.890549 -1.597580 49.778904  -0.048757 -0.989004 0.139617  0.621514 0.200787
25  -8.406559 -0.828216 49.157330  0.754214 -0.640510 -0.144596  0.653386 0.196850
25  -4.482236 -1.270300 57.026108  0.642817 -0.721522 -0.257281  0.681275 0.362205
barney_body.bmp
25  -4.320146 3.176192 60.485401  0.629471 0.705533 0.325560  0.462151 0.425197
9  -6.439884 3.179333 61.047340  -0.129696 0.597222 0.791521  0.505976 0.421260
25  -3.922923 0.959486 61.088585  0.584389 -0.057208 0.809455  0.458167 0.448819
barney_body.bmp
25  -4.320146 3.176192 60.485401  0.629471 0.705533 0.325560  0.462151 0.425197
25  -6.817437 4.188605 58.031090  -0.061802 0.989296 0.132185  0.498008 0.362205
9  -6.439884 3.179333 61.047340  -0.129696 0.597222 0.791521  0.505976 0.421260
barney_body.bmp
25  -4.320146 3.176192 60.485401  0.629471 0.705533 0.325560  0.462151 0.425197
25  -4.481141 3.180652 57.021164  0.648881 0.710584 -0.272074  0.434263 0.358268
25  -6.817437 4.188605 58.031090  -0.061802 0.989296 0.132185  0.498008 0.362205
barney_body.bmp
25  -4.320146 3.176192 60.485401  0.629471 0.705533 0.325560  0.462151 0.425197
25  -3.251695 0.963944 56.634289  0.986879 -0.015591 -0.160708  0.418327 0.362205
25  -4.481141 3.180652 57.021164  0.648881 0.710584 -0.272074  0.434263 0.358268
barney_body.bmp
25  -4.320146 3.176192 60.485401  0.629471 0.705533 0.325560  0.462151 0.425197
25  -3.922923 0.959486 61.088585  0.584389 -0.057208 0.809455  0.458167 0.448819
25  -3.251695 0.963944 56.634289  0.986879 -0.015591 -0.160708  0.418327 0.362205
barney_body.bmp
9  7.350113 0.958504 61.754791  0.111854 -0.049104 0.992511  0.860558 0.433071
9  7.240116 3.179313 61.047325  0.129700 0.597216 0.791525  0.804781 0.421260
12  4.731530 0.959556 61.088696  -0.584399 -0.057176 0.809449  0.752988 0.448819
barney_body.bmp
12  4.731530 0.959556 61.088696  -0.584399 -0.057176 0.809449  0.752988 0.448819
9  7.240116 3.179313 61.047325  0.129700 0.597216 0.791525  0.804781 0.421260
12  5.128746 3.176264 60.485519  -0.629478 0.705562 0.325484  0.760956 0.425197
barney_body.bmp
9  7.240116 3.179313 61.047325  0.129700 0.597216 0.791525  0.804781 0.421260
12  7.626031 4.188688 58.031200  0.061784 0.989300 0.132165  0.796813 0.362205
12  5.128746 3.176264 60.485519  -0.629478 0.705562 0.325484  0.760956 0.425197
barney_body.bmp
12  5.128746 3.176264 60.485519  -0.629478 0.705562 0.325484  0.760956 0.425197
12  7.626031 4.188688 58.031200  0.061784 0.989300 0.132165  0.796813 0.362205
12  5.289737 3.180730 57.021278  -0.648882 0.710580 -0.272081  0.733068 0.358268
barney_body.bmp
12  7.626031 4.188688 58.031200  0.061784 0.989300 0.132165  0.796813 0.362205
12  10.979717 3.261552 48.783596  -0.016364 0.996110 -0.086589  0.796813 0.200787
12  5.289737 3.180730 57.021278  -0.648882 0.710580 -0.272081  0.733068 0.358268
barney_body.bmp
42  -4.738586 5.885154 41.628555  -0.537543 0.829814 0.149852  0.952191 0.492126
42  -2.678586 6.785432 40.798859  -0.218398 0.950600 0.220592  0.908367 0.484252
42  -3.068586 7.005711 39.978935  -0.082888 0.950805 0.298496  0.916335 0.456693
barney_body.bmp
42  -4.738586 5.885154 41.628555  -0.537543 0.829814 0.149852  0.952191 0.492126
42  -4.238586 6.084834 42.568623  -0.471106 0.879295 0.070001  0.940239 0.515748
42  -2.678586 6.785432 40.798859  -0.218398 0.950600 0.220592  0.908367 0.484252
barney_body.bmp
42  -4.738586 5.885154 41.628555  -0.537543 0.829814 0.149852  0.952191 0.492126
8  -4.789895 4.955031 47.855133  -0.654537 0.747602 -0.112573  0.952191 0.614173
42  -4.238586 6.084834 42.568623  -0.471106 0.879295 0.070001  0.940239 0.515748
barney_body.bmp
42  -4.738586 5.885154 41.628555  -0.537543 0.829814 0.149852  0.952191 0.492126
8  -5.589897 3.705832 47.153709  -0.913013 0.401106 -0.074304  0.984064 0.594488
8  -4.789895 4.955031 47.855133  -0.654537 0.747602 -0.112573  0.952191 0.614173
barney_body.bmp
9  0.430099 -5.095239 56.277885  -0.002099 -0.691676 0.722205  0.298805 0.807087
9  4.540100 -4.825804 56.768188  0.173596 -0.909956 0.376622  0.394422 0.814961
9  4.730102 -4.126592 57.458988  0.241520 -0.712979 0.658277  0.398406 0.830709
barney_body.bmp
9  4.730102 -4.126592 57.458988  0.241520 -0.712979 0.658277  0.398406 0.830709
9  4.540100 -4.825804 56.768188  0.173596 -0.909956 0.376622  0.394422 0.814961
9  6.560100 -4.335031 56.088745  0.488010 -0.803129 0.341806  0.442231 0.803150
barney_body.bmp
9  4.540100 -4.825804 56.768188  0.173596 -0.909956 0.376622  0.394422 0.814961
9  6.650097 -4.361756 53.218716  0.618322 -0.784635 -0.045012  0.446215 0.740157
9  6.560100 -4.335031 56.088745  0.488010 -0.803129 0.341806  0.442231 0.803150
barney_body.bmp
9  6.560100 -4.335031 56.088745  0.488010 -0.803129 0.341806  0.442231 0.803150
9  6.650097 -4.361756 53.218716  0.618322 -0.784635 -0.045012  0.446215 0.740157
9  7.120101 -3.545683 56.659649  0.709575 -0.664152 0.235384  0.454183 0.814961
barney_body.bmp
41  2.621410 -4.655783 41.155293  0.118334 -0.983643 0.135810  0.350598 0.464567
41  4.581411 -4.205725 40.975445  0.301783 -0.941708 0.148704  0.398406 0.464567
41  3.761412 -4.246104 42.095432  0.242598 -0.959735 0.141613  0.378486 0.488189
barney_body.bmp
41  3.761412 -4.246104 42.095432  0.242598 -0.959735 0.141613  0.378486 0.488189
41  4.581411 -4.205725 40.975445  0.301783 -0.941708 0.148704  0.398406 0.464567
8  4.440089 -3.760651 44.055176  0.543990 -0.838613 0.028341  0.390438 0.531496
barney_body.bmp
41  4.581411 -4.205725 40.975445  0.301783 -0.941708 0.148704  0.398406 0.464567
8  6.090094 -2.393759 46.776733  0.849704 -0.521200 -0.079709  0.442231 0.590551
8  4.440089 -3.760651 44.055176  0.543990 -0.838613 0.028341  0.390438 0.531496
barney_body.bmp
8  4.440089 -3.760651 44.055176  0.543990 -0.838613 0.028341  0.390438 0.531496
8  6.090094 -2.393759 46.776733  0.849704 -0.521200 -0.079709  0.442231 0.590551
8  6.230095 -3.658106 50.585293  0.906419 -0.358775 -0.222901  0.434263 0.677165
barney_body.bmp
9  5.190118 4.198334 61.908493  -0.730620 0.366076 0.576352  0.725100 0.937008
9  7.570117 3.759084 61.247990  0.507956 0.643624 0.572477  0.669323 0.925197
9  4.870118 5.560822 59.730045  -0.078396 0.569820 0.818022  0.733068 0.881890
barney_body.bmp
9  5.190118 4.198334 61.908493  -0.730620 0.366076 0.576352  0.725100 0.937008
9  7.640115 2.107978 62.216103  0.684227 0.227083 0.693013  0.669323 0.964567
9  7.570117 3.759084 61.247990  0.507956 0.643624 0.572477  0.669323 0.925197
barney_body.bmp
9  5.190118 4.198334 61.908493  -0.730620 0.366076 0.576352  0.725100 0.937008
9  5.260116 2.107194 62.906105  -0.617989 0.045194 0.784887  0.721116 0.976378
9  7.640115 2.107978 62.216103  0.684227 0.227083 0.693013  0.669323 0.964567
barney_body.bmp
9  5.190118 4.198334 61.908493  -0.730620 0.366076 0.576352  0.725100 0.937008
9  5.260116 2.067753 62.416061  -0.999994 0.003606 -0.000200  0.737052 0.956693
9  5.260116 2.107194 62.906105  -0.617989 0.045194 0.784887  0.721116 0.976378
barney_body.bmp
9  7.640107 -2.210033 60.471172  0.487913 -0.695609 0.527323  0.462151 0.905512
9  5.250107 -2.510520 60.900833  -0.416298 -0.764660 0.491925  0.410359 0.913386
9  7.650104 -3.056929 57.750206  0.777683 -0.610403 0.150392  0.470120 0.838583
barney_body.bmp
9  7.650104 -3.056929 57.750206  0.777683 -0.610403 0.150392  0.470120 0.838583
9  5.250107 -2.510520 60.900833  -0.416298 -0.764660 0.491925  0.410359 0.913386
9  4.830103 -3.867666 58.399284  -0.317208 -0.604899 0.730395  0.402390 0.854331
barney_body.bmp
9  5.250107 -2.510520 60.900833  -0.416298 -0.764660 0.491925  0.410359 0.913386
9  5.250107 -2.079825 60.291325  -0.995378 0.010087 0.095504  0.398406 0.901575
9  4.830103 -3.867666 58.399284  -0.317208 -0.604899 0.730395  0.402390 0.854331
barney_body.bmp
9  4.830103 -3.867666 58.399284  -0.317208 -0.604899 0.730395  0.402390 0.854331
9  5.250107 -2.079825 60.291325  -0.995378 0.010087 0.095504  0.398406 0.901575
9  4.750104 -2.987666 58.400288  -0.653921 -0.054198 0.754619  0.390438 0.862205
barney_body.bmp
1  5.030082 4.923956 43.457005  0.033084 -0.097117 0.994723  0.669323 0.511811
1  6.910088 2.114079 43.116035  0.010524 -0.069297 0.997541  0.597610 0.515748
1  7.260088 2.464069 43.146156  0.010502 -0.069292 0.997541  0.601594 0.507874
barney_body.bmp
1  7.260088 2.464069 43.146156  0.010502 -0.069292 0.997541  0.601594 0.507874
1  6.910088 2.114079 43.116035  0.010524 -0.069297 0.997541  0.597610 0.515748
1  6.810098 -1.625849 42.904743  -0.046662 -0.044432 0.997922  0.513944 0.503937
barney_body.bmp
1  6.910088 2.114079 43.116035  0.010524 -0.069297 0.997541  0.597610 0.515748
1  6.470097 -1.275850 42.904865  -0.046588 -0.044273 0.997933  0.521912 0.511811
1  6.810098 -1.625849 42.904743  -0.046662 -0.044432 0.997922  0.513944 0.503937
barney_body.bmp
1  6.810098 -1.625849 42.904743  -0.046662 -0.044432 0.997922  0.513944 0.503937
1  6.470097 -1.275850 42.904865  -0.046588 -0.044273 0.997933  0.521912 0.511811
1  4.360102 -3.035810 42.774258  -0.046603 -0.044403 0.997926  0.454183 0.503937
barney_body.bmp
9  2.770111 -0.941716 61.952629  -0.792309 0.080410 0.604798  0.119522 0.645669
9  3.870117 1.485850 64.085396  -0.664988 -0.387438 0.638500  0.067729 0.696850
9  2.980114 1.047358 62.764896  -0.648395 -0.467075 0.601187  0.119522 0.696850
barney_body.bmp
9  2.770111 -0.941716 61.952629  -0.792309 0.080410 0.604798  0.119522 0.645669
9  3.590112 -1.303212 63.262215  -0.828572 0.111910 0.548585  0.067729 0.645669
9  3.870117 1.485850 64.085396  -0.664988 -0.387438 0.638500  0.067729 0.696850
barney_body.bmp
9  2.770111 -0.941716 61.952629  -0.792309 0.080410 0.604798  0.119522 0.645669
9  1.780107 -3.781815 62.039387  -0.727633 0.271311 0.630032  0.067729 0.586614
9  3.590112 -1.303212 63.262215  -0.828572 0.111910 0.548585  0.067729 0.645669
barney_body.bmp
9  2.770111 -0.941716 61.952629  -0.792309 0.080410 0.604798  0.119522 0.645669
9  1.220108 -2.510651 61.020840  -0.684218 0.227105 0.693015  0.119522 0.586614
9  1.780107 -3.781815 62.039387  -0.727633 0.271311 0.630032  0.067729 0.586614
barney_body.bmp
9  -6.779892 -2.210012 60.471188  -0.487924 -0.695571 0.527362  0.498008 0.901575
9  -6.759889 -0.761577 61.842842  -0.800189 -0.199366 0.565642  0.533865 0.944882
9  -6.789897 -3.056907 57.750221  -0.777684 -0.610401 0.150392  0.470120 0.842520
barney_body.bmp
9  -6.789897 -3.056907 57.750221  -0.777684 -0.610401 0.150392  0.470120 0.842520
9  -6.759889 -0.761577 61.842842  -0.800189 -0.199366 0.565642  0.533865 0.944882
9  -6.909883 5.131501 59.149567  -0.882018 0.406388 0.238521  0.665339 0.866142
barney_body.bmp
9  -6.759889 -0.761577 61.842842  -0.800189 -0.199366 0.565642  0.533865 0.944882
9  -6.779884 2.107999 62.216118  -0.684234 0.227094 0.693003  0.593625 0.956693
9  -6.909883 5.131501 59.149567  -0.882018 0.406388 0.238521  0.665339 0.866142
barney_body.bmp
9  -6.909883 5.131501 59.149567  -0.882018 0.406388 0.238521  0.665339 0.866142
9  -6.779884 2.107999 62.216118  -0.684234 0.227094 0.693003  0.593625 0.956693
9  -6.709883 3.759105 61.248001  -0.507957 0.643633 0.572465  0.637450 0.925197
barney_body.bmp
42  0.431418 6.433237 47.248737  -0.002309 0.936912 0.349558  0.832669 0.598425
42  5.291417 5.743258 47.168503  0.507014 0.777295 0.372491  0.725100 0.598425
42  4.781416 6.624603 43.208801  0.501518 0.864240 0.039602  0.737052 0.527559
barney_body.bmp
42  0.431418 6.433237 47.248737  -0.002309 0.936912 0.349558  0.832669 0.598425
8  0.430107 5.804955 47.916100  -0.001087 0.937117 0.349014  0.832669 0.614173
42  5.291417 5.743258 47.168503  0.507014 0.777295 0.372491  0.725100 0.598425
barney_body.bmp
42  0.431418 6.433237 47.248737  -0.002309 0.936912 0.349558  0.832669 0.598425
42  -4.428583 5.723272 47.168503  -0.501294 0.782757 0.368776  0.940239 0.598425
8  0.430107 5.804955 47.916100  -0.001087 0.937117 0.349014  0.832669 0.614173
barney_body.bmp
42  0.431418 6.433237 47.248737  -0.002309 0.936912 0.349558  0.832669 0.598425
42  -3.908584 6.604619 43.198799  -0.495595 0.867469 0.043388  0.932271 0.527559
42  -4.428583 5.723272 47.168503  -0.501294 0.782757 0.368776  0.940239 0.598425
barney_body.bmp
7  -5.666176 -5.724199 2.495800  -0.639293 -0.633884 0.435311  0.227092 0.074803
7  -5.746177 -4.834358 2.956107  -0.518783 -0.281383 0.807272  0.223108 0.090551
7  -6.636179 -3.364144 2.336616  -0.860619 -0.197003 0.469601  0.195219 0.078740
barney_body.bmp
7  -5.666176 -5.724199 2.495800  -0.639293 -0.633884 0.435311  0.227092 0.074803
7  -4.286176 -6.234332 2.885622  0.036010 -0.677857 0.734312  0.270916 0.094488
7  -5.746177 -4.834358 2.956107  -0.518783 -0.281383 0.807272  0.223108 0.090551
barney_body.bmp
7  -5.666176 -5.724199 2.495800  -0.639293 -0.633884 0.435311  0.227092 0.074803
7  -4.276176 -6.593890 1.605498  0.047201 -0.979686 0.194901  0.286853 0.074803
7  -4.286176 -6.234332 2.885622  0.036010 -0.677857 0.734312  0.270916 0.094488
barney_body.bmp
7  -5.666176 -5.724199 2.495800  -0.639293 -0.633884 0.435311  0.227092 0.074803
7  -5.826177 -5.963833 1.435717  -0.743189 -0.658431 0.118910  0.239044 0.043307
7  -4.276176 -6.593890 1.605498  0.047201 -0.979686 0.194901  0.286853 0.074803
barney_body.bmp
7  -2.716182 -0.313737 1.167666  0.996483 0.083790 0.001271  0.119522 0.043307
7  -2.366179 -3.434141 2.336588  0.934517 -0.079518 0.346922  0.195219 0.078740
7  -2.176180 -3.263709 1.086647  0.996113 -0.064379 0.060111  0.187251 0.039370
barney_body.bmp
7  -2.716182 -0.313737 1.167666  0.996483 0.083790 0.001271  0.119522 0.043307
7  -2.616182 1.065593 3.108142  0.998376 -0.025229 0.051085  0.083665 0.094488
7  -2.366179 -3.434141 2.336588  0.934517 -0.079518 0.346922  0.195219 0.078740
barney_body.bmp
7  -2.716182 -0.313737 1.167666  0.996483 0.083790 0.001271  0.119522 0.043307
7  -2.666186 3.936038 1.819133  0.882713 0.469407 -0.021800  0.019920 0.055118
7  -2.616182 1.065593 3.108142  0.998376 -0.025229 0.051085  0.083665 0.094488
barney_body.bmp
7  -2.716182 -0.313737 1.167666  0.996483 0.083790 0.001271  0.119522 0.043307
7  -2.666187 3.796622 0.129085  0.948999 0.314294 -0.024916  0.023904 0.019685
7  -2.666186 3.936038 1.819133  0.882713 0.469407 -0.021800  0.019920 0.055118
barney_body.bmp
7  -7.026181 -3.273371 0.096647  -0.990908 -0.134537 0.000025  0.187251 0.019685
7  -5.976186 4.076035 1.819185  -0.882183 0.470888 -0.004302  0.019920 0.055118
7  -5.976187 3.936619 0.129136  -0.821679 0.567976 -0.047398  0.019920 0.019685
barney_body.bmp
7  -5.976187 3.936619 0.129136  -0.821679 0.567976 -0.047398  0.019920 0.019685
7  -5.976186 4.076035 1.819185  -0.882183 0.470888 -0.004302  0.019920 0.055118
7  -4.376188 4.826620 0.129442  0.017532 0.998564 -0.050614  0.003984 0.019685
barney_body.bmp
7  -5.976186 4.076035 1.819185  -0.882183 0.470888 -0.004302  0.019920 0.055118
7  -4.396185 4.895367 3.759466  -0.003999 0.997062 0.076494  0.003984 0.106299
7  -4.376188 4.826620 0.129442  0.017532 0.998564 -0.050614  0.003984 0.019685
barney_body.bmp
7  -4.376188 4.826620 0.129442  0.017532 0.998564 -0.050614  0.003984 0.019685
7  -4.396185 4.895367 3.759466  -0.003999 0.997062 0.076494  0.003984 0.106299
7  -2.666186 3.936038 1.819133  0.882713 0.469407 -0.021800  0.019920 0.055118
barney_body.bmp
41  0.421411 -5.186615 43.615116  -0.002604 -0.935334 0.353757  0.298805 0.519685
41  2.471410 -5.216017 41.845104  0.250504 -0.904187 -0.345968  0.342629 0.480315
41  3.271411 -4.926246 42.515202  0.533181 -0.844570 -0.049193  0.362550 0.496063
barney_body.bmp
41  0.421411 -5.186615 43.615116  -0.002604 -0.935334 0.353757  0.298805 0.519685
41  -1.628590 -5.196008 41.835114  -0.304265 -0.911697 -0.276099  0.254980 0.476378
41  2.471410 -5.216017 41.845104  0.250504 -0.904187 -0.345968  0.342629 0.480315
barney_body.bmp
41  0.421411 -5.186615 43.615116  -0.002604 -0.935334 0.353757  0.298805 0.519685
41  -2.428589 -4.906234 42.505211  -0.535775 -0.842805 -0.051229  0.235060 0.496063
41  -1.628590 -5.196008 41.835114  -0.304265 -0.911697 -0.276099  0.254980 0.476378
barney_body.bmp
41  0.421411 -5.186615 43.615116  -0.002604 -0.935334 0.353757  0.298805 0.519685
41  -2.778588 -4.646607 43.605301  -0.332993 -0.807712 0.486535  0.223108 0.519685
41  -2.428589 -4.906234 42.505211  -0.535775 -0.842805 -0.051229  0.235060 0.496063
barney_body.bmp
43  -7.019039 -1.757695 40.808006  -0.010610 -0.975053 -0.221719  0.143426 0.539370
43  -8.719043 0.805684 31.018892  -0.762656 -0.267843 -0.588741  0.135458 0.318898
43  -7.059043 0.815744 30.858896  0.758438 -0.402922 -0.512276  0.147410 0.318898
barney_body.bmp
43  -7.059043 0.815744 30.858896  0.758438 -0.402922 -0.512276  0.147410 0.318898
43  -8.719043 0.805684 31.018892  -0.762656 -0.267843 -0.588741  0.135458 0.318898
43  -7.539051 3.835349 31.999941  0.594707 0.596044 -0.539495  0.067729 0.318898
barney_body.bmp
43  -8.719043 0.805684 31.018892  -0.762656 -0.267843 -0.588741  0.135458 0.318898
43  -8.149051 3.835319 32.079941  -0.788065 0.567737 -0.237968  0.067729 0.318898
43  -7.539051 3.835349 31.999941  0.594707 0.596044 -0.539495  0.067729 0.318898
barney_body.bmp
43  -7.539051 3.835349 31.999941  0.594707 0.596044 -0.539495  0.067729 0.318898
43  -8.149051 3.835319 32.079941  -0.788065 0.567737 -0.237968  0.067729 0.318898
43  -7.259055 4.892975 38.870304  -0.003999 0.996916 0.078369  0.003984 0.456693
barney_body.bmp
4  6.496270 -5.724184 2.495780  0.639294 -0.633884 0.435309  0.227092 0.074803
4  5.106269 -6.593877 1.605483  -0.047505 -0.979672 0.194901  0.286853 0.074803
4  6.656268 -5.963817 1.435697  0.743190 -0.658429 0.118910  0.239044 0.043307
barney_body.bmp
4  6.496270 -5.724184 2.495780  0.639294 -0.633884 0.435309  0.227092 0.074803
4  5.116271 -6.234320 2.885607  -0.036005 -0.677857 0.734312  0.270916 0.094488
4  5.106269 -6.593877 1.605483  -0.047505 -0.979672 0.194901  0.286853 0.074803
barney_body.bmp
4  6.496270 -5.724184 2.495780  0.639294 -0.633884 0.435309  0.227092 0.074803
4  6.576270 -4.834343 2.956087  0.518786 -0.281386 0.807269  0.223108 0.090551
4  5.116271 -6.234320 2.885607  -0.036005 -0.677857 0.734312  0.270916 0.094488
barney_body.bmp
4  6.496270 -5.724184 2.495780  0.639294 -0.633884 0.435309  0.227092 0.074803
4  7.466267 -3.364127 2.336593  0.860620 -0.197005 0.469598  0.195219 0.078740
4  6.576270 -4.834343 2.956087  0.518786 -0.281386 0.807269  0.223108 0.090551
barney_body.bmp
4  3.196267 -3.434132 2.336577  -0.934532 -0.079397 0.346908  0.195219 0.078740
4  3.606268 -5.813796 1.365754  -0.791046 -0.602504 0.105994  0.239044 0.043307
4  3.766270 -5.574187 2.495837  -0.707908 -0.556987 0.434317  0.227092 0.074803
barney_body.bmp
4  3.196267 -3.434132 2.336577  -0.934532 -0.079397 0.346908  0.195219 0.078740
4  3.006265 -3.263700 1.086637  -0.996114 -0.064380 0.060107  0.187251 0.039370
4  3.606268 -5.813796 1.365754  -0.791046 -0.602504 0.105994  0.239044 0.043307
barney_body.bmp
4  3.196267 -3.434132 2.336577  -0.934532 -0.079397 0.346908  0.195219 0.078740
4  3.546262 -0.313727 1.167654  -0.996475 0.083885 0.001281  0.119522 0.043307
4  3.006265 -3.263700 1.086637  -0.996114 -0.064380 0.060107  0.187251 0.039370
barney_body.bmp
4  3.196267 -3.434132 2.336577  -0.934532 -0.079397 0.346908  0.195219 0.078740
4  3.446265 1.065602 3.108131  -0.998376 -0.025229 0.051084  0.083665 0.094488
4  3.546262 -0.313727 1.167654  -0.996475 0.083885 0.001281  0.119522 0.043307
barney_body.bmp
4  3.496259 3.936048 1.819122  -0.882660 0.469506 -0.021796  0.019920 0.055118
4  3.546262 -0.313727 1.167654  -0.996475 0.083885 0.001281  0.119522 0.043307
4  3.446265 1.065602 3.108131  -0.998376 -0.025229 0.051084  0.083665 0.094488
barney_body.bmp
4  3.496259 3.936048 1.819122  -0.882660 0.469506 -0.021796  0.019920 0.055118
4  3.496256 3.796631 0.129074  -0.949000 0.314292 -0.024915  0.023904 0.019685
4  3.546262 -0.313727 1.167654  -0.996475 0.083885 0.001281  0.119522 0.043307
barney_body.bmp
4  3.496259 3.936048 1.819122  -0.882660 0.469506 -0.021796  0.019920 0.055118
4  5.206255 4.826633 0.129427  -0.017532 0.998564 -0.050614  0.003984 0.019685
4  3.496256 3.796631 0.129074  -0.949000 0.314292 -0.024915  0.023904 0.019685
barney_body.bmp
4  3.496259 3.936048 1.819122  -0.882660 0.469506 -0.021796  0.019920 0.055118
4  5.226262 4.895379 3.759450  0.003902 0.997061 0.076511  0.003984 0.106299
4  5.206255 4.826633 0.129427  -0.017532 0.998564 -0.050614  0.003984 0.019685
barney_body.bmp
25  -11.848943 0.735968 50.540051  -0.961053 -0.015564 0.275925  0.561753 0.200787
26  -12.187799 0.693619 49.351162  -0.955545 0.026800 0.293624  0.561753 0.181102
25  -11.260193 -0.837704 50.339226  -0.740656 -0.601896 0.298580  0.589641 0.200787
barney_body.bmp
25  -11.260193 -0.837704 50.339226  -0.740656 -0.601896 0.298580  0.589641 0.200787
26  -12.187799 0.693619 49.351162  -0.955545 0.026800 0.293624  0.561753 0.181102
26  -11.467525 -1.092696 49.617409  -0.581617 -0.687194 0.435300  0.589641 0.185039
barney_body.bmp
26  -12.187799 0.693619 49.351162  -0.955545 0.026800 0.293624  0.561753 0.181102
26  -13.986896 -2.154183 43.418941  -0.914786 0.001933 0.403935  0.561753 0.047244
26  -11.467525 -1.092696 49.617409  -0.581617 -0.687194 0.435300  0.589641 0.185039
barney_body.bmp
26  -11.467525 -1.092696 49.617409  -0.581617 -0.687194 0.435300  0.589641 0.185039
26  -13.986896 -2.154183 43.418941  -0.914786 0.001933 0.403935  0.561753 0.047244
26  -13.715033 -3.995876 41.715778  -0.690657 -0.612314 0.384791  0.601594 0.003937
barney_body.bmp
26  -14.398675 -2.830653 41.251034  -0.235792 -0.464177 -0.853781  0.195219 0.248031
26  -11.730624 -3.914289 41.122429  -0.235795 -0.464179 -0.853779  0.282869 0.208661
26  -13.715033 -3.995876 41.715778  -0.235803 -0.464120 -0.853809  0.211155 0.204724
barney_body.bmp
26  -14.398675 -2.830653 41.251034  -0.235792 -0.464177 -0.853781  0.195219 0.248031
26  -11.479279 -2.740090 40.331615  -0.235763 -0.464163 -0.853797  0.302789 0.251969
26  -11.730624 -3.914289 41.122429  -0.235795 -0.464179 -0.853779  0.282869 0.208661
barney_body.bmp
26  -14.398675 -2.830653 41.251034  -0.235792 -0.464177 -0.853781  0.195219 0.248031
26  -12.076411 -1.527141 39.873047  -0.235716 -0.464230 -0.853773  0.286853 0.295276
26  -11.479279 -2.740090 40.331615  -0.235763 -0.464163 -0.853797  0.302789 0.251969
barney_body.bmp
26  -14.398675 -2.830653 41.251034  -0.235792 -0.464177 -0.853781  0.195219 0.248031
26  -14.326306 -1.255974 40.325748  -0.235801 -0.464172 -0.853781  0.207171 0.307087
26  -12.076411 -1.527141 39.873047  -0.235716 -0.464230 -0.853773  0.286853 0.295276
barney_body.bmp
13  15.133899 -1.260966 40.328957  0.747145 0.656745 -0.102271  0.820717 0.000000
13  13.996837 -0.669156 39.711746  -0.220627 0.863008 -0.454469  0.792829 0.000000
13  13.554316 0.056078 41.428459  -0.017407 0.979191 0.202194  0.796813 0.035433
barney_body.bmp
13  13.554316 0.056078 41.428459  -0.017407 0.979191 0.202194  0.796813 0.035433
13  13.996837 -0.669156 39.711746  -0.220627 0.863008 -0.454469  0.792829 0.000000
13  12.221858 -0.877918 41.461739  -0.646010 0.630647 -0.430065  0.772908 0.039370
barney_body.bmp
13  13.996837 -0.669156 39.711746  -0.220627 0.863008 -0.454469  0.792829 0.000000
13  12.884004 -1.532139 39.876255  -0.735398 0.459431 -0.498109  0.772908 0.003937
13  12.221858 -0.877918 41.461739  -0.646010 0.630647 -0.430065  0.772908 0.039370
barney_body.bmp
13  12.221858 -0.877918 41.461739  -0.646010 0.630647 -0.430065  0.772908 0.039370
13  12.884004 -1.532139 39.876255  -0.735398 0.459431 -0.498109  0.772908 0.003937
13  12.288138 -2.736005 40.330845  -0.892323 0.060668 -0.447303  0.745020 0.007874
barney_body.bmp
13  12.276390 -1.088624 49.616638  0.581608 -0.687199 0.435305  0.888446 0.188976
13  12.996659 0.697693 49.350395  0.955547 0.026802 0.293620  0.860558 0.181102
12  12.068792 -0.837596 50.339329  0.740648 -0.601906 0.298579  0.888446 0.200787
barney_body.bmp
13  12.276390 -1.088624 49.616638  0.581608 -0.687199 0.435305  0.888446 0.188976
13  14.786258 -2.150145 43.415039  0.914795 0.001918 0.403914  0.860558 0.047244
13  12.996659 0.697693 49.350395  0.955547 0.026802 0.293620  0.860558 0.181102
barney_body.bmp
13  12.276390 -1.088624 49.616638  0.581608 -0.687199 0.435305  0.888446 0.188976
13  14.523896 -3.991786 41.715004  0.690661 -0.612310 0.384791  0.896414 0.003937
13  14.786258 -2.150145 43.415039  0.914795 0.001918 0.403914  0.860558 0.047244
barney_body.bmp
13  12.276390 -1.088624 49.616638  0.581608 -0.687199 0.435305  0.888446 0.188976
13  13.514985 -4.385536 41.652088  -0.098468 -0.952150 0.289334  0.920319 0.007874
13  14.523896 -3.991786 41.715004  0.690661 -0.612310 0.384791  0.896414 0.003937
barney_body.bmp
13  13.514985 -4.385536 41.652088  0.239108 -0.478024 -0.845175  0.247012 0.192913
13  12.539487 -3.910203 41.121655  0.239096 -0.477979 -0.845204  0.282869 0.208661
13  14.523896 -3.991786 41.715004  0.239120 -0.478014 -0.845177  0.211155 0.204724
barney_body.bmp
13  14.523896 -3.991786 41.715004  0.239120 -0.478014 -0.845177  0.211155 0.204724
13  12.539487 -3.910203 41.121655  0.239096 -0.477979 -0.845204  0.282869 0.208661
13  15.207535 -2.826561 41.250256  0.239148 -0.477896 -0.845236  0.195219 0.248031
barney_body.bmp
13  12.539487 -3.910203 41.121655  0.239096 -0.477979 -0.845204  0.282869 0.208661
13  12.288138 -2.736005 40.330845  0.239051 -0.478002 -0.845203  0.302789 0.251969
13  15.207535 -2.826561 41.250256  0.239148 -0.477896 -0.845236  0.195219 0.248031
barney_body.bmp
13  15.207535 -2.826561 41.250256  0.239148 -0.477896 -0.845236  0.195219 0.248031
13  12.288138 -2.736005 40.330845  0.239051 -0.478002 -0.845203  0.302789 0.251969
13  12.884004 -1.532139 39.876255  0.239095 -0.478022 -0.845180  0.286853 0.295276
barney_body.bmp
8  -5.179891 5.492190 50.345749  -0.469688 0.870154 0.149079  0.960159 0.669291
8  0.430110 5.811154 51.246105  -0.001018 0.989518 0.144406  0.832669 0.688976
8  0.430110 6.342135 50.386711  -0.002361 0.982546 0.186003  0.832669 0.669291
barney_body.bmp
8  0.430110 6.342135 50.386711  -0.002361 0.982546 0.186003  0.832669 0.669291
8  0.430110 5.811154 51.246105  -0.001018 0.989518 0.144406  0.832669 0.688976
8  6.050109 5.512173 50.345760  0.474677 0.866973 0.151789  0.705179 0.669291
barney_body.bmp
8  0.430110 5.811154 51.246105  -0.001018 0.989518 0.144406  0.832669 0.688976
8  6.510109 4.781146 51.244926  0.669020 0.706154 0.231860  0.697211 0.688976
8  6.050109 5.512173 50.345760  0.474677 0.866973 0.151789  0.705179 0.669291
barney_body.bmp
1  -3.979920 5.534576 41.597218  -0.810288 0.576286 0.106437  0.685259 0.468504
1  -6.259912 2.404712 41.186134  -0.910803 0.412582 -0.014629  0.605578 0.464567
1  -4.169919 4.923933 43.457005  -0.792622 0.608826 -0.032872  0.669323 0.511811
barney_body.bmp
1  -4.169919 4.923933 43.457005  -0.792622 0.608826 -0.032872  0.669323 0.511811
1  -6.259912 2.404712 41.186134  -0.910803 0.412582 -0.014629  0.605578 0.464567
1  -6.399912 2.464034 43.146156  -0.834607 0.095274 0.542545  0.601594 0.507874
barney_body.bmp
1  -6.259912 2.404712 41.186134  -0.910803 0.412582 -0.014629  0.605578 0.464567
1  -5.839903 -1.445208 40.954807  -0.938691 -0.334416 -0.083817  0.513944 0.460630
1  -6.399912 2.464034 43.146156  -0.834607 0.095274 0.542545  0.601594 0.507874
barney_body.bmp
9  3.870117 1.485850 64.085396  0.874050 0.289308 0.390306  0.000000 0.692913
9  3.590112 -1.303212 63.262215  0.707416 -0.706586 0.017298  0.000000 0.637795
9  4.300111 -0.741821 62.042854  0.827685 -0.534333 0.171540  0.059761 0.653543
barney_body.bmp
9  4.300111 -0.741821 62.042854  0.827685 -0.534333 0.171540  0.059761 0.653543
9  3.590112 -1.303212 63.262215  0.707416 -0.706586 0.017298  0.000000 0.637795
9  2.980106 -3.099798 60.270164  0.697950 0.541621 -0.468522  0.059761 0.590551
barney_body.bmp
9  3.590112 -1.303212 63.262215  0.707415 -0.706585 0.017393  0.000000 0.637795
9  1.780107 -3.781815 62.039387  0.709642 -0.664105 0.235316  0.000000 0.566929
9  2.980106 -3.099798 60.270164  0.697945 0.541564 -0.468596  0.059761 0.590551
barney_body.bmp
9  -4.399884 2.067767 62.416069  -0.207916 0.192936 0.958930  0.195219 0.980315
9  -4.369889 -0.591786 62.023033  -0.188593 -0.379906 0.905596  0.195219 0.937008
9  -3.739885 1.727630 62.535683  -0.147794 -0.043296 0.988070  0.215139 0.980315
barney_body.bmp
9  -3.739885 1.727630 62.535683  -0.147794 -0.043296 0.988070  0.215139 0.980315
9  -4.369889 -0.591786 62.023033  -0.188593 -0.379906 0.905596  0.195219 0.937008
9  -3.499889 -0.751855 62.082851  -0.123012 -0.605263 0.786464  0.215139 0.940945
barney_body.bmp
9  -4.369889 -0.591786 62.023033  -0.188593 -0.379906 0.905596  0.195219 0.937008
9  -4.389892 -2.079810 60.291336  -0.161115 -0.811585 0.561580  0.203187 0.901575
9  -3.499889 -0.751855 62.082851  -0.123012 -0.605263 0.786464  0.215139 0.940945
barney_body.bmp
9  5.250107 -2.079825 60.291325  0.151400 -0.807412 0.570232  0.398406 0.901575
9  5.230111 -0.591800 62.023026  0.136089 -0.385387 0.912665  0.398406 0.937008
9  4.300111 -0.741821 62.042854  0.087197 -0.604936 0.791485  0.378486 0.937008
barney_body.bmp
9  4.300111 -0.741821 62.042854  0.087197 -0.604936 0.791485  0.378486 0.937008
9  5.230111 -0.591800 62.023026  0.136089 -0.385387 0.912665  0.398406 0.937008
9  4.470116 1.757618 62.535706  0.111920 -0.049056 0.992506  0.382470 0.980315
barney_body.bmp
9  5.230111 -0.591800 62.023026  0.136089 -0.385387 0.912665  0.398406 0.937008
9  5.260116 2.067753 62.416061  0.188788 0.189526 0.963555  0.402390 0.980315
9  4.470116 1.757618 62.535706  0.111920 -0.049056 0.992506  0.382470 0.980315
barney_body.bmp
9  7.650104 -3.056929 57.750206  0.777683 -0.610403 0.150392  0.470120 0.842520
9  7.770117 5.131480 59.149551  0.882019 0.406370 0.238550  0.665339 0.866142
9  7.620111 -0.761598 61.842827  0.800190 -0.199368 0.565639  0.533865 0.944882
barney_body.bmp
9  7.620111 -0.761598 61.842827  0.800190 -0.199368 0.565639  0.533865 0.944882
9  7.770117 5.131480 59.149551  0.882019 0.406370 0.238550  0.665339 0.866142
9  7.640115 2.107978 62.216103  0.684227 0.227083 0.693013  0.593625 0.956693
barney_body.bmp
9  7.770117 5.131480 59.149551  0.882019 0.406370 0.238550  0.665339 0.866142
9  7.570117 3.759084 61.247990  0.507956 0.643624 0.572477  0.637450 0.925197
9  7.640115 2.107978 62.216103  0.684227 0.227083 0.693013  0.593625 0.956693
barney_body.bmp
42  -2.618585 7.185116 41.728996  -0.316777 0.940200 -0.125209  0.904382 0.500000
42  3.481415 7.205104 41.738998  0.264781 0.946666 -0.183614  0.764940 0.500000
42  -2.678586 6.785432 40.798859  -0.224636 0.897681 -0.379087  0.908367 0.484252
barney_body.bmp
42  -2.678586 6.785432 40.798859  -0.224636 0.897681 -0.379087  0.908367 0.484252
42  3.481415 7.205104 41.738998  0.264781 0.946666 -0.183614  0.764940 0.500000
42  3.531414 6.785423 40.798855  0.342973 0.863141 -0.370617  0.764940 0.480315
barney_body.bmp
42  3.481415 7.205104 41.738998  0.264781 0.946666 -0.183614  0.764940 0.500000
42  5.091414 6.084820 42.568619  0.786643 0.599304 -0.148414  0.729084 0.515748
42  3.531414 6.785423 40.798855  0.342973 0.863141 -0.370617  0.764940 0.480315
barney_body.bmp
43  -6.879040 -1.548317 42.608082  0.216512 -0.756719 0.616846  0.131474 0.570866
43  -6.149044 0.011765 42.378620  0.718930 0.591608 -0.364882  0.099602 0.559055
43  -6.859044 -0.088403 42.858585  -0.577082 0.812806 -0.079518  0.099602 0.566929
barney_body.bmp
43  -6.859044 -0.088403 42.858585  -0.577082 0.812806 -0.079518  0.099602 0.566929
43  -6.149044 0.011765 42.378620  0.718930 0.591608 -0.364882  0.099602 0.559055
43  -6.889040 -1.508258 42.438095  -0.232432 -0.372998 -0.898247  0.131474 0.566929
barney_body.bmp
43  -6.149044 0.011765 42.378620  0.718930 0.591608 -0.364882  0.099602 0.559055
43  -6.169040 -1.428118 42.038120  0.124960 -0.941199 -0.313894  0.131474 0.559055
43  -6.889040 -1.508258 42.438095  -0.232432 -0.372998 -0.898247  0.131474 0.566929
barney_body.bmp
4  7.856263 -3.273354 0.096624  0.990908 -0.134538 0.000023  0.187251 0.019685
4  6.656268 -5.963817 1.435697  0.743190 -0.658429 0.118910  0.239044 0.043307
4  6.656267 -5.963486 0.475697  0.701953 -0.712223 -0.000000  0.247012 0.023622
barney_body.bmp
4  6.656267 -5.963486 0.475697  0.701953 -0.712223 -0.000000  0.247012 0.023622
4  6.656268 -5.963817 1.435697  0.743190 -0.658429 0.118910  0.239044 0.043307
4  5.106267 -6.623515 0.555472  -0.045610 -0.998850 0.014805  0.258964 0.027559
barney_body.bmp
4  6.656268 -5.963817 1.435697  0.743190 -0.658429 0.118910  0.239044 0.043307
4  5.106269 -6.593877 1.605483  -0.047505 -0.979672 0.194901  0.258964 0.047244
4  5.106267 -6.623515 0.555472  -0.045610 -0.998850 0.014805  0.258964 0.027559
barney_body.bmp
9  -3.869898 -4.126580 57.458996  -0.251714 -0.944233 0.212283  0.203187 0.830709
9  -6.789897 -3.056907 57.750221  -0.777684 -0.610401 0.150392  0.131474 0.842520
9  -6.259898 -3.545664 56.659660  -0.492080 -0.858744 0.142885  0.143426 0.814961
barney_body.bmp
9  -6.259898 -3.545664 56.659660  -0.492080 -0.858744 0.142885  0.143426 0.814961
9  -6.789897 -3.056907 57.750221  -0.777684 -0.610401 0.150392  0.131474 0.842520
9  -6.339902 -3.571795 53.269630  -0.905871 -0.401117 -0.136022  0.135458 0.740157
barney_body.bmp
8  0.430094 -4.868086 50.573917  -0.000898 -0.874701 0.484662  0.298805 0.677165
8  5.520093 -4.486861 49.494347  0.347732 -0.927797 0.135189  0.418327 0.653543
8  6.230095 -3.658106 50.585293  0.728858 -0.684357 0.020544  0.434263 0.677165
barney_body.bmp
8  6.230095 -3.658106 50.585293  0.728858 -0.684357 0.020544  0.434263 0.677165
8  5.520093 -4.486861 49.494347  0.347732 -0.927797 0.135189  0.418327 0.653543
8  4.290089 -4.461803 45.064377  0.565207 -0.768004 -0.301183  0.390438 0.555118
barney_body.bmp
9  7.290112 5.137461 53.909557  0.936451 0.312138 -0.160093  0.669323 0.748031
9  7.320117 5.822439 58.310341  0.656820 0.714979 0.239570  0.677291 0.846457
9  7.770117 5.131480 59.149551  0.882019 0.406370 0.238550  0.665339 0.866142
barney_body.bmp
9  7.770117 5.131480 59.149551  0.882019 0.406370 0.238550  0.665339 0.866142
9  7.320117 5.822439 58.310341  0.656820 0.714979 0.239570  0.677291 0.846457
9  4.660118 6.381712 58.950981  0.152590 0.792385 0.590628  0.737052 0.862205
barney_body.bmp
9  5.190117 3.768882 61.428001  0.204394 0.709236 0.674691  0.737052 0.921260
9  2.690118 3.677916 62.277901  0.127179 0.700341 0.702387  0.780876 0.940945
9  5.260116 2.067753 62.416061  0.188788 0.189526 0.963555  0.737052 0.956693
barney_body.bmp
9  5.260116 2.067753 62.416061  0.188788 0.189526 0.963555  0.737052 0.956693
9  2.690118 3.677916 62.277901  0.127179 0.700341 0.702387  0.780876 0.940945
9  4.470116 1.757618 62.535706  0.111920 -0.049056 0.992506  0.760956 0.960630
barney_body.bmp
9  -4.329883 3.768896 61.428013  -0.204393 0.709237 0.674690  0.932271 0.925197
9  -4.399884 2.067767 62.416069  -0.207916 0.192936 0.958930  0.932271 0.956693
9  -1.829882 3.677922 62.277905  -0.128181 0.701385 0.701162  0.888446 0.940945
barney_body.bmp
9  -1.829882 3.677922 62.277905  -0.128181 0.701385 0.701162  0.888446 0.940945
9  -4.399884 2.067767 62.416069  -0.207916 0.192936 0.958930  0.932271 0.956693
9  -3.739885 1.727630 62.535683  -0.147794 -0.043296 0.988070  0.908367 0.960630
barney_body.bmp
9  -2.119894 -3.099767 60.250168  -0.008635 -0.934865 -0.354899  0.059761 0.948819
9  -0.929893 -3.661424 61.699528  0.474693 -0.822850 -0.312385  0.019920 0.976378
9  -0.929893 -3.781789 62.019390  0.474694 -0.822856 -0.312368  0.000000 0.972441
barney_body.bmp
9  -0.929893 -3.781789 62.019390  0.474674 -0.822858 -0.312392  0.000000 0.972441
9  -0.929893 -3.661424 61.699528  0.474674 -0.822852 -0.312408  0.019920 0.976378
9  -0.399892 -2.510626 61.000839  0.840276 -0.506855 -0.192442  0.059761 0.996063
barney_body.bmp
9  1.220108 -2.510651 61.020840  -0.825791 -0.527237 -0.200226  0.059761 0.547244
9  1.780107 -3.661450 61.719524  -0.463091 -0.828599 -0.314596  0.015936 0.566929
9  1.780107 -3.781815 62.039387  -0.463125 -0.828582 -0.314591  0.000000 0.566929
barney_body.bmp
9  1.780107 -3.781815 62.039387  -0.463125 -0.828582 -0.314591  0.000000 0.566929
9  1.780107 -3.661450 61.719524  -0.463091 -0.828599 -0.314596  0.015936 0.566929
9  2.980106 -3.099798 60.270164  -0.008589 -0.934858 -0.354919  0.059761 0.590551
barney_body.bmp
9  1.780107 -3.661450 61.719524  -0.664263 0.693183 -0.279735  0.015936 0.381890
9  3.590112 -1.303212 63.262215  0.707407 -0.706592 0.017389  0.023904 0.385827
9  2.980106 -3.099798 60.270164  0.698045 0.541466 -0.468560  0.023904 0.374016
barney_body.bmp
9  2.980106 -3.099798 60.270164  0.697956 0.541510 -0.468641  0.023904 0.374016
9  3.590112 -1.303212 63.262215  0.707436 -0.706564 0.017374  0.023904 0.385827
9  4.300111 -0.741821 62.042854  0.827689 -0.534347 0.171476  0.027888 0.381890
barney_body.bmp
9  -3.499889 -0.751855 62.082851  -0.823061 -0.544116 0.162810  0.019920 0.370079
9  -2.809888 -1.313248 63.302212  -0.704490 -0.709658 0.008899  0.023904 0.374016
9  -2.119894 -3.099767 60.250168  -0.703358 0.533399 -0.469864  0.027888 0.358268
barney_body.bmp
9  -2.119894 -3.099767 60.250168  -0.703358 0.533399 -0.469864  0.027888 0.358268
9  -2.809888 -1.313248 63.302212  -0.704490 -0.709658 0.008899  0.023904 0.374016
9  -0.929893 -3.661424 61.699528  0.654475 0.707739 -0.266023  0.035857 0.366142
barney_body.bmp
8  0.420092 -5.396853 49.493313  -0.001502 -0.980205 0.197982  0.298805 0.653543
8  -4.679907 -4.466846 49.494381  -0.351324 -0.926675 0.133585  0.179283 0.653543
8  0.420088 -5.121797 45.063625  -0.001499 -0.950542 -0.310593  0.298805 0.555118
barney_body.bmp
8  0.420088 -5.121797 45.063625  -0.001499 -0.950542 -0.310593  0.298805 0.555118
8  -4.679907 -4.466846 49.494381  -0.351324 -0.926675 0.133585  0.179283 0.653543
8  -3.439911 -4.451792 45.064396  -0.569994 -0.765000 -0.299802  0.211155 0.555118
barney_body.bmp
8  -5.369905 -3.658089 50.585304  -0.906420 -0.358773 -0.222899  0.163347 0.677165
8  -5.229907 -2.393742 46.776745  -0.849723 -0.521168 -0.079719  0.155378 0.590551
8  -3.579911 -3.760639 44.055183  -0.543992 -0.838612 0.028330  0.207171 0.531496
barney_body.bmp
8  -3.579911 -3.760639 44.055183  -0.543992 -0.838612 0.028330  0.207171 0.531496
8  -5.229907 -2.393742 46.776745  -0.849723 -0.521168 -0.079719  0.155378 0.590551
41  -3.728589 -4.205713 40.975452  -0.301785 -0.941708 0.148699  0.199203 0.464567
barney_body.bmp
7  -7.026181 -3.273371 0.096647  -0.990908 -0.134537 0.000025  0.187251 0.019685
7  -5.826178 -5.963501 0.475717  -0.701951 -0.712225 -0.000000  0.247012 0.023622
7  -5.826177 -5.963833 1.435717  -0.743189 -0.658431 0.118910  0.239044 0.043307
barney_body.bmp
7  -5.826177 -5.963833 1.435717  -0.743189 -0.658431 0.118910  0.239044 0.043307
7  -5.826178 -5.963501 0.475717  -0.701951 -0.712225 -0.000000  0.247012 0.023622
7  -4.276177 -6.623527 0.555488  0.045611 -0.998850 0.014805  0.258964 0.027559
barney_body.bmp
7  -4.276177 -6.623527 0.555488  -0.026775 -0.181836 -0.982964  0.342629 0.236220
7  -5.826178 -5.963501 0.475717  -0.018807 -0.147909 -0.988822  0.382470 0.220472
7  -2.776178 -5.813461 0.365766  -0.018810 -0.147932 -0.988819  0.314741 0.212598
barney_body.bmp
7  -2.776178 -5.813461 0.365766  -0.018810 -0.147932 -0.988819  0.314741 0.212598
7  -5.826178 -5.963501 0.475717  -0.018807 -0.147909 -0.988822  0.382470 0.220472
7  -7.026181 -3.273371 0.096647  -0.004395 -0.059973 -0.998190  0.410359 0.153543
barney_body.bmp
7  -2.936176 -5.574197 2.495849  0.707904 -0.556990 0.434320  0.227092 0.074803
7  -2.776177 -5.813806 1.365766  0.791048 -0.602502 0.105993  0.239044 0.043307
7  -2.366179 -3.434141 2.336588  0.934517 -0.079518 0.346922  0.195219 0.078740
barney_body.bmp
7  -2.366179 -3.434141 2.336588  0.934517 -0.079518 0.346922  0.195219 0.078740
7  -2.776177 -5.813806 1.365766  0.791048 -0.602502 0.105993  0.239044 0.043307
7  -2.176180 -3.263709 1.086647  0.996113 -0.064379 0.060111  0.187251 0.039370
barney_body.bmp
4  5.106267 -6.623515 0.555472  0.026805 -0.181924 -0.982947  0.342629 0.236220
4  3.606266 -5.813451 0.365755  0.018793 -0.147886 -0.988826  0.314741 0.212598
4  6.656267 -5.963486 0.475697  0.026900 -0.182200 -0.982893  0.382470 0.220472
barney_body.bmp
4  6.656267 -5.963486 0.475697  0.026900 -0.182200 -0.982893  0.382470 0.220472
4  3.606266 -5.813451 0.365755  0.018793 -0.147886 -0.988826  0.314741 0.212598
4  7.856263 -3.273354 0.096624  0.004395 -0.059972 -0.998191  0.410359 0.153543
barney_body.bmp
4  7.466267 -3.364127 2.336593  0.860620 -0.197005 0.469598  0.195219 0.078740
4  7.856265 -3.213695 1.086645  0.986908 -0.096001 0.129600  0.187251 0.039370
4  7.136264 1.005613 3.088103  0.985785 0.027196 0.165795  0.087649 0.094488
barney_body.bmp
4  7.136264 1.005613 3.088103  0.985785 0.027196 0.165795  0.087649 0.094488
4  7.856265 -3.213695 1.086645  0.986908 -0.096001 0.129600  0.187251 0.039370
4  6.806259 4.076051 1.819164  0.882181 0.470890 -0.004297  0.019920 0.055118
barney_body.bmp
25  -9.890549 -1.597580 49.778904  -0.048757 -0.989004 0.139617  0.621514 0.200787
26  -10.041750 -1.832987 49.259312  0.201393 -0.931765 0.302083  0.621514 0.188976
25  -8.406559 -0.828216 49.157330  0.754214 -0.640510 -0.144596  0.653386 0.196850
barney_body.bmp
25  -8.406559 -0.828216 49.157330  0.754214 -0.640510 -0.144596  0.653386 0.196850
26  -10.041750 -1.832987 49.259312  0.201393 -0.931765 0.302083  0.621514 0.188976
26  -8.613019 -1.091859 48.438305  0.790376 -0.609890 -0.057792  0.653386 0.181102
barney_body.bmp
26  -12.187799 0.693619 49.351162  -0.955545 0.026800 0.293624  0.561753 0.181102
26  -12.810287 1.229490 45.947525  -0.809617 0.582923 -0.068707  0.529880 0.114173
26  -13.986896 -2.154183 43.418941  -0.914786 0.001933 0.403935  0.561753 0.047244
barney_body.bmp
26  -13.986896 -2.154183 43.418941  -0.914786 0.001933 0.403935  0.561753 0.047244
26  -12.810287 1.229490 45.947525  -0.809617 0.582923 -0.068707  0.529880 0.114173
26  -13.644844 -0.885450 42.262428  -0.317540 0.809133 0.494442  0.525896 0.043307
barney_body.bmp
12  10.689650 -1.597526 49.775879  0.048757 -0.989005 0.139615  0.920319 0.200787
12  9.215139 -0.838112 49.157650  -0.754221 -0.640505 -0.144585  0.952191 0.196850
13  10.841117 -1.828969 49.255417  -0.201373 -0.931768 0.302090  0.920319 0.188976
barney_body.bmp
13  10.841117 -1.828969 49.255417  -0.201373 -0.931768 0.302090  0.920319 0.188976
12  9.215139 -0.838112 49.157650  -0.754221 -0.640505 -0.144585  0.952191 0.196850
13  9.421882 -1.087794 48.437538  -0.790389 -0.609872 -0.057807  0.952191 0.185039
barney_body.bmp
13  15.207535 -2.826561 41.250256  0.239148 -0.477896 -0.845236  0.195219 0.248031
13  12.884004 -1.532139 39.876255  0.239095 -0.478022 -0.845180  0.286853 0.295276
13  15.133899 -1.260966 40.328957  0.239149 -0.477995 -0.845180  0.207171 0.307087
barney_body.bmp
13  15.133899 -1.260966 40.328957  0.239149 -0.477995 -0.845180  0.207171 0.307087
13  12.884004 -1.532139 39.876255  0.239095 -0.478022 -0.845180  0.286853 0.295276
13  13.996837 -0.669156 39.711746  0.239105 -0.478008 -0.845185  0.250996 0.326772
barney_body.bmp
12  4.731530 0.959556 61.088696  -0.584399 -0.057176 0.809449  0.752988 0.448819
12  5.128746 3.176264 60.485519  -0.629478 0.705562 0.325484  0.760956 0.425197
12  4.050798 0.963968 56.631275  -0.986879 -0.015603 -0.160708  0.713147 0.362205
barney_body.bmp
12  4.050798 0.963968 56.631275  -0.986879 -0.015603 -0.160708  0.713147 0.362205
12  5.128746 3.176264 60.485519  -0.629478 0.705562 0.325484  0.760956 0.425197
12  5.289737 3.180730 57.021278  -0.648882 0.710580 -0.272081  0.733068 0.358268
barney_body.bmp
13  12.996659 0.697693 49.350395  0.955547 0.026802 0.293620  0.860558 0.181102
13  14.786258 -2.150145 43.415039  0.914795 0.001918 0.403914  0.860558 0.047244
13  13.619141 1.233572 45.946758  0.809622 0.582917 -0.068708  0.828685 0.114173
barney_body.bmp
13  13.619141 1.233572 45.946758  0.809622 0.582917 -0.068708  0.828685 0.114173
13  14.786258 -2.150145 43.415039  0.914795 0.001918 0.403914  0.860558 0.047244
13  14.452438 -0.890448 42.265636  0.317553 0.809123 0.494449  0.824701 0.043307
barney_body.bmp
40  6.506667 -5.005946 55.156582  -0.187430 0.941398 -0.280428  0.031873 0.362205
40  2.706666 -5.845855 54.906292  -0.187294 0.941459 -0.280313  0.023904 0.362205
40  6.186670 -4.306849 57.776821  -0.187414 0.941415 -0.280380  0.031873 0.370079
barney_body.bmp
40  6.186670 -4.306849 57.776821  -0.187414 0.941415 -0.280380  0.031873 0.370079
40  2.706666 -5.845855 54.906292  -0.187294 0.941459 -0.280313  0.023904 0.362205
40  2.376668 -5.126757 57.526543  -0.187306 0.941393 -0.280527  0.023904 0.370079
barney_body.bmp
9  -6.909883 5.131501 59.149567  -0.882018 0.406388 0.238521  1.000000 0.870079
9  -6.709883 3.759105 61.248001  -0.507957 0.643633 0.572465  1.000000 0.929134
9  -4.009882 5.560835 59.730053  0.078417 0.569803 0.818031  0.936255 0.881890
barney_body.bmp
9  -5.969883 6.363314 57.560970  -0.419783 0.890033 0.177830  0.980080 0.834646
9  -6.459883 5.822459 58.310356  -0.678213 0.719033 0.151719  0.992032 0.846457
9  -3.799881 6.381724 58.950993  -0.171381 0.826959 0.535506  0.932271 0.866142
barney_body.bmp
42  -2.618585 7.185116 41.728996  -0.316777 0.940200 -0.125209  0.904382 0.500000
42  -2.678586 6.785432 40.798859  -0.224636 0.897681 -0.379087  0.908367 0.484252
42  -4.238586 6.084834 42.568623  -0.776695 0.614302 -0.139202  0.940239 0.515748
barney_body.bmp
9  -4.009883 4.700767 59.789074  0.856500 -0.024674 0.515558  0.924303 0.893701
9  0.420118 5.681456 59.180187  -0.000026 0.068198 0.997672  0.832669 0.881890
9  -4.009882 5.560835 59.730053  0.078417 0.569803 0.818031  0.936255 0.881890
barney_body.bmp
1  -6.399912 2.464034 43.146156  -0.834607 0.095274 0.542545  0.601594 0.507874
1  -6.049911 2.114046 43.116035  0.010483 -0.069270 0.997543  0.597610 0.515748
1  -4.169919 4.923933 43.457005  -0.033004 -0.097099 0.994727  0.669323 0.511811
barney_body.bmp
9  6.560100 -4.335031 56.088745  0.488010 -0.803129 0.341806  0.442231 0.803150
9  7.120101 -3.545683 56.659649  0.709575 -0.664152 0.235384  0.454183 0.814961
9  4.730102 -4.126592 57.458988  0.241520 -0.712979 0.658277  0.398406 0.830709
barney_body.bmp
41  3.621412 -4.656616 43.605293  0.329748 -0.807475 0.489131  0.370518 0.519685
8  4.440089 -3.760651 44.055176  0.652497 -0.715045 0.250913  0.390438 0.531496
8  0.430088 -4.540747 44.144287  -0.001299 -0.595144 0.803618  0.298805 0.531496
barney_body.bmp
41  3.271411 -4.926246 42.515202  0.533181 -0.844570 -0.049193  0.362550 0.496063
41  2.471410 -5.216017 41.845104  0.250504 -0.904187 -0.345968  0.342629 0.480315
41  3.761412 -4.246104 42.095432  0.664591 -0.673178 -0.324267  0.378486 0.488189
barney_body.bmp
9  7.640115 2.107978 62.216103  0.684227 0.227083 0.693013  0.466135 0.988189
9  5.260116 2.107194 62.906105  -0.617989 0.045194 0.784887  0.410359 1.000000
9  7.620111 -0.761598 61.842827  0.800190 -0.199368 0.565639  0.466135 0.948819
barney_body.bmp
8  5.280107 5.653989 48.755920  0.286036 0.932428 -0.220822  0.721116 0.633858
8  5.650105 4.955016 47.855122  0.509257 0.736578 -0.445095  0.717131 0.614173
8  0.430108 6.344018 48.736713  -0.001703 0.920837 -0.389943  0.832669 0.633858
barney_body.bmp
9  5.260116 2.107194 62.906105  -0.617989 0.045194 0.784887  0.410359 1.000000
9  5.260116 2.067753 62.416061  -0.999994 0.003606 -0.000200  0.402390 0.980315
9  5.230111 -0.591800 62.023026  -0.999993 0.003733 -0.000193  0.398406 0.937008
barney_body.bmp
9  0.420102 -4.126871 57.708992  0.000000 -0.006381 0.999980  0.298805 0.854331
9  4.830103 -3.867666 58.399284  -0.317208 -0.604899 0.730395  0.402390 0.854331
9  4.750104 -2.987666 58.400288  -0.653921 -0.054198 0.754619  0.390438 0.862205
barney_body.bmp
1  4.080104 -3.815175 40.933990  0.582813 -0.807617 0.089909  0.434263 0.460630
1  6.810098 -1.625849 42.904743  0.784313 -0.619227 0.037576  0.513944 0.503937
1  4.360102 -3.035810 42.774258  0.582790 -0.807627 0.089976  0.454183 0.503937
barney_body.bmp
9  -3.889896 -2.987653 58.400295  -0.175403 -0.910939 0.373396  0.207171 0.862205
9  0.420102 -4.126871 57.708992  -0.000839 -0.912856 0.408282  0.298805 0.854331
9  -4.389892 -2.079810 60.291336  -0.161108 -0.811644 0.561496  0.203187 0.901575
barney_body.bmp
9  5.250107 -2.079825 60.291325  0.151400 -0.807412 0.570232  0.398406 0.901575
9  0.420102 -4.126871 57.708992  -0.000839 -0.912856 0.408282  0.298805 0.854331
9  4.750104 -2.987666 58.400288  0.173603 -0.909952 0.376630  0.390438 0.862205
barney_body.bmp
9  3.870117 1.485850 64.085396  -0.664988 -0.387438 0.638500  0.067729 0.696850
9  0.400117 2.747121 62.976841  -0.135647 -0.755689 0.640729  0.119522 0.767717
9  2.980114 1.047358 62.764896  -0.648395 -0.467075 0.601187  0.119522 0.696850
barney_body.bmp
9  -2.809888 -1.313248 63.302212  0.856525 -0.024707 0.515514  0.067729 0.893701
9  -1.999889 -0.951755 61.992622  0.829993 -0.085495 0.551182  0.119522 0.889764
9  -3.139883 1.465860 64.085381  0.762943 -0.278036 0.583622  0.067729 0.842520
barney_body.bmp
9  -1.999889 -0.951755 61.992622  0.678419 0.263686 0.685724  0.119522 0.889764
9  -0.929893 -3.781789 62.019390  0.678419 0.263686 0.685724  0.067729 0.952756
9  -0.399892 -2.510626 61.000839  0.678452 0.263688 0.685690  0.119522 0.952756
barney_body.bmp
9  -0.929893 -3.781789 62.019390  0.774055 0.298641 0.558259  0.067729 0.952756
9  -1.999889 -0.951755 61.992622  0.774055 0.298641 0.558259  0.119522 0.889764
9  -2.809888 -1.313248 63.302212  0.774035 0.298620 0.558297  0.067729 0.893701
barney_body.bmp
9  3.870117 1.485850 64.085396  0.874050 0.289292 0.390316  0.000000 0.692913
9  4.300111 -0.741821 62.042854  0.827669 -0.534371 0.171499  0.059761 0.653543
9  4.470116 1.757618 62.535706  0.874052 0.289292 0.390313  0.059761 0.692913
barney_body.bmp
9  -1.999889 -0.951755 61.992622  -0.630187 -0.167707 -0.758115  0.290837 0.909449
9  -0.399892 -2.510626 61.000839  -0.630187 -0.167707 -0.758115  0.294821 0.909449
9  -0.929893 -3.661424 61.699528  -0.630224 -0.167711 -0.758084  0.294821 0.909449
barney_body.bmp
9  -2.809888 -1.313248 63.302212  -0.791499 -0.253348 -0.556187  0.290837 0.913386
9  -1.999889 -0.951755 61.992622  -0.791516 -0.253375 -0.556151  0.290837 0.909449
9  -0.929893 -3.661424 61.699528  -0.791516 -0.253375 -0.556151  0.294821 0.909449
barney_body.bmp
9  -3.499889 -0.751855 62.082851  -0.823061 -0.544116 0.162810  0.023904 0.354331
9  -1.999889 -0.951755 61.992622  -0.730558 -0.611367 -0.304164  0.027888 0.354331
9  -2.809888 -1.313248 63.302212  -0.704490 -0.709658 0.008899  0.027888 0.374016
barney_body.bmp
9  1.220108 -2.510651 61.020840  0.623178 -0.159991 -0.765540  0.294821 0.909449
9  2.770111 -0.941716 61.952629  0.623181 -0.160037 -0.765528  0.294821 0.909449
9  1.780107 -3.661450 61.719524  0.623175 -0.159945 -0.765552  0.294821 0.909449
barney_body.bmp
9  1.780107 -3.661450 61.719524  0.792391 -0.238901 -0.561286  0.294821 0.909449
9  2.770111 -0.941716 61.952629  0.792392 -0.238901 -0.561286  0.294821 0.909449
9  3.590112 -1.303212 63.262215  0.792392 -0.238901 -0.561286  0.294821 0.909449
barney_body.bmp
9  2.770111 -0.941716 61.952629  0.738668 -0.607319 -0.292462  0.019920 0.354331
9  4.300111 -0.741821 62.042854  0.827645 -0.534395 0.171541  0.023904 0.354331
9  3.590112 -1.303212 63.262215  0.707463 -0.706539 0.017292  0.023904 0.374016
barney_body.bmp
9  7.640107 -2.210033 60.471172  0.487913 -0.695609 0.527323  0.498008 0.901575
9  7.650104 -3.056929 57.750206  0.777683 -0.610403 0.150392  0.470120 0.842520
9  7.620111 -0.761598 61.842827  0.800190 -0.199368 0.565639  0.533865 0.944882
barney_body.bmp
8  0.430110 6.342135 50.386711  -0.002361 0.982546 0.186003  0.832669 0.669291
8  -4.409893 5.624003 48.755898  -0.285388 0.934148 -0.214291  0.944223 0.633858
8  -5.179891 5.492190 50.345749  -0.469688 0.870154 0.149079  0.960159 0.669291
barney_body.bmp
8  -5.649892 4.781164 51.244938  -0.706902 0.640176 -0.300775  0.972112 0.688976
8  -4.789895 4.955031 47.855133  -0.654537 0.747602 -0.112573  0.952191 0.614173
8  -5.589897 3.705832 47.153709  -0.913013 0.401106 -0.074304  0.984064 0.594488
barney_body.bmp
8  6.450103 3.705815 47.153694  0.250390 -0.886811 -0.388421  0.031873 0.370079
1  5.030082 4.923956 43.457005  0.326678 -0.874384 -0.358795  0.031873 0.366142
42  5.591413 5.885138 41.628548  0.318017 -0.767304 -0.556875  0.031873 0.362205
barney_body.bmp
8  -5.589897 3.705832 47.153709  -0.250985 -0.886571 -0.388585  0.019920 0.370079
42  -4.738586 5.885154 41.628555  -0.325024 -0.763924 -0.557475  0.019920 0.362205
1  -4.169919 4.923933 43.457005  -0.332200 -0.873234 -0.356518  0.019920 0.366142
barney_body.bmp
7  -6.636179 -3.364144 2.336616  -0.860619 -0.197003 0.469601  0.195219 0.078740
7  -5.826177 -5.963833 1.435717  -0.743189 -0.658431 0.118910  0.239044 0.043307
7  -5.666176 -5.724199 2.495800  -0.639293 -0.633884 0.435311  0.227092 0.074803
barney_body.bmp
6  -2.130826 0.656260 12.277566  0.771032 -0.629346 -0.097122  0.103586 0.307087
6  -2.773293 0.825951 6.682413  0.916332 -0.392225 0.080592  0.095618 0.169291
6  -2.121606 3.321093 11.942933  0.862464 0.496081 -0.100297  0.035857 0.291339
barney_body.bmp
6  -5.973446 0.824722 6.686968  -0.829782 -0.543030 0.128763  0.095618 0.169291
7  -4.386178 -1.464933 4.627270  0.036003 -0.677777 0.734386  0.175299 0.141732
6  -4.324036 -0.273970 6.734111  0.137708 -0.978354 0.154465  0.143426 0.188976
barney_body.bmp
7  -3.006180 -0.474749 4.097610  0.866187 -0.284001 0.411172  0.143426 0.125984
7  -2.506182 2.675096 4.548698  0.998203 0.036011 0.047894  0.047809 0.125984
6  -2.773293 0.825951 6.682413  0.916332 -0.392225 0.080592  0.095618 0.169291
barney_body.bmp
7  -2.666187 3.796622 0.129085  0.948999 0.314294 -0.024916  0.023904 0.019685
7  -4.376188 4.826620 0.129442  0.017532 0.998564 -0.050614  0.003984 0.019685
7  -2.666186 3.936038 1.819133  0.882713 0.469407 -0.021800  0.019920 0.055118
barney_body.bmp
42  3.531414 6.785423 40.798855  0.163501 0.958784 0.232382  0.764940 0.480315
42  -3.068586 7.005711 39.978935  -0.082888 0.950805 0.298496  0.916335 0.456693
42  -2.678586 6.785432 40.798859  -0.218398 0.950600 0.220592  0.908367 0.484252
barney_body.bmp
43  -6.879040 -1.548317 42.608082  0.216512 -0.756719 0.616846  0.131474 0.570866
43  -6.859044 -0.088403 42.858585  -0.577082 0.812806 -0.079518  0.099602 0.566929
43  -7.669040 -1.438170 42.178120  0.652420 -0.671396 -0.351533  0.131474 0.559055
barney_body.bmp
4  3.816270 -4.684345 2.956144  -0.572891 -0.232397 0.785995  0.258964 0.133858
4  3.196267 -3.434132 2.336577  -0.934532 -0.079397 0.346908  0.235060 0.181102
4  3.766270 -5.574187 2.495837  -0.707908 -0.556987 0.434317  0.270916 0.145669
barney_body.bmp
4  3.766270 -5.574187 2.495837  -0.707908 -0.556987 0.434317  0.270916 0.145669
4  3.606268 -5.813796 1.365754  -0.791046 -0.602504 0.105994  0.290837 0.125984
4  5.106269 -6.593877 1.605483  -0.047505 -0.979672 0.194901  0.286853 0.074803
barney_body.bmp
3  2.950937 0.656244 12.277335  -0.770928 -0.629323 -0.098097  0.103586 0.307087
3  2.951708 3.321088 11.942813  -0.862470 0.496049 -0.100398  0.035857 0.291339
3  3.603388 0.825947 6.682291  -0.916342 -0.392224 0.080483  0.095618 0.169291
barney_body.bmp
3  6.803541 0.824728 6.686838  0.829766 -0.543030 0.128867  0.095618 0.169291
3  5.154134 -0.273969 6.733985  -0.137742 -0.978353 0.154444  0.143426 0.188976
4  5.216270 -1.464921 4.627254  -0.036004 -0.677772 0.734391  0.175299 0.141732
barney_body.bmp
4  3.836268 -0.474739 4.097598  -0.866185 -0.284003 0.411177  0.143426 0.125984
3  3.603388 0.825947 6.682291  -0.916342 -0.392224 0.080483  0.095618 0.169291
4  3.336266 2.675105 4.548687  -0.998203 0.036012 0.047894  0.047809 0.125984
barney_body.bmp
4  5.226262 4.895379 3.759450  0.003902 0.997061 0.076511  0.003984 0.106299
4  6.806259 4.076051 1.819164  0.882181 0.470890 -0.004297  0.019920 0.055118
4  5.206255 4.826633 0.129427  -0.017532 0.998564 -0.050614  0.003984 0.019685
barney_body.bmp
26  -12.745464 0.051991 41.429230  0.017452 0.979192 0.202182  0.498008 0.035433
26  -13.189246 -0.664161 39.708538  0.220589 0.863015 -0.454473  0.494024 0.000000
26  -14.326306 -1.255974 40.325748  -0.747140 0.656750 -0.102278  0.521912 0.000000
barney_body.bmp
26  -12.706121 -4.389624 41.652866  -0.235804 -0.464043 -0.853851  0.247012 0.192913
26  -13.715033 -3.995876 41.715778  -0.235803 -0.464120 -0.853809  0.211155 0.204724
26  -11.730624 -3.914289 41.122429  -0.235795 -0.464179 -0.853779  0.282869 0.208661
barney_body.bmp
26  -13.189246 -0.664161 39.708538  -0.235831 -0.464219 -0.853747  0.250996 0.326772
26  -12.076411 -1.527141 39.873047  -0.235716 -0.464230 -0.853773  0.286853 0.295276
26  -14.326306 -1.255974 40.325748  -0.235801 -0.464172 -0.853781  0.207171 0.307087
barney_body.bmp
25  -7.731591 -1.271306 60.012424  -0.603357 -0.593829 0.532284  0.593625 0.389764
25  -8.524592 0.955812 60.381741  -0.796226 -0.008302 0.604942  0.561753 0.393701
25  -9.611442 0.961295 58.422756  -0.907024 -0.001896 0.421075  0.561753 0.354331
barney_body.bmp
9  -6.439884 3.179333 61.047340  -0.129696 0.597222 0.791521  0.505976 0.421260
9  -6.549886 0.958525 61.754807  -0.103009 -0.054585 0.993182  0.561753 0.433071
25  -3.922923 0.959486 61.088585  0.584389 -0.057208 0.809455  0.458167 0.448819
barney_body.bmp
25  -9.611442 0.961295 58.422756  -0.907024 -0.001896 0.421075  0.561753 0.354331
25  -11.848943 0.735968 50.540051  -0.961053 -0.015564 0.275925  0.561753 0.200787
25  -8.774772 -1.272166 58.218220  -0.693106 -0.674700 0.253742  0.585657 0.358268
barney_body.bmp
25  -4.481141 3.180652 57.021164  0.648881 0.710584 -0.272074  0.434263 0.358268
25  -10.171131 3.261445 48.783489  0.016390 0.996109 -0.086591  0.498008 0.200787
25  -6.817437 4.188605 58.031090  -0.061802 0.989296 0.132185  0.498008 0.362205
barney_body.bmp
26  -13.715033 -3.995876 41.715778  -0.690657 -0.612314 0.384791  0.601594 0.003937
26  -12.706121 -4.389624 41.652866  0.098472 -0.952151 0.289332  0.621514 0.007874
26  -11.467525 -1.092696 49.617409  -0.581617 -0.687194 0.435300  0.589641 0.185039
barney_body.bmp
12  12.654412 0.736289 50.549648  0.961051 -0.015585 0.275933  0.860558 0.200787
12  12.068792 -0.837596 50.339329  0.740648 -0.601906 0.298579  0.888446 0.200787
13  12.996659 0.697693 49.350395  0.955547 0.026802 0.293620  0.860558 0.181102
barney_body.bmp
13  12.288138 -2.736005 40.330845  -0.892323 0.060668 -0.447303  0.745020 0.007874
13  9.794195 -0.442231 45.280445  -0.919955 -0.001932 -0.392021  0.737052 0.114173
13  12.221858 -0.877918 41.461739  -0.646010 0.630647 -0.430065  0.772908 0.039370
barney_body.bmp
39  -0.224412 -3.619334 65.638062  0.542062 -0.840339 0.000042  0.023904 0.366142
39  0.025588 -5.529333 65.637405  0.001873 0.002498 -0.999995  0.027888 0.366142
38  -0.789888 -5.123622 65.636932  0.936433 -0.350822 0.004085  0.027888 0.362205
barney_body.bmp
39  0.705588 -5.529334 65.637405  0.001899 0.002514 -0.999995  0.027888 0.366142
39  0.025588 -5.529333 65.637405  0.001873 0.002498 -0.999995  0.027888 0.362205
39  -0.224412 -3.619334 65.638062  0.542062 -0.840339 0.000042  0.023904 0.362205
barney_body.bmp
39  0.955588 -3.619334 65.638062  -0.775995 -0.630738 0.001344  0.023904 0.362205
39  0.705588 -5.529334 65.637405  0.001925 0.002508 -0.999995  0.027888 0.362205
39  -0.224412 -3.619334 65.638062  0.542111 -0.840307 -0.000001  0.023904 0.358268
barney_body.bmp
38  1.520112 -5.123625 65.636932  -0.936680 -0.350174 0.003042  0.027888 0.374016
39  0.705588 -5.529334 65.637405  0.001925 0.002508 -0.999995  0.027888 0.370079
39  0.955588 -3.619334 65.638062  -0.775995 -0.630738 0.001344  0.023904 0.370079
barney_chrome.bmp
38  0.420127 4.259068 69.869438  -0.000069 0.996039 0.088914  0.000000 0.000000
38  0.420128 4.106029 71.536041  -0.000007 0.968046 0.250771  0.000000 0.000000
38  1.970126 3.734522 69.857086  0.449134 0.887107 0.106400  0.000000 0.000000
barney_chrome.bmp
38  1.970126 3.734522 69.857086  0.449134 0.887107 0.106400  0.000000 0.000000
38  0.420128 4.106029 71.536041  -0.000007 0.968046 0.250771  0.000000 0.000000
38  2.160128 3.307030 72.168655  0.519470 0.772200 0.365866  0.000000 0.000000
barney_chrome.bmp
38  0.420128 4.106029 71.536041  -0.000007 0.968046 0.250771  0.000000 0.000000
38  0.420129 3.170564 73.220261  0.000001 0.750396 0.660988  0.000000 0.000000
38  2.160128 3.307030 72.168655  0.519470 0.772200 0.365866  0.000000 0.000000
barney_chrome.bmp
38  2.160128 3.307030 72.168655  0.519470 0.772200 0.365866  0.000000 0.000000
38  0.420129 3.170564 73.220261  0.000001 0.750396 0.660988  0.000000 0.000000
38  2.120127 1.647306 73.950600  0.475628 0.478629 0.738033  0.000000 0.000000
barney_chrome.bmp
38  0.420129 3.170564 73.220261  0.000001 0.750396 0.660988  0.000000 0.000000
38  0.420128 1.574136 74.475616  0.000000 0.422801 0.906222  0.000000 0.000000
38  2.120127 1.647306 73.950600  0.475628 0.478629 0.738033  0.000000 0.000000
barney_chrome.bmp
38  2.120127 1.647306 73.950600  0.475628 0.478629 0.738033  0.000000 0.000000
38  0.420128 1.574136 74.475616  0.000000 0.422801 0.906222  0.000000 0.000000
38  2.010126 -0.536250 74.758423  0.369484 0.125003 0.920791  0.000000 0.000000
barney_chrome.bmp
38  0.420128 1.574136 74.475616  0.000000 0.422801 0.906222  0.000000 0.000000
38  0.420126 -0.490760 75.109894  -0.000125 0.134355 0.990933  0.000000 0.000000
38  2.010126 -0.536250 74.758423  0.369484 0.125003 0.920791  0.000000 0.000000
barney_chrome.bmp
38  2.010126 -0.536250 74.758423  0.369484 0.125003 0.920791  0.000000 0.000000
38  0.420126 -0.490760 75.109894  -0.000125 0.134355 0.990933  0.000000 0.000000
38  0.420123 -2.608693 75.057381  -0.000005 -0.162778 0.986663  0.000000 0.000000
barney_chrome.bmp
38  0.420126 -0.490760 75.109894  -0.000125 0.134355 0.990933  0.000000 0.000000
38  -1.189874 -0.536246 74.758430  -0.369486 0.124997 0.920791  0.000000 0.000000
38  0.420123 -2.608693 75.057381  -0.000005 -0.162778 0.986663  0.000000 0.000000
barney_chrome.bmp
38  0.420123 -2.608693 75.057381  -0.000005 -0.162778 0.986663  0.000000 0.000000
38  -1.189874 -0.536246 74.758430  -0.369486 0.124997 0.920791  0.000000 0.000000
38  -1.299877 -2.824596 74.567497  -0.474687 -0.260487 0.840725  0.000000 0.000000
barney_chrome.bmp
38  -1.189874 -0.536246 74.758430  -0.369486 0.124997 0.920791  0.000000 0.000000
38  -2.559875 -0.678978 73.743530  -0.747393 0.089197 0.658368  0.000000 0.000000
38  -1.299877 -2.824596 74.567497  -0.474687 -0.260487 0.840725  0.000000 0.000000
barney_chrome.bmp
38  -1.299877 -2.824596 74.567497  -0.474687 -0.260487 0.840725  0.000000 0.000000
38  -2.559875 -0.678978 73.743530  -0.747393 0.089197 0.658368  0.000000 0.000000
38  -2.709879 -3.132283 73.060669  -0.827799 -0.302116 0.472732  0.000000 0.000000
barney_chrome.bmp
38  -2.559875 -0.678978 73.743530  -0.747393 0.089197 0.658368  0.000000 0.000000
38  -3.389877 -0.883200 72.222740  -0.959960 0.037698 0.277588  0.000000 0.000000
38  -2.709879 -3.132283 73.060669  -0.827799 -0.302116 0.472732  0.000000 0.000000
barney_chrome.bmp
38  -2.709879 -3.132283 73.060669  -0.827799 -0.302116 0.472732  0.000000 0.000000
38  -3.389877 -0.883200 72.222740  -0.959960 0.037698 0.277588  0.000000 0.000000
38  -3.359881 -3.233419 70.634857  -0.947468 -0.235900 0.215999  0.000000 0.000000
barney_chrome.bmp
38  -3.389877 -0.883200 72.222740  -0.959960 0.037698 0.277588  0.000000 0.000000
38  -3.629879 -1.153139 70.286522  -0.993011 0.016419 0.116874  0.000000 0.000000
38  -3.359881 -3.233419 70.634857  -0.947468 -0.235900 0.215999  0.000000 0.000000
barney_chrome.bmp
38  1.970126 3.734522 69.857086  0.449134 0.887107 0.106400  0.000000 0.000000
38  2.160128 3.307030 72.168655  0.519470 0.772200 0.365866  0.000000 0.000000
38  3.290125 2.613635 69.902000  0.770364 0.623331 0.134153  0.000000 0.000000
barney_chrome.bmp
38  3.290125 2.613635 69.902000  0.770364 0.623331 0.134153  0.000000 0.000000
38  2.160128 3.307030 72.168655  0.519470 0.772200 0.365866  0.000000 0.000000
38  3.530126 1.526794 72.412720  0.829962 0.420884 0.366086  0.000000 0.000000
barney_chrome.bmp
38  2.160128 3.307030 72.168655  0.519470 0.772200 0.365866  0.000000 0.000000
38  2.120127 1.647306 73.950600  0.475628 0.478629 0.738033  0.000000 0.000000
38  3.530126 1.526794 72.412720  0.829962 0.420884 0.366086  0.000000 0.000000
barney_chrome.bmp
38  3.530126 1.526794 72.412720  0.829962 0.420884 0.366086  0.000000 0.000000
38  2.120127 1.647306 73.950600  0.475628 0.478629 0.738033  0.000000 0.000000
38  3.380125 -0.678985 73.743523  0.747394 0.089196 0.658366  0.000000 0.000000
barney_chrome.bmp
38  2.120127 1.647306 73.950600  0.475628 0.478629 0.738033  0.000000 0.000000
38  2.010126 -0.536250 74.758423  0.369484 0.125003 0.920791  0.000000 0.000000
38  3.380125 -0.678985 73.743523  0.747394 0.089196 0.658366  0.000000 0.000000
barney_chrome.bmp
38  3.380125 -0.678985 73.743523  0.747394 0.089196 0.658366  0.000000 0.000000
38  2.010126 -0.536250 74.758423  0.369484 0.125003 0.920791  0.000000 0.000000
38  2.120123 -2.824600 74.567497  0.474692 -0.260489 0.840721  0.000000 0.000000
barney_chrome.bmp
38  2.010126 -0.536250 74.758423  0.369484 0.125003 0.920791  0.000000 0.000000
38  0.420123 -2.608693 75.057381  -0.000005 -0.162778 0.986663  0.000000 0.000000
38  2.120123 -2.824600 74.567497  0.474692 -0.260489 0.840721  0.000000 0.000000
barney_chrome.bmp
38  2.120123 -2.824600 74.567497  0.474692 -0.260489 0.840721  0.000000 0.000000
38  0.420123 -2.608693 75.057381  -0.000005 -0.162778 0.986663  0.000000 0.000000
38  0.420121 -4.490588 74.282928  0.000002 -0.539208 0.842173  0.000000 0.000000
barney_chrome.bmp
38  0.420123 -2.608693 75.057381  -0.000005 -0.162778 0.986663  0.000000 0.000000
38  -1.299877 -2.824596 74.567497  -0.474687 -0.260487 0.840725  0.000000 0.000000
38  0.420121 -4.490588 74.282928  0.000002 -0.539208 0.842173  0.000000 0.000000
barney_chrome.bmp
38  0.420121 -4.490588 74.282928  0.000002 -0.539208 0.842173  0.000000 0.000000
38  -1.299877 -2.824596 74.567497  -0.474687 -0.260487 0.840725  0.000000 0.000000
38  -1.339881 -4.902642 73.306297  -0.514871 -0.631370 0.579896  0.000000 0.000000
barney_chrome.bmp
38  -1.299877 -2.824596 74.567497  -0.474687 -0.260487 0.840725  0.000000 0.000000
38  -2.709879 -3.132283 73.060669  -0.827799 -0.302116 0.472732  0.000000 0.000000
38  -1.339881 -4.902642 73.306297  -0.514871 -0.631370 0.579896  0.000000 0.000000
barney_chrome.bmp
38  -1.339881 -4.902642 73.306297  -0.514871 -0.631370 0.579896  0.000000 0.000000
38  -2.709879 -3.132283 73.060669  -0.827799 -0.302116 0.472732  0.000000 0.000000
38  -2.469883 -4.947178 70.970467  -0.772585 -0.547685 0.321174  0.000000 0.000000
barney_chrome.bmp
38  -2.709879 -3.132283 73.060669  -0.827799 -0.302116 0.472732  0.000000 0.000000
38  -3.359881 -3.233419 70.634857  -0.947468 -0.235900 0.215999  0.000000 0.000000
38  -2.469883 -4.947178 70.970467  -0.772585 -0.547685 0.321174  0.000000 0.000000
barney_chrome.bmp
38  3.290125 2.613635 69.902000  0.770364 0.623331 0.134153  0.000000 0.000000
38  3.530126 1.526794 72.412720  0.829962 0.420884 0.366086  0.000000 0.000000
38  4.180123 0.929648 70.049957  0.947275 0.289182 0.137997  0.000000 0.000000
barney_chrome.bmp
38  4.180123 0.929648 70.049957  0.947275 0.289182 0.137997  0.000000 0.000000
38  3.530126 1.526794 72.412720  0.829962 0.420884 0.366086  0.000000 0.000000
38  4.210123 -0.883209 72.222733  0.959961 0.037698 0.277584  0.000000 0.000000
barney_chrome.bmp
38  3.530126 1.526794 72.412720  0.829962 0.420884 0.366086  0.000000 0.000000
38  3.380125 -0.678985 73.743523  0.747394 0.089196 0.658366  0.000000 0.000000
38  4.210123 -0.883209 72.222733  0.959961 0.037698 0.277584  0.000000 0.000000
barney_chrome.bmp
38  4.210123 -0.883209 72.222733  0.959961 0.037698 0.277584  0.000000 0.000000
38  3.380125 -0.678985 73.743523  0.747394 0.089196 0.658366  0.000000 0.000000
38  3.530121 -3.132290 73.060669  0.827830 -0.302100 0.472688  0.000000 0.000000
barney_chrome.bmp
38  3.380125 -0.678985 73.743523  0.747394 0.089196 0.658366  0.000000 0.000000
38  2.120123 -2.824600 74.567497  0.474692 -0.260489 0.840721  0.000000 0.000000
38  3.530121 -3.132290 73.060669  0.827830 -0.302100 0.472688  0.000000 0.000000
barney_chrome.bmp
38  3.530121 -3.132290 73.060669  0.827830 -0.302100 0.472688  0.000000 0.000000
38  2.120123 -2.824600 74.567497  0.474692 -0.260489 0.840721  0.000000 0.000000
38  2.160119 -4.902646 73.306297  0.514898 -0.631399 0.579841  0.000000 0.000000
barney_chrome.bmp
38  2.120123 -2.824600 74.567497  0.474692 -0.260489 0.840721  0.000000 0.000000
38  0.420121 -4.490588 74.282928  0.000002 -0.539208 0.842173  0.000000 0.000000
38  2.160119 -4.902646 73.306297  0.514898 -0.631399 0.579841  0.000000 0.000000
barney_chrome.bmp
38  2.160119 -4.902646 73.306297  0.514898 -0.631399 0.579841  0.000000 0.000000
38  0.420121 -4.490588 74.282928  0.000002 -0.539208 0.842173  0.000000 0.000000
38  0.420118 -5.854252 72.922440  0.000005 -0.850958 0.525234  0.000000 0.000000
barney_chrome.bmp
38  0.420121 -4.490588 74.282928  0.000002 -0.539208 0.842173  0.000000 0.000000
38  -1.339881 -4.902642 73.306297  -0.514871 -0.631370 0.579896  0.000000 0.000000
38  0.420118 -5.854252 72.922440  0.000005 -0.850958 0.525234  0.000000 0.000000
barney_chrome.bmp
38  0.420118 -5.854252 72.922440  0.000005 -0.850958 0.525234  0.000000 0.000000
38  -1.339881 -4.902642 73.306297  -0.514871 -0.631370 0.579896  0.000000 0.000000
38  -1.149884 -6.097836 71.203033  -0.428040 -0.819291 0.381502  0.000000 0.000000
barney_chrome.bmp
38  -1.339881 -4.902642 73.306297  -0.514871 -0.631370 0.579896  0.000000 0.000000
38  -2.469883 -4.947178 70.970467  -0.772585 -0.547685 0.321174  0.000000 0.000000
38  -1.149884 -6.097836 71.203033  -0.428040 -0.819291 0.381502  0.000000 0.000000
barney_chrome.bmp
38  4.180123 0.929648 70.049957  0.947275 0.289182 0.137997  0.000000 0.000000
38  4.210123 -0.883209 72.222733  0.959961 0.037698 0.277584  0.000000 0.000000
38  4.450121 -1.153148 70.286514  0.993005 0.016431 0.116921  0.000000 0.000000
barney_chrome.bmp
38  4.450121 -1.153148 70.286514  0.993005 0.016431 0.116921  0.000000 0.000000
38  4.210123 -0.883209 72.222733  0.959961 0.037698 0.277584  0.000000 0.000000
38  4.180119 -3.233428 70.634850  0.947468 -0.235901 0.216000  0.000000 0.000000
barney_chrome.bmp
38  4.210123 -0.883209 72.222733  0.959961 0.037698 0.277584  0.000000 0.000000
38  3.530121 -3.132290 73.060669  0.827830 -0.302100 0.472688  0.000000 0.000000
38  4.180119 -3.233428 70.634850  0.947468 -0.235901 0.216000  0.000000 0.000000
barney_chrome.bmp
38  4.180119 -3.233428 70.634850  0.947468 -0.235901 0.216000  0.000000 0.000000
38  3.530121 -3.132290 73.060669  0.827830 -0.302100 0.472688  0.000000 0.000000
38  3.290117 -4.947185 70.970459  0.772605 -0.547646 0.321193  0.000000 0.000000
barney_chrome.bmp
38  3.530121 -3.132290 73.060669  0.827830 -0.302100 0.472688  0.000000 0.000000
38  2.160119 -4.902646 73.306297  0.514898 -0.631399 0.579841  0.000000 0.000000
38  3.290117 -4.947185 70.970459  0.772605 -0.547646 0.321193  0.000000 0.000000
barney_chrome.bmp
38  3.290117 -4.947185 70.970459  0.772605 -0.547646 0.321193  0.000000 0.000000
38  2.160119 -4.902646 73.306297  0.514898 -0.631399 0.579841  0.000000 0.000000
38  1.970116 -6.097840 71.203033  0.427991 -0.819316 0.381504  0.000000 0.000000
barney_chrome.bmp
38  2.160119 -4.902646 73.306297  0.514898 -0.631399 0.579841  0.000000 0.000000
38  0.420118 -5.854252 72.922440  0.000005 -0.850958 0.525234  0.000000 0.000000
38  1.970116 -6.097840 71.203033  0.427991 -0.819316 0.381504  0.000000 0.000000
barney_chrome.bmp
38  1.970116 -6.097840 71.203033  0.427991 -0.819316 0.381504  0.000000 0.000000
38  0.420118 -5.854252 72.922440  0.000005 -0.850958 0.525234  0.000000 0.000000
38  0.420116 -6.493039 71.332710  -0.000050 -0.928374 0.371647  0.000000 0.000000
barney_chrome.bmp
38  0.420118 -5.854252 72.922440  0.000005 -0.850958 0.525234  0.000000 0.000000
38  -1.149884 -6.097836 71.203033  -0.428040 -0.819291 0.381502  0.000000 0.000000
38  0.420116 -6.493039 71.332710  -0.000050 -0.928374 0.371647  0.000000 0.000000
barney_chrome.bmp
38  0.420126 -0.490760 75.109894  -0.000125 0.134355 0.990933  0.000000 0.000000
38  0.420128 1.574136 74.475616  0.000000 0.422801 0.906222  0.000000 0.000000
38  -1.189874 -0.536246 74.758430  -0.369486 0.124997 0.920791  0.000000 0.000000
barney_chrome.bmp
38  -1.189874 -0.536246 74.758430  -0.369486 0.124997 0.920791  0.000000 0.000000
38  0.420128 1.574136 74.475616  0.000000 0.422801 0.906222  0.000000 0.000000
38  -1.299873 1.647310 73.950600  -0.475606 0.478614 0.738056  0.000000 0.000000
barney_chrome.bmp
38  0.420128 1.574136 74.475616  0.000000 0.422801 0.906222  0.000000 0.000000
38  0.420129 3.170564 73.220261  0.000001 0.750396 0.660988  0.000000 0.000000
38  -1.299873 1.647310 73.950600  -0.475606 0.478614 0.738056  0.000000 0.000000
barney_chrome.bmp
38  -1.299873 1.647310 73.950600  -0.475606 0.478614 0.738056  0.000000 0.000000
38  0.420129 3.170564 73.220261  0.000001 0.750396 0.660988  0.000000 0.000000
38  -1.339872 3.307034 72.168655  -0.519558 0.772167 0.365812  0.000000 0.000000
barney_chrome.bmp
38  0.420129 3.170564 73.220261  0.000001 0.750396 0.660988  0.000000 0.000000
38  0.420128 4.106029 71.536041  -0.000007 0.968046 0.250771  0.000000 0.000000
38  -1.339872 3.307034 72.168655  -0.519558 0.772167 0.365812  0.000000 0.000000
barney_chrome.bmp
38  -1.339872 3.307034 72.168655  -0.519558 0.772167 0.365812  0.000000 0.000000
38  0.420128 4.106029 71.536041  -0.000007 0.968046 0.250771  0.000000 0.000000
38  -1.149874 3.734525 69.857094  -0.449142 0.887102 0.106399  0.000000 0.000000
barney_chrome.bmp
38  0.420128 4.106029 71.536041  -0.000007 0.968046 0.250771  0.000000 0.000000
38  0.420127 4.259068 69.869438  -0.000069 0.996039 0.088914  0.000000 0.000000
38  -1.149874 3.734525 69.857094  -0.449142 0.887102 0.106399  0.000000 0.000000
barney_chrome.bmp
38  -2.709874 1.526801 72.412720  -0.829961 0.420884 0.366089  0.000000 0.000000
38  -1.299873 1.647310 73.950600  -0.475606 0.478614 0.738056  0.000000 0.000000
38  -1.339872 3.307034 72.168655  -0.519558 0.772167 0.365812  0.000000 0.000000
barney_chrome.bmp
38  -2.709874 1.526801 72.412720  -0.829961 0.420884 0.366089  0.000000 0.000000
38  -2.559875 -0.678978 73.743530  -0.747393 0.089197 0.658368  0.000000 0.000000
38  -1.299873 1.647310 73.950600  -0.475606 0.478614 0.738056  0.000000 0.000000
barney_chrome.bmp
38  -2.709874 1.526801 72.412720  -0.829961 0.420884 0.366089  0.000000 0.000000
38  -3.389877 -0.883200 72.222740  -0.959960 0.037698 0.277588  0.000000 0.000000
38  -2.559875 -0.678978 73.743530  -0.747393 0.089197 0.658368  0.000000 0.000000
barney_chrome.bmp
38  -2.709874 1.526801 72.412720  -0.829961 0.420884 0.366089  0.000000 0.000000
38  -3.359877 0.929657 70.049965  -0.947259 0.289233 0.138003  0.000000 0.000000
38  -3.389877 -0.883200 72.222740  -0.959960 0.037698 0.277588  0.000000 0.000000
barney_chrome.bmp
38  -2.709874 1.526801 72.412720  -0.829961 0.420884 0.366089  0.000000 0.000000
38  -2.469875 2.613642 69.902008  -0.770299 0.623391 0.134247  0.000000 0.000000
38  -3.359877 0.929657 70.049965  -0.947259 0.289233 0.138003  0.000000 0.000000
barney_chrome.bmp
38  -2.709874 1.526801 72.412720  -0.829961 0.420884 0.366089  0.000000 0.000000
38  -1.339872 3.307034 72.168655  -0.519558 0.772167 0.365812  0.000000 0.000000
38  -2.469875 2.613642 69.902008  -0.770299 0.623391 0.134247  0.000000 0.000000
barney_chrome.bmp
27  -14.767030 -4.917380 37.858791  -0.987422 -0.046201 0.151204  0.000000 0.000000
27  -13.615622 -4.874777 37.422279  0.886684 -0.012378 -0.462209  0.000000 0.000000
31  -13.998647 -5.325160 36.457809  0.456090 0.742015 -0.491321  0.000000 0.000000
barney_chrome.bmp
14  15.575726 -4.914805 37.858540  0.987420 -0.046196 0.151219  0.000000 0.000000
18  14.807491 -5.321295 36.458885  -0.456049 0.742053 -0.491301  0.000000 0.000000
14  14.424317 -4.872204 37.422031  -0.886693 -0.012408 -0.462192  0.000000 0.000000
barney_chrome.bmp
38  -2.559875 -0.678978 73.743530  -0.747393 0.089197 0.658368  0.000000 0.000000
38  -1.189874 -0.536246 74.758430  -0.369486 0.124997 0.920791  0.000000 0.000000
38  -1.299873 1.647310 73.950600  -0.475606 0.478614 0.738056  0.000000 0.000000
barney_chrome.bmp
38  -2.469875 2.613642 69.902008  -0.770299 0.623391 0.134247  0.000000 0.000000
38  -1.339872 3.307034 72.168655  -0.519558 0.772167 0.365812  0.000000 0.000000
38  -1.149874 3.734525 69.857094  -0.449142 0.887102 0.106399  0.000000 0.000000
barney_chrome.bmp
38  -3.629879 -1.153139 70.286522  -0.993011 0.016419 0.116874  0.000000 0.000000
38  -3.389877 -0.883200 72.222740  -0.959960 0.037698 0.277588  0.000000 0.000000
38  -3.359877 0.929657 70.049965  -0.947259 0.289233 0.138003  0.000000 0.000000
end
