version 1
nodes
0 "Bip01" -1
1 "Bip01 Pelvis" 0
2 "Bip01 L Thigh" 1
3 "Bip01 L Calf" 2
4 "Bip01 L Foot" 3
5 "Bip01 R Thigh" 1
6 "Bip01 R Calf" 5
7 "Bip01 R Foot" 6
8 "Bip01 Spine" 1
9 "Bip01 Spine1" 8
10 "Bip01 Neck" 9
11 "Bip01 L Clavicle" 10
12 "Bip01 L UpperArm" 11
13 "Bip01 L Forearm" 12
14 "Bip01 L Hand" 13
15 "Bip01 L Finger0" 14
16 "Bip01 L Finger01" 15
17 "Bip01 L Finger02" 16
18 "Bip01 L Finger1" 14
19 "Bip01 L Finger11" 18
20 "Bip01 L Finger12" 19
21 "Bip01 L Finger2" 14
22 "Bip01 L Finger21" 21
23 "Bip01 L Finger22" 22
24 "Bip01 R Clavicle" 10
25 "Bip01 R UpperArm" 24
26 "Bip01 R Forearm" 25
27 "Bip01 R Hand" 26
28 "Bip01 R Finger0" 27
29 "Bip01 R Finger01" 28
30 "Bip01 R Finger02" 29
31 "Bip01 R Finger1" 27
32 "Bip01 R Finger11" 31
33 "Bip01 R Finger12" 32
34 "Bip01 R Finger2" 27
35 "Bip01 R Finger21" 34
36 "Bip01 R Finger22" 35
37 "Bip01 R Finger4" 27
38 "Bip01 Head" 10
39 "Bone05" 38
40 "Bone08" 9
41 "Bone16" 8
42 "Bone01" 8
43 "Bone03" 1
44 "Line02" -1
end
skeleton
time 0
0  0.723642 -0.517904 38.620945  -0.000096 0.132833 -1.575349
1  -1.605191 0.273446 0.000003  -0.000030 -1.636445 -1.570772
2  -0.000013 0.000008 4.427394  -0.150437 -3.070417 -0.367393
3  18.465948 0.000000 0.000000  0.000000 0.000000 -0.496610
4  14.875444 0.000001 0.000000  0.166009 0.036550 0.230112
5  -0.000006 -0.000003 -4.427392  0.113012 3.105765 -0.293357
6  18.465939 0.000001 0.000001  0.000000 0.000000 -1.061464
7  14.875442 -0.000001 0.000000  -0.039056 0.056237 -0.080732
8  2.251299 -0.007573 -0.144533  -0.180504 0.087903 0.111937
9  9.514234 -0.009358 -0.000000  -0.077736 0.000175 0.042539
10  11.752204 -0.001494 -0.000001  0.205500 -0.015976 0.606277
11  -1.791467 1.699563 2.384098  0.777724 -1.297367 1.763253
12  4.640937 -0.000001 -0.000009  0.134956 1.089573 -0.114236
13  10.828053 0.000007 0.000003  -0.010232 -0.002807 -0.645707
14  9.393324 -0.000015 -0.000000  -1.569611 0.034195 0.000037
15  1.442247 0.107455 -1.746182  1.686435 0.539209 0.325885
16  1.063447 -0.000009 -0.000003  -0.000000 -0.000000 0.199056
17  1.376304 -0.000000 0.000000  -0.000000 -0.000000 0.199049
18  4.172841 -0.251364 -1.312742  0.008050 0.095731 0.148659
19  1.215375 0.000001 -0.000005  -0.000000 -0.000000 0.645758
20  1.215378 -0.000003 0.000000  0.000000 -0.000000 0.645758
21  4.220536 -0.244853 -0.431462  0.001333 0.026242 0.148339
22  1.350420 -0.000001 0.000000  -0.000000 -0.000000 0.863926
23  1.350409 0.000006 -0.000001  0.000000 -0.000000 0.863926
24  -1.877413 0.621420 -2.802071  -0.032412 1.431075 2.510615
25  4.640941 -0.000010 -0.000009  0.843344 -1.150338 -0.869073
26  10.828043 0.000002 0.000013  0.334086 -0.577359 -0.620648
27  9.393341 -0.000014 0.000003  0.743796 -0.365046 0.157755
28  1.442239 0.107455 1.746181  -1.686405 -0.539236 0.325898
29  1.063450 0.000002 -0.000002  -0.000000 0.000000 0.199056
30  1.376306 0.000004 0.000003  -0.000000 -0.000000 0.199059
31  4.172843 -0.251361 1.312743  -0.008050 -0.095731 0.148659
32  1.215372 0.000002 0.000004  0.000000 -0.000000 0.645746
33  1.215373 0.000000 -0.000003  -0.000000 -0.000000 0.645746
34  4.220531 -0.244850 0.431464  -0.001333 -0.026242 0.148339
35  1.350415 -0.000001 0.000001  -0.000000 0.000000 0.863937
36  1.350411 -0.000002 0.000006  -0.000000 0.000000 0.863925
37  4.262823 -0.232719 -1.392188  0.016840 0.076668 0.253759
38  2.110543 -0.000002 0.000001  0.076044 -0.162850 -0.406007
39  0.891932 2.373052 -0.014527  -3.141592 -0.000001 1.413797
40  7.228117 5.709445 3.726569  3.140796 -1.570796 0.000000
41  2.450427 5.076128 0.001325  2.992463 -1.570796 0.000000
42  6.312406 -4.528058 0.001311  3.140791 -1.570796 0.000000
43  2.233302 1.152535 -7.309138  -1.167748 -1.527196 -0.778274
44  -5.952957 -2.602895 0.029162  0.000000 -0.000000 0.000000
time 1
0  0.579107 -0.402307 38.620945  -0.000096 0.132833 -1.575349
1  -1.605191 0.273446 0.000006  -0.000030 -1.636445 -1.570772
2  -0.000010 0.000007 4.427394  -0.149287 -3.066061 -0.371682
3  18.465942 -0.000000 -0.000001  -0.000000 -0.000000 -0.496975
4  14.875444 0.000001 -0.000000  0.166187 0.032740 0.225569
5  -0.000003 -0.000004 -4.427392  0.113012 3.105765 -0.293357
6  18.465940 0.000000 0.000001  0.000000 0.000000 -1.061464
7  14.875441 -0.000001 0.000000  -0.039056 0.056237 -0.080732
8  2.251302 -0.007574 -0.144533  -0.180504 0.087903 0.111937
9  9.514231 -0.009359 -0.000000  -0.077736 0.000175 0.042539
10  11.752202 -0.001493 -0.000001  0.205500 -0.015976 0.606277
11  -1.791462 1.699562 2.384097  0.777724 -1.297367 1.763253
12  4.640938 -0.000001 -0.000005  0.136863 1.076605 -0.120604
13  10.828055 0.000002 0.000004  -0.009903 0.001361 -0.645365
14  9.393322 -0.000014 0.000001  -1.570524 0.033446 0.005692
15  1.442248 0.107456 -1.746179  1.686435 0.539209 0.325885
16  1.063447 -0.000008 -0.000002  -0.000000 -0.000000 0.199056
17  1.376304 0.000002 0.000003  -0.000000 -0.000000 0.199049
18  4.172843 -0.251364 -1.312740  0.008050 0.095731 0.148659
19  1.215377 -0.000001 -0.000004  -0.000000 -0.000000 0.645758
20  1.215373 -0.000003 0.000000  -0.000000 -0.000000 0.645758
21  4.220538 -0.244853 -0.431459  0.001333 0.026242 0.148339
22  1.350415 0.000000 -0.000001  0.000000 -0.000000 0.863926
23  1.350409 0.000004 0.000000  -0.000000 0.000000 0.863926
24  -1.877407 0.621419 -2.802071  -0.032412 1.431075 2.510615
25  4.640940 -0.000010 -0.000005  0.821261 -1.150976 -0.850872
26  10.828044 0.000002 0.000013  0.323627 -0.569022 -0.637629
27  9.393343 -0.000009 0.000004  0.757104 -0.360172 0.160074
28  1.442242 0.107455 1.746177  -1.686405 -0.539236 0.325898
29  1.063450 0.000003 -0.000003  -0.000000 0.000000 0.199056
30  1.376306 0.000003 -0.000000  -0.000000 -0.000000 0.199059
31  4.172848 -0.251363 1.312739  -0.008050 -0.095731 0.148659
32  1.215372 0.000002 0.000004  0.000000 -0.000000 0.645746
33  1.215373 -0.000000 -0.000001  -0.000000 -0.000000 0.645746
34  4.220536 -0.244852 0.431463  -0.001333 -0.026242 0.148339
35  1.350416 -0.000001 -0.000002  -0.000000 0.000000 0.863937
36  1.350411 -0.000000 0.000007  -0.000000 0.000000 0.863925
37  4.262826 -0.232719 -1.392190  0.016840 0.076668 0.253759
38  2.110548 -0.000003 0.000001  0.076044 -0.162850 -0.406007
39  0.891926 2.373053 -0.014527  -3.141592 -0.000001 1.413797
40  7.228115 5.709447 3.726569  3.140796 -1.570796 0.000000
41  2.450425 5.076127 0.001325  2.995009 -1.570796 0.000000
42  6.312403 -4.528058 0.001311  3.140791 -1.570796 0.000000
43  2.233306 1.152535 -7.309138  -1.169378 -1.527604 -0.777699
44  -5.952957 -2.602895 0.029162  0.000000 -0.000000 0.000000
time 2
0  0.594732 -0.313386 38.589432  -0.000288 0.088555 -1.581581
1  -1.530970 0.316416 0.000006  -0.000030 -1.645341 -1.570772
2  -0.000004 0.000007 4.427395  -0.139515 -3.058391 -0.342135
3  18.465940 -0.000001 -0.000001  0.000000 -0.000000 -0.530458
4  14.875442 0.000001 -0.000001  0.150757 0.034166 0.244610
5  -0.000000 -0.000004 -4.427392  0.130647 3.117053 -0.504395
6  18.465937 0.000001 0.000000  -0.000000 0.000000 -1.015321
7  14.875441 -0.000001 0.000000  0.047877 0.050174 0.075603
8  2.251304 -0.007575 -0.164065  -0.219236 0.101317 0.109919
9  9.514223 -0.009357 -0.000000  -0.042545 -0.000202 0.030048
10  11.752198 -0.001493 -0.000001  0.232285 -0.030981 0.601109
11  -1.756307 1.762063 2.364565  0.806878 -1.267476 1.740276
12  4.640937 -0.000001 -0.000009  0.134633 1.044933 -0.144160
13  10.828049 0.000003 0.000005  -0.007597 0.012776 -0.642972
14  9.393327 -0.000016 0.000000  -1.577890 0.028073 0.019186
15  1.442246 0.107452 -1.746182  1.686435 0.539209 0.325885
16  1.063450 -0.000007 -0.000001  -0.000000 0.000000 0.199056
17  1.376307 -0.000003 0.000000  0.000000 -0.000000 0.199049
18  4.172841 -0.251368 -1.312742  0.008050 0.095731 0.148659
19  1.215373 0.000002 -0.000004  -0.000000 -0.000000 0.645758
20  1.215373 -0.000000 0.000001  -0.000000 -0.000000 0.645758
21  4.220533 -0.244856 -0.431462  0.001333 0.026242 0.148339
22  1.350413 -0.000002 -0.000002  -0.000000 -0.000000 0.863926
23  1.350408 0.000003 0.000002  -0.000000 0.000000 0.863926
24  -1.920371 0.543284 -2.790353  -2.729492 1.686702 -0.189639
25  4.640941 -0.000010 -0.000004  0.760055 -1.151787 -0.801253
26  10.828045 0.000002 0.000013  0.294123 -0.545393 -0.684980
27  9.393342 -0.000010 0.000001  0.794988 -0.346336 0.166606
28  1.442239 0.107455 1.746185  -1.758046 -0.520528 0.467457
29  1.063450 0.000000 -0.000003  -0.000000 -0.000000 0.254197
30  1.376306 0.000001 0.000000  -0.000000 -0.000000 0.400760
31  4.172846 -0.251365 1.312743  -0.005006 -0.095935 0.116922
32  1.215372 0.000000 -0.000003  -0.000000 0.000000 0.476195
33  1.215373 -0.000001 -0.000003  -0.000000 0.000000 0.812443
34  4.220534 -0.244852 0.431463  -0.000506 -0.026254 0.116709
35  1.350415 0.000000 0.000002  -0.000000 0.000000 0.901289
36  1.350410 -0.000001 0.000005  -0.000000 0.000000 1.079471
37  4.262824 -0.232719 -1.392184  0.011722 0.077615 0.187453
38  2.110548 -0.000002 -0.000001  0.042675 -0.164053 -0.372293
39  0.891928 2.373049 -0.014527  -3.141592 -0.000001 1.413797
40  7.228119 5.709445 3.726568  3.140796 -1.570796 0.000000
41  2.450425 5.076127 0.001325  2.892759 -1.570796 0.000000
42  6.312403 -4.528058 0.001311  3.140791 -1.570796 0.000000
43  2.233307 1.152535 -7.309136  -1.346550 -1.531157 -0.776263
44  -5.952957 -2.602895 0.029162  0.000000 -0.000000 0.000000
time 3
0  0.614264 -1.149240 38.163998  -0.000288 0.036852 -1.589539
1  -1.445030 0.363292 0.000007  -0.000030 -1.655445 -1.570772
2  -0.000011 0.000008 4.427393  -0.123610 -3.047029 -0.311729
3  18.465944 0.000001 -0.000000  0.000000 0.000000 -0.647284
4  14.875444 0.000001 0.000001  0.128075 0.031740 0.339932
5  -0.000007 -0.000004 -4.427392  0.126239 -3.114092 -0.232620
6  18.465940 0.000000 0.000000  0.000000 0.000000 -0.484847
7  14.875443 0.000001 0.000000  0.109892 0.033350 0.286940
8  2.251298 -0.007574 -0.187503  -0.264931 0.116616 0.107503
9  9.514237 -0.009360 -0.000000  -0.001576 -0.000134 0.015219
10  11.752196 -0.001493 -0.000000  0.263937 -0.048455 0.594560
11  -1.717251 1.832381 2.341128  0.841178 -1.231139 1.713566
12  4.640938 0.000001 -0.000006  0.118122 1.004888 -0.189539
13  10.828052 0.000006 0.000005  -0.001340 0.029799 -0.636477
14  9.393330 -0.000013 0.000000  -1.598894 0.013353 0.035289
15  1.442242 0.107451 -1.746182  1.686435 0.539209 0.325885
16  1.063449 -0.000003 -0.000001  0.000000 0.000000 0.199056
17  1.376306 -0.000007 0.000000  0.000000 0.000000 0.199049
18  4.172844 -0.251367 -1.312741  0.008050 0.095731 0.148659
19  1.215373 -0.000000 -0.000002  0.000000 0.000000 0.645758
20  1.215375 -0.000001 0.000000  0.000000 -0.000000 0.645758
21  4.220530 -0.244855 -0.431464  0.001333 0.026242 0.148339
22  1.350423 -0.000002 -0.000001  -0.000000 -0.000000 0.863926
23  1.350412 0.000000 0.000002  -0.000000 -0.000000 0.863926
24  -1.971163 0.453444 -2.766916  -2.337558 1.696931 0.201789
25  4.640940 -0.000007 -0.000005  0.667600 -1.150740 -0.728086
26  10.828044 0.000002 0.000012  0.248382 -0.508545 -0.757309
27  9.393342 -0.000006 0.000005  0.854511 -0.324710 0.176676
28  1.442236 0.107453 1.746182  -1.834597 -0.488730 0.625494
29  1.063451 -0.000001 -0.000002  -0.000000 -0.000000 0.317511
30  1.376306 0.000004 0.000001  -0.000000 -0.000000 0.632342
31  4.172844 -0.251366 1.312745  -0.001507 -0.096055 0.080457
32  1.215374 0.000001 0.000004  -0.000000 -0.000000 0.281547
33  1.215373 -0.000001 0.000001  -0.000000 -0.000000 1.003817
34  4.220532 -0.244856 0.431462  0.000453 -0.026254 0.080395
35  1.350411 0.000000 -0.000003  0.000000 -0.000000 0.944180
36  1.350410 -0.000003 -0.000003  -0.000000 -0.000000 1.326933
37  4.262825 -0.232722 -1.392187  0.005790 0.078274 0.111356
38  2.110541 0.000004 -0.000001  0.005142 -0.162549 -0.333635
39  0.891921 2.373054 -0.014527  -3.141592 -0.000001 1.413797
40  7.228115 5.709444 3.726568  3.140796 -1.570796 0.000000
41  2.450428 5.076126 0.001325  2.906188 -1.570796 0.000000
42  6.312400 -4.528058 0.001311  3.140791 -1.570796 0.000000
43  2.233301 1.152535 -7.309137  -1.172542 -1.458141 -0.713936
44  -5.952957 -2.602895 0.029162  0.000000 -0.000000 0.000000
time 4
0  0.618170 2.949998 37.707054  0.000000 -0.000000 -1.605742
1  -1.378622 0.394543 0.000004  -0.000030 -1.658003 -1.570772
2  -0.000006 0.000008 4.427394  -0.087393 -2.979139 -0.612352
3  18.465942 0.000003 -0.000000  0.000000 -0.000000 -1.200561
4  14.875446 0.000002 -0.000000  0.100308 0.043318 0.276805
5  -0.000001 -0.000003 -4.427392  0.132756 -3.116388 -0.350632
6  18.465942 0.000000 -0.000000  0.000000 -0.000000 -0.554028
7  14.875442 0.000000 -0.000001  0.093327 0.017526 0.198924
8  2.251304 -0.007574 -0.191409  -0.303917 0.123863 0.107239
9  9.514229 -0.009358 -0.000000  0.026262 -0.000013 -0.000000
10  11.752195 -0.001492 -0.000000  0.290626 -0.063280 0.589471
11  -1.682094 1.890969 2.317690  0.856613 -1.199838 1.704471
12  4.640937 0.000002 -0.000007  0.077717 0.965631 -0.260969
13  10.828046 0.000005 0.000006  0.010846 0.050795 -0.623829
14  9.393329 -0.000013 0.000004  -1.640886 -0.015439 0.048721
15  1.442247 0.107453 -1.746182  1.686435 0.539209 0.325885
16  1.063451 -0.000004 -0.000001  0.000000 -0.000000 0.199056
17  1.376304 -0.000001 0.000000  0.000000 -0.000000 0.199049
18  4.172841 -0.251366 -1.312746  0.008050 0.095731 0.148659
19  1.215375 0.000001 -0.000002  0.000000 -0.000000 0.645758
20  1.215376 -0.000001 0.000000  0.000000 -0.000000 0.645758
21  4.220532 -0.244856 -0.431466  0.001333 0.026242 0.148339
22  1.350417 -0.000000 -0.000003  -0.000000 0.000000 0.863926
23  1.350408 0.000001 0.000003  -0.000000 0.000000 0.863926
24  -2.014138 0.379220 -2.747383  0.273805 1.386137 2.821279
25  4.640939 -0.000007 -0.000006  0.552998 -1.145873 -0.640450
26  10.828040 0.000003 0.000012  0.189213 -0.460551 -0.849224
27  9.393341 -0.000002 0.000003  0.932823 -0.296468 0.189599
28  1.442240 0.107455 1.746184  -1.888420 -0.457213 0.743623
29  1.063450 0.000007 -0.000003  -0.000000 -0.000000 0.366516
30  1.376306 -0.000003 0.000002  -0.000000 0.000000 0.811565
31  4.172848 -0.251365 1.312745  0.001190 -0.096055 0.052246
32  1.215370 0.000001 0.000002  0.000000 0.000000 0.130882
33  1.215372 -0.000000 -0.000002  0.000000 0.000000 1.151880
34  4.220535 -0.244853 0.431465  0.001184 -0.026242 0.052329
35  1.350415 -0.000002 0.000005  0.000000 -0.000000 0.977377
36  1.350409 -0.000001 0.000005  -0.000000 0.000000 1.518434
37  4.262825 -0.232719 -1.392185  0.001188 0.078478 0.052453
38  2.110540 0.000000 -0.000001  -0.004010 -0.160926 -0.321628
39  0.891929 2.373051 -0.014527  -3.141592 -0.000001 1.413797
40  7.228114 5.709445 3.726568  3.140796 -1.570796 0.000000
41  2.450429 5.076127 0.001325  2.932781 -1.570796 0.000000
42  6.312403 -4.528059 0.001311  3.140791 -1.570796 0.000000
43  2.233302 1.152535 -7.309137  -1.313187 -1.497139 -0.660513
44  -5.952957 -2.602895 0.029162  0.000000 -0.000000 0.000000
time 5
0  0.606451 4.266023 37.817348  0.000288 -0.009839 -1.640258
1  -1.374716 0.402356 0.000007  -0.000030 -1.637408 -1.570772
2  -0.000008 0.000009 4.427394  -0.118436 -2.996088 -0.380642
3  18.465946 -0.000001 -0.000001  -0.000000 -0.000000 -1.209480
4  14.875443 0.000002 -0.000000  0.081715 0.025248 0.311292
5  0.000002 -0.000002 -4.427393  0.128060 -3.128728 -0.365045
6  18.465935 0.000002 -0.000000  0.000000 0.000000 -0.506638
7  14.875441 0.000000 -0.000000  0.059670 0.007128 0.128353
8  2.251305 -0.007573 -0.144533  -0.333958 0.106718 0.112235
9  9.514223 -0.009357 -0.000000  0.016545 -0.001290 -0.016518
10  11.752203 -0.001492 -0.000000  0.304037 -0.074162 0.594757
11  -1.646937 1.937855 2.305968  0.841940 -1.183319 1.715002
12  4.640936 0.000001 -0.000010  0.002299 0.934241 -0.365202
13  10.828049 0.000006 0.000003  0.030936 0.074126 -0.602977
14  9.393323 -0.000013 0.000000  -1.710755 -0.062964 0.054104
15  1.442247 0.107454 -1.746180  1.686435 0.539209 0.325885
16  1.063451 -0.000001 0.000000  -0.000000 0.000000 0.199056
17  1.376303 -0.000003 0.000001  -0.000000 -0.000000 0.199049
18  4.172843 -0.251365 -1.312741  0.008050 0.095731 0.148659
19  1.215371 0.000001 -0.000005  0.000000 0.000000 0.645758
20  1.215375 -0.000002 -0.000001  0.000000 -0.000000 0.645758
21  4.220531 -0.244854 -0.431463  0.001333 0.026242 0.148339
22  1.350418 -0.000001 -0.000002  0.000000 -0.000000 0.863926
23  1.350410 0.000001 0.000005  -0.000000 0.000000 0.863926
24  -2.033666 0.359692 -2.735665  0.059324 1.341350 2.607190
25  4.640937 -0.000008 -0.000004  0.426667 -1.135904 -0.548602
26  10.828038 0.000001 0.000011  0.119422 -0.403484 -0.955336
27  9.393341 -0.000011 0.000003  1.027064 -0.262798 0.204727
28  1.442240 0.107454 1.746183  -1.892693 -0.454348 0.753304
29  1.063450 0.000003 -0.000003  -0.000000 -0.000000 0.370591
30  1.376306 0.000001 0.000002  -0.000000 0.000000 0.826506
31  4.172845 -0.251365 1.312745  0.001406 -0.096055 0.049922
32  1.215371 0.000001 0.000006  0.000000 -0.000000 0.118334
33  1.215372 0.000000 0.000003  -0.000000 0.000000 1.164219
34  4.220534 -0.244853 0.431463  0.001244 -0.026242 0.050007
35  1.350415 -0.000002 -0.000002  -0.000000 -0.000000 0.980147
36  1.350412 -0.000002 0.000005  0.000000 0.000000 1.534369
37  4.262824 -0.232721 -1.392186  0.000804 0.078478 0.047558
38  2.110541 0.000003 -0.000001  0.080671 -0.163782 -0.399039
39  0.891920 2.373049 -0.014527  -3.141592 -0.000001 1.413797
40  7.228121 5.709445 3.726568  3.140796 -1.570796 0.000000
41  2.450423 5.076128 0.001325  2.925058 -1.570796 0.000000
42  6.312397 -4.528057 0.001311  3.140791 -1.570796 0.000000
43  2.233309 1.152537 -7.309136  -1.376846 -1.507682 -0.628344
44  -5.952957 -2.602895 0.029162  0.000000 -0.000000 0.000000
time 6
0  0.586919 5.030740 38.006432  0.000192 -0.004827 -1.683115
1  -1.421592 0.406262 0.000005  -0.000030 -1.615822 -1.570772
2  -0.000010 0.000008 4.427394  -0.163851 -3.081684 -0.047231
3  18.465939 -0.000000 0.000001  -0.000000 -0.000000 -0.549247
4  14.875443 0.000002 -0.000001  0.033079 0.000154 0.478234
5  -0.000003 -0.000003 -4.427392  0.124034 -3.138007 -0.373467
6  18.465940 -0.000001 0.000001  -0.000000 -0.000000 -0.445268
7  14.875439 0.000000 -0.000000  0.017835 -0.004604 0.064873
8  2.255213 -0.007573 -0.097656  -0.336025 0.088218 0.121400
9  9.514219 -0.009358 -0.000000  -0.002401 -0.003333 -0.031260
10  11.752196 -0.001493 -0.000001  0.309095 -0.076091 0.591759
11  -1.643032 1.941753 2.302064  0.799352 -1.180197 1.762200
12  4.640939 0.000001 -0.000005  -0.114793 0.916554 -0.512251
13  10.828056 0.000006 0.000004  0.064237 0.098178 -0.562967
14  9.393322 -0.000012 0.000002  -1.863563 -0.131497 0.047479
15  1.442247 0.107455 -1.746183  1.686435 0.539209 0.325885
16  1.063449 -0.000007 -0.000002  -0.000000 0.000000 0.199056
17  1.376302 -0.000007 0.000001  -0.000000 0.000000 0.199049
18  4.172845 -0.251366 -1.312743  0.008050 0.095731 0.148659
19  1.215374 -0.000000 -0.000003  -0.000000 0.000000 0.645758
20  1.215370 -0.000000 -0.000000  -0.000000 0.000000 0.645758
21  4.220533 -0.244854 -0.431463  0.001333 0.026242 0.148339
22  1.350418 -0.000002 0.000002  -0.000000 0.000000 0.863926
23  1.350407 0.000003 0.000004  -0.000000 0.000000 0.863926
24  -2.041481 0.340153 -2.731758  0.034794 1.313903 2.586422
25  4.640938 -0.000009 -0.000001  0.296311 -1.120802 -0.459312
26  10.828044 0.000003 0.000012  0.041571 -0.339385 -1.071496
27  9.393341 -0.000012 0.000000  1.134299 -0.224910 0.221470
28  1.442239 0.107454 1.746181  -1.888420 -0.457213 0.743623
29  1.063450 -0.000001 -0.000003  -0.000000 -0.000000 0.366516
30  1.376306 -0.000003 0.000003  -0.000000 0.000000 0.811565
31  4.172847 -0.251365 1.312742  0.001190 -0.096055 0.052246
32  1.215370 -0.000000 0.000005  0.000000 0.000000 0.130882
33  1.215373 -0.000001 0.000003  0.000000 0.000000 1.151880
34  4.220534 -0.244853 0.431462  0.001184 -0.026242 0.052329
35  1.350417 -0.000001 0.000002  -0.000000 0.000000 0.977377
36  1.350409 -0.000002 0.000004  -0.000000 -0.000000 1.518434
37  4.262824 -0.232720 -1.392189  0.001188 0.078478 0.052453
38  2.110542 -0.000002 0.000001  0.152808 -0.157678 -0.465713
39  0.891926 2.373048 -0.014527  -3.141592 -0.000001 1.413797
40  7.228116 5.709445 3.726568  3.140796 -1.570796 0.000000
41  2.450422 5.076127 0.001325  2.915140 -1.570796 0.000000
42  6.312392 -4.528059 0.001311  3.140791 -1.570796 0.000000
43  2.233303 1.152536 -7.309136  -1.400239 -1.510100 -0.621738
44  -5.952957 -2.602895 0.029162  0.000000 -0.000000 0.000000
time 7
0  0.575200 5.297501 38.116730  0.000000 -0.000000 -1.710440
1  -1.480187 0.421888 0.000000  -0.000030 -1.610548 -1.570772
2  -0.000011 0.000008 4.427394  -0.165767 -3.093425 -0.048851
3  18.465944 -0.000000 -0.000001  -0.000000 -0.000000 -0.524537
4  14.875443 0.000001 -0.000001  0.007055 0.005901 0.457652
5  -0.000002 -0.000004 -4.427393  0.123555 -3.135137 -0.367946
6  18.465939 0.000002 0.000000  -0.000000 -0.000000 -0.392299
7  14.875442 0.000000 -0.000000  -0.008242 -0.010879 0.023154
8  2.255204 -0.007574 -0.085937  -0.307461 0.085841 0.131426
9  9.514229 -0.009359 -0.000000  -0.005478 -0.004852 -0.043686
10  11.752207 -0.001493 -0.000000  0.315434 -0.070003 0.570574
11  -1.686002 1.918314 2.294251  0.736374 -1.183143 1.848458
12  4.640938 0.000000 -0.000003  -0.264371 0.909040 -0.700872
13  10.828049 0.000005 0.000002  0.105386 0.121421 -0.508275
14  9.393326 -0.000012 -0.000002  -2.085989 -0.211280 0.032809
15  1.442244 0.107455 -1.746181  1.688161 0.540920 0.328471
16  1.063449 -0.000011 -0.000001  -0.000000 0.000000 0.199056
17  1.376304 -0.000000 0.000001  0.000000 0.000000 0.199049
18  4.172840 -0.251365 -1.312741  0.008050 0.097110 0.148659
19  1.215375 -0.000001 -0.000005  0.000000 -0.000000 0.645758
20  1.215369 0.000000 0.000001  0.000000 0.000000 0.643389
21  4.220533 -0.244853 -0.431460  0.001333 0.026242 0.148339
22  1.350420 -0.000000 -0.000001  -0.000000 0.000000 0.865233
23  1.350408 0.000003 -0.000001  -0.000000 0.000000 0.860006
24  -2.053196 0.281558 -2.731759  0.257420 1.300044 2.816920
25  4.640941 -0.000008 -0.000003  0.157087 -1.101478 -0.364572
26  10.828044 0.000003 0.000012  -0.042779 -0.270170 -1.198525
27  9.393340 -0.000006 0.000000  1.251470 -0.184031 0.239307
28  1.442242 0.107453 1.746184  -1.887783 -0.457662 0.742130
29  1.063451 0.000004 -0.000003  -0.000000 0.000000 0.365869
30  1.376307 0.000002 0.000002  0.000000 -0.000000 0.809229
31  4.172845 -0.251367 1.312744  0.001154 -0.096055 0.052607
32  1.215371 0.000000 -0.000003  -0.000000 -0.000000 0.132855
33  1.215371 -0.000001 -0.000004  0.000000 -0.000000 1.149949
34  4.220535 -0.244854 0.431465  0.001184 -0.026242 0.052689
35  1.350415 -0.000002 0.000000  -0.000000 -0.000000 0.976915
36  1.350408 -0.000001 0.000004  -0.000000 0.000000 1.515906
37  4.262823 -0.232722 -1.392181  0.001248 0.078478 0.053209
38  2.110543 -0.000007 -0.000000  0.135275 -0.155243 -0.450127
39  0.891932 2.373049 -0.014527  -3.141592 -0.000001 1.413797
40  7.228121 5.709445 3.726568  3.140796 -1.570796 0.000000
41  2.450425 5.076126 0.001326  2.917598 -1.570796 0.000000
42  6.312398 -4.528059 0.001311  3.140791 -1.570796 0.000000
43  2.233302 1.152535 -7.309137  -1.384324 -1.504712 -0.647588
44  -5.952957 -2.602895 0.029162  0.000000 -0.000000 0.000000
time 8
0  0.571294 5.075200 38.116730  0.000000 -0.000000 -1.718493
1  -1.530970 0.429701 0.000000  -0.000030 -1.606682 -1.570772
2  -0.000012 0.000007 4.427394  -0.166821 -3.101095 -0.037795
3  18.465939 0.000000 -0.000001  -0.000000 -0.000000 -0.513351
4  14.875443 0.000001 0.000000  -0.000731 0.007710 0.457929
5  -0.000002 -0.000004 -4.427393  0.122117 -3.139538 -0.371034
6  18.465940 0.000002 0.000000  0.000000 -0.000000 -0.408315
7  14.875440 0.000000 -0.000000  -0.016454 -0.010485 0.035947
8  2.255210 -0.007574 -0.078124  -0.273201 0.084368 0.141617
9  9.514230 -0.009358 -0.000000  -0.007841 -0.006599 -0.057671
10  11.752203 -0.001492 -0.000000  0.324734 -0.063627 0.547140
11  -1.728977 1.894874 2.282531  0.661487 -1.187247 1.948693
12  4.640938 0.000001 -0.000001  -0.435054 0.903744 -0.923545
13  10.828052 0.000005 0.000005  0.140361 0.142348 -0.459992
14  9.393331 -0.000010 0.000000  -2.283101 -0.289010 0.016844
15  1.442250 0.107453 -1.746179  1.692391 0.545069 0.334731
16  1.063450 -0.000006 -0.000001  -0.000000 -0.000000 0.199056
17  1.376305 -0.000001 0.000000  0.000000 -0.000000 0.199049
18  4.172847 -0.251366 -1.312739  0.008050 0.100477 0.148699
19  1.215372 0.000000 -0.000006  0.000000 0.000000 0.645758
20  1.215374 -0.000001 0.000005  0.000000 -0.000000 0.637713
21  4.220534 -0.244856 -0.431461  0.001333 0.026242 0.148339
22  1.350417 -0.000002 -0.000001  -0.000000 -0.000000 0.868378
23  1.350406 0.000004 0.000000  0.000000 -0.000000 0.850531
24  -2.061023 0.211244 -2.731758  -2.639886 1.866817 -0.073578
25  4.640940 -0.000008 -0.000003  0.001746 -1.077414 -0.253837
26  10.828043 0.000004 0.000010  -0.132313 -0.197723 -1.338487
27  9.393342 -0.000005 -0.000002  1.375370 -0.141405 0.257772
28  1.442238 0.107455 1.746183  -1.887965 -0.457606 0.742439
29  1.063450 0.000000 -0.000003  0.000000 -0.000000 0.366001
30  1.376309 0.000004 0.000001  -0.000000 0.000000 0.809692
31  4.172843 -0.251364 1.312743  0.001166 -0.096055 0.052527
32  1.215371 0.000003 0.000004  0.000000 -0.000000 0.132435
33  1.215372 0.000000 0.000001  0.000000 0.000000 1.150369
34  4.220532 -0.244852 0.431460  0.001184 -0.026242 0.052609
35  1.350416 -0.000002 0.000003  0.000000 -0.000000 0.976999
36  1.350413 -0.000003 -0.000000  -0.000000 0.000000 1.516431
37  4.262822 -0.232719 -1.392187  0.001236 0.078478 0.053050
38  2.110533 -0.000005 -0.000000  0.104991 -0.155513 -0.424230
39  0.891923 2.373050 -0.014527  -3.141592 -0.000001 1.413797
40  7.228120 5.709445 3.726568  3.140796 -1.570796 0.000000
41  2.450435 5.076127 0.001325  2.921986 -1.570796 0.000000
42  6.312404 -4.528058 0.001311  3.140791 -1.570796 0.000000
43  2.233303 1.152535 -7.309137  -1.370422 -1.500489 -0.666162
44  -5.952957 -2.602895 0.029162  0.000000 -0.000000 0.000000
time 9
0  0.571294 4.488324 38.053703  0.000000 -0.000000 -1.720698
1  -1.585660 0.437513 0.000000  -0.000030 -1.603951 -1.570772
2  -0.000012 0.000008 4.427394  -0.167779 -3.108386 -0.014729
3  18.465946 -0.000001 -0.000000  -0.000000 -0.000000 -0.498876
4  14.875444 -0.000000 0.000001  -0.002970 0.008370 0.466936
5  -0.000005 -0.000004 -4.427393  0.120296 3.136090 -0.376556
6  18.465944 -0.000001 0.000001  -0.000000 0.000000 -0.455770
7  14.875441 0.000000 0.000001  -0.019507 -0.006119 0.077329
8  2.255200 -0.007573 -0.070312  -0.235143 0.083563 0.152006
9  9.514232 -0.009358 -0.000000  -0.009492 -0.008413 -0.072154
10  11.752197 -0.001493 -0.000000  0.334921 -0.056460 0.522128
11  -1.775844 1.867532 2.266906  0.577740 -1.191025 2.059172
12  4.640936 -0.000001 0.000001  -0.615261 0.896367 -1.171031
13  10.828044 0.000004 0.000003  0.155136 0.159451 -0.439211
14  9.393326 -0.000009 0.000003  -2.362973 -0.351828 0.007481
15  1.442249 0.107453 -1.746179  1.697664 0.550142 0.342510
16  1.063450 -0.000009 -0.000002  0.000000 0.000000 0.199056
17  1.376306 0.000004 0.000002  0.000000 0.000000 0.199049
18  4.172845 -0.251366 -1.312739  0.008050 0.104648 0.148739
19  1.215378 -0.000000 -0.000003  0.000000 0.000000 0.645758
20  1.215373 -0.000001 0.000004  0.000000 -0.000000 0.630690
21  4.220535 -0.244855 -0.431461  0.001333 0.026242 0.148339
22  1.350417 -0.000001 -0.000003  -0.000000 0.000000 0.872298
23  1.350408 0.000004 0.000001  -0.000000 0.000000 0.838810
24  -2.068824 0.133116 -2.727850  -2.443733 1.904886 0.130939
25  4.640937 -0.000008 -0.000007  -0.174741 -1.045737 -0.119404
26  10.828047 0.000004 0.000010  -0.225716 -0.123926 -1.493448
27  9.393341 -0.000007 0.000003  1.502626 -0.098277 0.276439
28  1.442241 0.107455 1.746184  -1.887965 -0.457550 0.742490
29  1.063450 0.000005 -0.000003  0.000000 0.000000 0.366037
30  1.376307 0.000003 0.000003  0.000000 0.000000 0.809802
31  4.172846 -0.251364 1.312743  0.001166 -0.096055 0.052486
32  1.215372 0.000001 0.000001  -0.000000 0.000000 0.132351
33  1.215373 0.000001 -0.000004  -0.000000 -0.000000 1.150453
34  4.220533 -0.244852 0.431465  0.001184 -0.026242 0.052569
35  1.350413 -0.000004 0.000002  -0.000000 -0.000000 0.977041
36  1.350412 -0.000002 0.000005  0.000000 -0.000000 1.516526
37  4.262825 -0.232720 -1.392186  0.001224 0.078478 0.053010
38  2.110543 -0.000005 0.000000  0.066121 -0.156806 -0.390893
39  0.891923 2.373050 -0.014527  -3.141592 -0.000001 1.413797
40  7.228125 5.709444 3.726568  3.140796 -1.570796 0.000000
41  2.450431 5.076128 0.001325  2.927515 -1.570796 0.000000
42  6.312408 -4.528059 0.001311  3.140791 -1.570796 0.000000
43  2.233295 1.152535 -7.309138  -1.387296 -1.504712 -0.654290
44  -5.952957 -2.602895 0.029162  0.000000 -0.000000 0.000000
time 10
0  0.575200 3.794744 37.974918  0.000000 -0.000000 -1.719164
1  -1.640348 0.449232 0.000004  -0.000030 -1.602069 -1.570772
2  -0.000011 0.000007 4.427394  -0.168354 -3.114635 0.011578
3  18.465937 0.000000 0.000000  -0.000000 -0.000000 -0.482281
4  14.875444 0.000001 0.000000  -0.001513 0.008285 0.477048
5  -0.000002 -0.000004 -4.427393  0.118380 3.128341 -0.378895
6  18.465937 0.000001 0.000001  0.000000 0.000000 -0.503816
7  14.875443 0.000000 -0.000000  -0.018911 -0.000360 0.122313
8  2.255204 -0.007574 -0.066405  -0.195102 0.083151 0.162660
9  9.514230 -0.009359 -0.000000  -0.010467 -0.010161 -0.085987
10  11.752203 -0.001493 -0.000000  0.343910 -0.048143 0.496091
11  -1.822724 1.836283 2.255187  0.489038 -1.193442 2.175491
12  4.640937 0.000000 0.000004  -0.799611 0.883668 -1.429757
13  10.828049 0.000004 0.000001  0.148718 0.171659 -0.450716
14  9.393325 -0.000012 0.000003  -2.357970 -0.391570 0.016244
15  1.442248 0.107455 -1.746182  1.702494 0.554709 0.349611
16  1.063449 -0.000004 -0.000001  0.000000 -0.000000 0.199056
17  1.376304 -0.000004 0.000002  0.000000 0.000000 0.199049
18  4.172842 -0.251365 -1.312746  0.008050 0.108411 0.148779
19  1.215375 0.000002 -0.000009  0.000000 0.000000 0.645758
20  1.215373 -0.000003 0.000001  -0.000000 0.000000 0.624320
21  4.220532 -0.244854 -0.431468  0.001333 0.026242 0.148339
22  1.350416 -0.000002 -0.000005  -0.000000 -0.000000 0.875811
23  1.350408 0.000001 -0.000002  0.000000 -0.000000 0.828232
24  -2.072732 0.054992 -2.727851  -2.279518 1.956209 0.302638
25  4.640940 -0.000007 -0.000003  -0.366255 -1.001919 0.033328
26  10.828048 0.000004 0.000010  -0.321041 -0.050745 -1.662266
27  9.393344 -0.000007 0.000004  1.629701 -0.055888 0.294894
28  1.442239 0.107456 1.746179  -1.888056 -0.457494 0.742696
29  1.063452 0.000004 -0.000004  -0.000000 -0.000000 0.366109
30  1.376306 -0.000005 -0.000001  0.000000 0.000000 0.810089
31  4.172845 -0.251364 1.312739  0.001178 -0.096055 0.052446
32  1.215371 0.000000 0.000002  -0.000000 -0.000000 0.132099
33  1.215373 -0.000000 -0.000006  0.000000 -0.000000 1.150663
34  4.220533 -0.244852 0.431461  0.001184 -0.026242 0.052529
35  1.350415 -0.000001 0.000004  -0.000000 0.000000 0.977083
36  1.350410 -0.000002 0.000004  -0.000000 -0.000000 1.516860
37  4.262825 -0.232718 -1.392192  0.001224 0.078478 0.052931
38  2.110542 -0.000003 0.000001  0.023086 -0.157558 -0.353082
39  0.891923 2.373051 -0.014527  -3.141592 -0.000001 1.413797
40  7.228124 5.709445 3.726568  3.140796 -1.570796 0.000000
41  2.450433 5.076126 0.001325  2.933396 -1.570796 0.000000
42  6.312402 -4.528060 0.001311  3.140791 -1.570796 0.000000
43  2.233301 1.152535 -7.309137  -1.413182 -1.510537 -0.633418
44  -5.952957 -2.602895 0.029162  0.000000 -0.000000 0.000000
time 11
0  0.575200 3.287897 37.911892  0.000000 -0.000000 -1.715521
1  -1.702850 0.460952 0.000004  0.000033 -1.600719 -1.570821
2  -0.000012 0.000007 4.427393  -0.168545 -3.118707 0.030451
3  18.465942 0.000000 0.000000  -0.000000 -0.000000 -0.469414
4  14.875445 0.000000 0.000001  0.001758 0.007881 0.483290
5  -0.000009 -0.000004 -4.427392  0.116846 3.122506 -0.378615
6  18.465940 0.000001 0.000001  -0.000000 0.000000 -0.534402
7  14.875442 0.000000 -0.000001  -0.016138 0.004278 0.152702
8  2.255201 -0.007575 -0.062499  -0.154935 0.082935 0.173679
9  9.514232 -0.009359 -0.000000  -0.010767 -0.011679 -0.098045
10  11.752204 -0.001492 -0.000001  0.349519 -0.038436 0.469580
11  -1.873502 1.793310 2.247375  0.399764 -1.193795 2.292768
12  4.640938 -0.000001 0.000002  -0.962468 0.856917 -1.664307
13  10.828053 0.000004 0.000004  0.131798 0.179641 -0.481044
14  9.393332 -0.000000 0.000001  -2.359513 -0.412820 0.044916
15  1.442246 0.107453 -1.746175  1.705311 0.557344 0.353736
16  1.063451 -0.000003 0.000002  -0.000000 -0.000000 0.199056
17  1.376305 -0.000010 0.000002  0.000000 -0.000000 0.199049
18  4.172843 -0.251367 -1.312735  0.008062 0.110592 0.148779
19  1.215375 0.000000 -0.000005  0.000000 0.000000 0.645758
20  1.215373 -0.000004 -0.000001  0.000000 0.000000 0.620645
21  4.220533 -0.244855 -0.431458  0.001333 0.026242 0.148339
22  1.350419 0.000000 -0.000003  0.000000 -0.000000 0.877853
23  1.350408 0.000001 0.000004  0.000000 -0.000000 0.822066
24  -2.072732 -0.015323 -2.727851  -2.158901 2.011890 0.431775
25  4.640941 -0.000008 0.000003  -0.540225 -0.948246 0.168252
26  10.828049 0.000006 0.000010  -0.413812 0.019536 -1.830981
27  9.393342 -0.000008 -0.000003  1.752889 -0.015458 0.312704
28  1.442239 0.107454 1.746180  -1.888147 -0.457438 0.742954
29  1.063450 0.000000 -0.000002  -0.000000 -0.000000 0.366217
30  1.376307 -0.000001 0.000004  -0.000000 0.000000 0.810486
31  4.172844 -0.251365 1.312743  0.001178 -0.096055 0.052406
32  1.215372 -0.000001 -0.000003  0.000000 -0.000000 0.131805
33  1.215374 -0.000000 0.000006  -0.000000 -0.000000 1.150999
34  4.220532 -0.244854 0.431463  0.001184 -0.026242 0.052489
35  1.350414 -0.000001 -0.000001  -0.000000 -0.000000 0.977167
36  1.350410 -0.000000 0.000008  -0.000000 0.000000 1.517242
37  4.262825 -0.232720 -1.392186  0.001212 0.078478 0.052771
38  2.110541 -0.000003 -0.000000  -0.019744 -0.156536 -0.314236
39  0.891927 2.373049 -0.014527  -3.141592 -0.000001 1.413797
40  7.228123 5.709445 3.726568  3.140796 -1.570796 0.000000
41  2.450431 5.076126 0.001325  2.938925 -1.570796 0.000000
42  6.312400 -4.528058 0.001311  3.140791 -1.570796 0.000000
43  2.233296 1.152535 -7.309137  -1.448750 -1.517148 -0.602590
44  -5.952957 -2.602895 0.029162  0.000000 -0.000000 0.000000
time 12
0  0.575200 3.110055 37.927647  0.000000 -0.000000 -1.711974
1  -1.784884 0.476577 0.000004  -0.000030 -1.599640 -1.570772
2  -0.000005 0.000008 4.427393  -0.168545 -3.120695 0.036455
3  18.465946 -0.000000 -0.000000  -0.000000 -0.000000 -0.460714
4  14.875443 -0.000001 0.000000  0.005135 0.007774 0.480564
5  0.000004 -0.000002 -4.427392  0.116175 3.119923 -0.376088
6  18.465939 0.000002 0.000000  -0.000000 0.000000 -0.536109
7  14.875444 -0.000000 0.000000  -0.012980 0.006128 0.156679
8  2.255204 -0.007574 -0.062499  -0.116540 0.082699 0.185094
9  9.514227 -0.009359 0.000000  -0.010392 -0.012822 -0.107246
10  11.752196 -0.001493 -0.000000  0.349602 -0.027206 0.443069
11  -1.928190 1.738626 2.243467  0.314492 -1.191881 2.405736
12  4.640940 -0.000001 -0.000002  -1.066972 0.817043 -1.833251
13  10.828049 0.000006 0.000005  0.107877 0.184503 -0.523923
14  9.393332 -0.000006 0.000001  -2.364662 -0.421845 0.087067
15  1.442248 0.107453 -1.746181  1.704544 0.556630 0.352607
16  1.063451 -0.000002 -0.000002  0.000000 0.000000 0.199056
17  1.376304 -0.000006 0.000004  -0.000000 -0.000000 0.199049
18  4.172847 -0.251369 -1.312738  0.008062 0.109993 0.148779
19  1.215374 -0.000003 -0.000008  0.000000 0.000000 0.645758
20  1.215370 -0.000002 0.000007  0.000000 0.000000 0.621666
21  4.220536 -0.244854 -0.431464  0.001333 0.026242 0.148339
22  1.350416 0.000000 0.000000  0.000000 -0.000000 0.877322
23  1.350406 0.000003 -0.000001  0.000000 -0.000000 0.823740
24  -2.068820 -0.073917 -2.731759  -2.079108 2.061458 0.522966
25  4.640941 -0.000008 0.000000  -0.671081 -0.896506 0.257490
26  10.828049 0.000001 0.000011  -0.498916 0.084554 -1.982425
27  9.393341 -0.000008 0.000002  1.868332 0.021820 0.329401
28  1.442240 0.107453 1.746178  -1.888238 -0.457381 0.743211
29  1.063450 0.000002 -0.000005  -0.000000 0.000000 0.366325
30  1.376306 0.000005 0.000003  -0.000000 0.000000 0.810904
31  4.172845 -0.251367 1.312739  0.001190 -0.096055 0.052326
32  1.215372 0.000001 -0.000001  0.000000 -0.000000 0.131428
33  1.215373 0.000001 -0.000002  -0.000000 0.000000 1.151334
34  4.220534 -0.244854 0.431459  0.001184 -0.026242 0.052409
35  1.350415 -0.000003 0.000003  0.000000 -0.000000 0.977251
36  1.350412 0.000000 0.000007  0.000000 0.000000 1.517719
37  4.262825 -0.232722 -1.392190  0.001200 0.078478 0.052652
38  2.110551 -0.000002 -0.000001  -0.057843 -0.153018 -0.277791
39  0.891921 2.373051 -0.014527  -3.141592 -0.000001 1.413797
40  7.228115 5.709445 3.726568  3.140796 -1.570796 0.000000
41  2.450426 5.076127 0.001326  2.943401 -1.570796 0.000000
42  6.312398 -4.528060 0.001312  3.140791 -1.570796 0.000000
43  2.233308 1.152536 -7.309136  -1.494194 -1.523876 -0.561326
44  -5.952957 -2.602895 0.029162  0.000000 -0.000000 0.000000
time 13
0  0.575200 3.287897 37.911892  0.000000 -0.000000 -1.710440
1  -1.886450 0.496109 0.000004  0.000033 -1.598520 -1.570821
2  -0.000011 0.000008 4.427394  -0.168162 -3.119843 0.020157
3  18.465942 -0.000001 -0.000000  -0.000000 -0.000000 -0.479137
4  14.875445 0.000002 -0.000000  0.006842 0.008647 0.482658
5  -0.000007 -0.000004 -4.427393  0.115984 3.119062 -0.382077
6  18.465939 -0.000000 0.000001  -0.000000 0.000000 -0.531121
7  14.875441 -0.000000 0.000000  -0.011365 0.005188 0.145799
8  2.255204 -0.007574 -0.058593  -0.081731 0.082346 0.197005
9  9.514225 -0.009357 0.000000  -0.009454 -0.013427 -0.112441
10  11.752207 -0.001494 -0.000000  0.341944 -0.014454 0.416953
11  -1.978976 1.664406 2.251281  0.237604 -1.187852 2.509418
12  4.640938 -0.000002 0.000007  -1.087605 0.769300 -1.903800
13  10.828051 0.000008 0.000003  0.080455 0.187351 -0.573077
14  9.393331 0.000002 0.000001  -2.369931 -0.425007 0.135881
15  1.442246 0.107456 -1.746187  1.698671 0.551102 0.344008
16  1.063451 -0.000006 -0.000004  -0.000000 0.000000 0.199056
17  1.376306 0.000000 0.000001  0.000000 -0.000000 0.199049
18  4.172844 -0.251367 -1.312743  0.008050 0.105439 0.148739
19  1.215377 -0.000000 -0.000001  -0.000000 0.000000 0.645758
20  1.215370 0.000000 0.000001  -0.000000 0.000000 0.629342
21  4.220534 -0.244854 -0.431469  0.001333 0.026242 0.148339
22  1.350417 -0.000001 -0.000010  -0.000000 -0.000000 0.873033
23  1.350409 0.000004 -0.000007  0.000000 0.000000 0.836604
24  -2.057104 -0.109074 -2.739570  1.105529 1.046666 -2.558801
25  4.640940 -0.000010 0.000002  -0.743453 -0.862365 0.285512
26  10.828052 0.000004 0.000009  -0.571243 0.141943 -2.099434
27  9.393342 -0.000008 -0.000001  1.972035 0.054790 0.344460
28  1.442240 0.107454 1.746181  -1.888420 -0.457269 0.743468
29  1.063450 0.000006 -0.000002  -0.000000 -0.000000 0.366432
30  1.376306 -0.000002 0.000002  0.000000 0.000000 0.811279
31  4.172846 -0.251365 1.312745  0.001190 -0.096055 0.052286
32  1.215373 0.000000 -0.000003  0.000000 -0.000000 0.131134
33  1.215373 -0.000000 -0.000001  0.000000 -0.000000 1.151670
34  4.220534 -0.244853 0.431465  0.001184 -0.026242 0.052369
35  1.350415 -0.000003 -0.000002  0.000000 -0.000000 0.977293
36  1.350411 -0.000002 -0.000002  -0.000000 -0.000000 1.518100
37  4.262825 -0.232719 -1.392192  0.001188 0.078478 0.052533
38  2.110544 0.000001 -0.000000  -0.086687 -0.146643 -0.247467
39  0.891928 2.373050 -0.014527  -3.141592 -0.000001 1.413797
40  7.228124 5.709444 3.726568  3.140796 -1.570796 0.000000
41  2.450423 5.076129 0.001325  2.945947 -1.570796 0.000000
42  6.312400 -4.528057 0.001312  3.140791 -1.570796 0.000000
43  2.233303 1.152535 -7.309137  -1.547499 -1.529963 -0.511445
44  -5.952957 -2.602895 0.029162  0.000000 -0.000000 0.000000
time 14
0  0.575200 4.310483 37.675537  0.000000 -0.000000 -1.710440
1  -2.015359 0.519547 0.000000  -0.000030 -1.597053 -1.570772
2  -0.000005 0.000008 4.427393  -0.166533 -3.109995 -0.060575
3  18.465948 0.000000 0.000000  -0.000000 -0.000000 -0.587848
4  14.875444 0.000001 -0.000001  0.007162 0.010945 0.509876
5  -0.000005 -0.000003 -4.427392  0.116463 3.120497 -0.423723
6  18.465939 -0.000001 -0.000000  0.000000 0.000000 -0.543001
7  14.875443 0.000000 -0.000001  -0.010242 -0.002542 0.116648
8  2.255211 -0.007573 -0.058593  -0.052407 0.081737 0.209446
9  9.514223 -0.009358 -0.000000  -0.007954 -0.013386 -0.112550
10  11.752199 -0.001493 -0.000001  0.324339 -0.000277 0.391625
11  -2.037571 1.566742 2.270814  0.172912 -1.182186 2.599314
12  4.640939 -0.000001 0.000005  -0.994014 0.706539 -1.839003
13  10.828055 0.000010 0.000001  0.053033 0.189144 -0.622231
14  9.393332 -0.000001 -0.000001  -2.372672 -0.427739 0.184818
15  1.442249 0.107451 -1.746181  1.686435 0.539209 0.325885
16  1.063449 0.000002 -0.000002  0.000000 0.000000 0.199056
17  1.376306 -0.000001 0.000001  0.000000 0.000000 0.199049
18  4.172843 -0.251366 -1.312745  0.008050 0.095731 0.148659
19  1.215377 0.000004 -0.000002  0.000000 0.000000 0.645758
20  1.215374 -0.000000 0.000005  0.000000 -0.000000 0.645758
21  4.220536 -0.244855 -0.431466  0.001333 0.026242 0.148339
22  1.350417 0.000000 0.000001  -0.000000 -0.000000 0.863926
23  1.350407 -0.000002 0.000001  -0.000000 0.000000 0.863926
24  -2.041478 -0.120793 -2.751289  1.111916 1.038587 -2.527863
25  4.640939 -0.000007 -0.000001  -0.776805 -0.847006 0.277094
26  10.828052 0.000004 0.000009  -0.626686 0.189466 -2.171946
27  9.393339 -0.000008 -0.000000  2.059894 0.082330 0.357298
28  1.442240 0.107456 1.746178  -1.888420 -0.457213 0.743623
29  1.063453 0.000001 -0.000004  -0.000000 -0.000000 0.366516
30  1.376307 -0.000010 0.000001  -0.000000 0.000000 0.811565
31  4.172845 -0.251365 1.312742  0.001190 -0.096055 0.052246
32  1.215373 0.000002 -0.000003  0.000000 -0.000000 0.130882
33  1.215371 -0.000000 -0.000003  0.000000 -0.000000 1.151880
34  4.220533 -0.244852 0.431460  0.001184 -0.026242 0.052329
35  1.350415 -0.000004 0.000002  0.000000 -0.000000 0.977377
36  1.350410 -0.000001 0.000000  0.000000 0.000000 1.518434
37  4.262824 -0.232719 -1.392187  0.001188 0.078478 0.052453
38  2.110540 0.000001 0.000000  -0.101752 -0.137141 -0.226843
39  0.891926 2.373051 -0.014527  -3.141592 -0.000001 1.413797
40  7.228123 5.709445 3.726568  3.140796 -1.570796 0.000000
41  2.450427 5.076126 0.001325  2.945859 -1.570796 0.000000
42  6.312397 -4.528059 0.001311  3.140791 -1.570796 0.000000
43  2.233303 1.152536 -7.309137  -1.600421 -1.534681 -0.460798
44  -5.952957 -2.602895 0.029162  0.000000 -0.000000 0.000000
time 15
0  0.571294 4.034829 37.833107  0.000000 -0.000000 -1.710440
1  -2.284900 0.585955 0.000008  -0.000030 -1.599180 -1.570772
2  -0.000008 0.000008 4.427394  -0.167492 -3.113120 -0.047326
3  18.465946 0.000000 -0.000000  -0.000000 -0.000000 -0.555754
4  14.875443 0.000000 -0.000000  0.007660 0.013925 0.491783
5  -0.000006 -0.000003 -4.427393  0.116942 3.121454 -0.405755
6  18.465939 -0.000000 0.000001  -0.000000 -0.000000 -0.504603
7  14.875443 0.000000 -0.000001  -0.010733 0.000550 0.096051
8  2.255201 -0.007573 -0.062499  -0.039876 0.086254 0.226652
9  9.514228 -0.009358 0.000000  -0.001651 -0.006115 -0.090209
10  11.752205 -0.001492 -0.000000  0.285976 0.018036 0.364207
11  -2.107890 1.414397 2.309874  0.215119 -1.168386 2.586294
12  4.640939 -0.000001 -0.000003  -0.843835 0.619497 -1.697885
13  10.828044 0.000000 0.000003  0.029112 0.190255 -0.665110
14  9.393335 0.000001 0.000003  -2.370934 -0.430403 0.227621
15  1.442247 0.107455 -1.746190  1.643242 0.492658 0.260187
16  1.063451 -0.000004 -0.000002  -0.000000 0.000000 0.199056
17  1.376305 -0.000000 0.000002  0.000000 0.000000 0.199049
18  4.172843 -0.251366 -1.312748  0.008026 0.059059 0.148379
19  1.215375 0.000000 -0.000007  0.000000 0.000000 0.645758
20  1.215372 -0.000002 0.000005  0.000000 0.000000 0.707621
21  4.220534 -0.244853 -0.431471  0.001333 0.026242 0.148339
22  1.350419 -0.000001 -0.000004  0.000000 -0.000000 0.829539
23  1.350410 0.000006 0.000006  -0.000000 0.000000 0.967046
24  -2.010226 -0.077824 -2.774729  1.005555 1.111365 -2.581107
25  4.640940 -0.000009 -0.000004  -0.799260 -0.840014 0.266689
26  10.828054 0.000008 0.000009  -0.665157 0.225394 -2.209182
27  9.393343 -0.000013 -0.000005  2.127748 0.103347 0.367279
28  1.442240 0.107454 1.746181  -1.886692 -0.456595 0.746146
29  1.063450 0.000004 -0.000003  -0.000000 -0.000000 0.366540
30  1.376306 0.000001 0.000002  -0.000000 -0.000000 0.811654
31  4.172845 -0.251365 1.312741  0.001190 -0.096055 0.052246
32  1.215372 0.000001 0.000002  -0.000000 -0.000000 0.130798
33  1.215374 0.000001 -0.000001  0.000000 -0.000000 1.151964
34  4.220532 -0.244853 0.431461  0.001184 -0.026242 0.052329
35  1.350415 -0.000002 -0.000005  0.000000 0.000000 0.977377
36  1.350410 -0.000003 0.000004  0.000000 0.000000 1.518530
37  4.262825 -0.232721 -1.392186  0.001188 0.078478 0.052453
38  2.110545 -0.000001 -0.000000  -0.086584 -0.130707 -0.231787
39  0.891926 2.373050 -0.014527  -3.141592 -0.000001 1.413797
40  7.228125 5.709446 3.726568  3.140796 -1.570796 0.000000
41  2.450429 5.076127 0.001326  2.939715 -1.570796 0.000000
42  6.312399 -4.528059 0.001311  3.140791 -1.570796 0.000000
43  2.233304 1.152536 -7.309137  -1.568399 -1.534273 -0.482628
44  -5.952957 -2.602895 0.029162  0.000000 -0.000000 0.000000
time 16
0  0.563481 3.527982 38.037945  0.000000 -0.000000 -1.710440
1  -2.675537 0.683615 0.000000  -0.000030 -1.602428 -1.570772
2  -0.000014 0.000009 4.427394  -0.169120 -3.118233 -0.022926
3  18.465939 0.000001 -0.000000  -0.000000 -0.000000 -0.505017
4  14.875443 0.000001 -0.000001  0.008513 0.018118 0.466422
5  -0.000011 -0.000003 -4.427393  0.117421 3.122506 -0.378147
6  18.465937 0.000001 0.000000  -0.000000 0.000000 -0.452619
7  14.875445 0.000000 -0.000000  -0.011505 0.005824 0.071139
8  2.255201 -0.007573 -0.070312  -0.043758 0.093697 0.246736
9  9.514233 -0.009358 -0.000000  0.009304 0.003723 -0.044661
10  11.752195 -0.001493 -0.000000  0.224507 0.040267 0.332765
11  -2.186007 1.195636 2.360660  0.328021 -1.146302 2.508173
12  4.640937 -0.000001 0.000006  -0.722735 0.524042 -1.575333
13  10.828049 0.000004 0.000001  0.012192 0.190910 -0.695439
14  9.393334 0.000010 0.000000  -2.362601 -0.432353 0.257973
15  1.442248 0.107453 -1.746184  1.582852 0.412743 0.161999
16  1.063449 -0.000005 -0.000000  -0.000000 0.000000 0.199056
17  1.376303 0.000002 0.000002  -0.000000 0.000000 0.199049
18  4.172845 -0.251367 -1.312742  0.008002 -0.000169 0.147898
19  1.215374 0.000001 -0.000003  0.000000 0.000000 0.645758
20  1.215371 0.000001 0.000001  0.000000 0.000000 0.807582
21  4.220535 -0.244855 -0.431461  0.001333 0.026242 0.148339
22  1.350415 0.000001 0.000001  -0.000000 -0.000000 0.773997
23  1.350407 0.000004 0.000004  0.000000 -0.000000 1.133631
24  -1.971160 0.019834 -2.802072  -2.438735 1.907398 0.332379
25  4.640939 -0.000009 0.000000  -0.809001 -0.838594 0.254544
26  10.828046 0.000007 0.000009  -0.687568 0.248125 -2.222900
27  9.393341 -0.000004 -0.000009  2.171435 0.116760 0.373741
28  1.442240 0.107455 1.746179  -1.884783 -0.455977 0.748515
29  1.063451 0.000000 -0.000001  -0.000000 -0.000000 0.366528
30  1.376306 0.000000 0.000002  0.000000 0.000000 0.811609
31  4.172846 -0.251365 1.312738  0.001190 -0.096055 0.052246
32  1.215372 0.000001 0.000005  -0.000000 0.000000 0.130840
33  1.215373 0.000001 0.000003  0.000000 0.000000 1.151922
34  4.220533 -0.244853 0.431463  0.001184 -0.026242 0.052329
35  1.350415 -0.000002 -0.000002  -0.000000 -0.000000 0.977377
36  1.350411 -0.000002 0.000006  -0.000000 -0.000000 1.518482
37  4.262825 -0.232719 -1.392187  0.001188 0.078478 0.052453
38  2.110548 -0.000003 0.000000  -0.039436 -0.117777 -0.258956
39  0.891919 2.373051 -0.014527  -3.141592 -0.000001 1.413797
40  7.228115 5.709445 3.726568  3.140796 -1.570796 0.000000
41  2.450431 5.076126 0.001325  2.923829 -1.570796 0.000000
42  6.312403 -4.528058 0.001311  3.140791 -1.570796 0.000000
43  2.233299 1.152536 -7.309137  -1.510013 -1.531681 -0.527530
44  -5.952957 -2.602895 0.029162  0.000000 -0.000000 0.000000
time 17
0  0.575200 3.287897 37.911892  0.000000 -0.000000 -1.710440
1  -2.999765 0.718772 0.000008  -0.000030 -1.596952 -1.570772
2  -0.000007 0.000007 4.427394  -0.169791 -3.124293 -0.036746
3  18.465940 -0.000000 -0.000000  -0.000000 -0.000000 -0.532286
4  14.875443 0.000002 -0.000000  0.009259 0.021098 0.480209
5  -0.000002 -0.000003 -4.427393  0.114450 3.113035 -0.396958
6  18.465940 -0.000000 0.000000  0.000000 -0.000000 -0.487407
7  14.875446 0.000000 -0.000001  -0.011892 0.008068 0.086859
8  2.255211 -0.007574 -0.058593  -0.049285 0.092420 0.260600
9  9.514231 -0.009357 -0.000000  0.017521 -0.000013 0.000000
10  11.752199 -0.001492 -0.000001  0.150862 0.062307 0.299429
11  -2.260222 0.941721 2.399724  0.347172 -1.138496 2.520332
12  4.640938 -0.000002 0.000001  -0.676184 0.458421 -1.536152
13  10.828047 0.000000 0.000007  0.005774 0.191336 -0.706943
14  9.393335 0.000000 -0.000001  -2.345388 -0.433125 0.269505
15  1.442247 0.107455 -1.746179  1.545041 0.350655 0.094987
16  1.063451 -0.000009 -0.000001  -0.000000 -0.000000 0.199056
17  1.376305 0.000001 0.000000  0.000000 0.000000 0.199049
18  4.172842 -0.251365 -1.312738  0.008014 -0.043889 0.147537
19  1.215378 -0.000000 -0.000000  0.000000 0.000000 0.645758
20  1.215372 0.000001 0.000005  -0.000000 -0.000000 0.881369
21  4.220535 -0.244854 -0.431463  0.001333 0.026242 0.148339
22  1.350418 -0.000001 0.000002  0.000000 -0.000000 0.733035
23  1.350409 0.000005 0.000000  -0.000000 -0.000000 1.256600
24  -1.935995 0.148743 -2.829416  -2.831965 1.845362 0.001204
25  4.640939 -0.000008 0.000003  -0.804295 -0.839957 0.240971
26  10.828054 0.000004 0.000010  -0.694835 0.256058 -2.224860
27  9.393342 -0.000012 -0.000004  2.186878 0.121479 0.376033
28  1.442241 0.107455 1.746174  -1.888420 -0.457213 0.743623
29  1.063451 0.000001 -0.000003  -0.000000 -0.000000 0.366516
30  1.376306 -0.000001 0.000000  0.000000 0.000000 0.811565
31  4.172846 -0.251365 1.312737  0.001190 -0.096055 0.052246
32  1.215373 0.000001 0.000003  -0.000000 -0.000000 0.130882
33  1.215373 -0.000000 -0.000002  0.000000 -0.000000 1.151880
34  4.220533 -0.244853 0.431462  0.001184 -0.026242 0.052329
35  1.350415 -0.000001 0.000002  0.000000 0.000000 0.977377
36  1.350411 -0.000001 0.000002  -0.000000 -0.000000 1.518434
37  4.262825 -0.232720 -1.392190  0.001188 0.078478 0.052453
38  2.110552 -0.000002 0.000001  0.018767 -0.077756 -0.279156
39  0.891919 2.373050 -0.014527  -3.141592 -0.000001 1.413797
40  7.228120 5.709444 3.726568  3.140796 -1.570796 0.000000
41  2.450427 5.076129 0.001325  2.897323 -1.570796 0.000000
42  6.312399 -4.528057 0.001311  3.140791 -1.570796 0.000000
43  2.233307 1.152536 -7.309137  -1.599845 -1.536866 -0.451990
44  -5.952957 -2.602895 0.029162  0.000000 -0.000000 0.000000
time 18
0  0.602545 3.332357 37.076782  0.000000 -0.000000 -1.710248
1  -3.198990 0.628925 0.000008  -0.000025 -1.572132 -1.570726
2  -0.000014 0.000008 4.427393  -0.170653 -3.136224 -0.107946
3  18.465942 -0.000000 -0.000001  -0.000000 0.000000 -0.688590
4  14.875444 0.000000 -0.000001  0.009295 0.020608 0.564114
5  -0.000012 -0.000003 -4.427393  0.100936 3.082902 -0.493820
6  18.465940 0.000001 0.000000  0.000000 0.000000 -0.676374
7  14.875443 0.000000 -0.000001  -0.011856 0.005006 0.179227
8  2.255204 -0.007574 0.000003  -0.053167 0.071564 0.262949
9  9.514235 -0.009361 0.000000  0.017896 -0.032565 0.041262
10  11.752198 -0.001492 -0.000001  0.076546 0.081087 0.267198
11  -2.326639 0.691716 2.427067  0.220264 -1.155065 2.668435
12  4.640937 -0.000001 0.000006  -0.699928 0.428072 -1.564777
13  10.828048 0.000006 0.000005  0.035406 0.191719 -0.685497
14  9.393332 -0.000003 0.000003  -2.322548 -0.432397 0.269012
15  1.442247 0.107454 -1.746182  1.536867 0.335635 0.079717
16  1.063447 -0.000000 0.000000  0.000000 0.000000 0.199056
17  1.376305 0.000003 -0.000001  -0.000000 0.000000 0.199049
18  4.172843 -0.251367 -1.312739  0.008014 -0.054232 0.147457
19  1.215376 0.000000 -0.000008  0.000000 0.000000 0.645758
20  1.215371 -0.000002 0.000002  -0.000000 0.000000 0.898805
21  4.220537 -0.244856 -0.431461  0.001333 0.026242 0.148339
22  1.350417 -0.000001 0.000004  -0.000000 -0.000000 0.723315
23  1.350407 0.000005 0.000006  0.000000 -0.000000 1.285718
24  -1.900847 0.289375 -2.841137  0.229465 1.295656 3.094338
25  4.640939 -0.000007 -0.000002  -0.790421 -0.842457 0.226515
26  10.828053 0.000004 0.000008  -0.693192 0.254727 -2.222297
27  9.393342 -0.000011 -0.000004  2.184403 0.120724 0.375665
28  1.442240 0.107455 1.746180  -1.904148 -0.462662 0.722974
29  1.063448 0.000003 -0.000003  -0.000000 -0.000000 0.366516
30  1.376307 0.000000 0.000003  0.000000 -0.000000 0.811565
31  4.172845 -0.251366 1.312747  0.001190 -0.096055 0.052246
32  1.215371 0.000001 -0.000002  0.000000 -0.000000 0.130882
33  1.215373 -0.000001 -0.000008  -0.000000 -0.000000 1.151880
34  4.220533 -0.244853 0.431463  0.001184 -0.026242 0.052329
35  1.350415 -0.000002 -0.000001  0.000000 -0.000000 0.977377
36  1.350411 -0.000002 0.000003  0.000000 -0.000000 1.518434
37  4.262825 -0.232719 -1.392190  0.001188 0.078478 0.052453
38  2.110546 -0.000001 -0.000000  0.074707 -0.002525 -0.284760
39  0.891926 2.373051 -0.014529  -3.141592 -0.000001 1.413797
40  7.228120 5.709446 3.726568  3.140796 -1.570796 0.000000
41  2.450436 5.076123 0.001326  2.847647 -1.570796 0.000000
42  6.312409 -4.528061 0.001312  3.140791 -1.570796 0.000000
43  2.233295 1.152536 -7.309137  -2.474682 -1.551457 0.350025
44  -5.952957 -2.602895 0.029162  0.000000 -0.000000 0.000000
time 19
0  0.629889 3.385709 35.879269  0.000000 -0.000000 -1.710056
1  -3.335712 0.480483 0.000000  -0.000030 -1.538589 -1.570772
2  -0.000005 0.000008 4.427394  -0.174869 3.129255 -0.180958
3  18.465946 0.000000 -0.000001  -0.000000 -0.000000 -0.858857
4  14.875443 0.000001 -0.000001  0.009082 0.017778 0.659791
5  -0.000005 -0.000004 -4.427392  0.077551 3.049324 -0.598543
6  18.465942 0.000001 0.000000  -0.000000 -0.000000 -0.879716
7  14.875443 0.000000 -0.000000  -0.011084 0.000277 0.279399
8  2.255207 -0.007574 0.070318  -0.058694 0.041889 0.259376
9  9.514235 -0.009358 -0.000000  0.013169 -0.078046 0.081766
10  11.752194 -0.001494 -0.000000  0.013638 0.094749 0.239977
11  -2.373518 0.480775 2.430973  0.044480 -1.168689 2.858471
12  4.640936 -0.000003 -0.000003  -0.761095 0.408798 -1.605053
13  10.828048 0.000007 0.000006  0.113525 0.192088 -0.628960
14  9.393332 -0.000003 0.000000  -2.298906 -0.430256 0.267568
15  1.442245 0.107453 -1.746183  1.540918 0.343169 0.087331
16  1.063451 -0.000006 -0.000002  0.000000 0.000000 0.199056
17  1.376303 -0.000002 0.000002  0.000000 -0.000000 0.199049
18  4.172843 -0.251367 -1.312741  0.008014 -0.049066 0.147497
19  1.215376 -0.000001 -0.000004  0.000000 0.000000 0.645758
20  1.215372 0.000001 -0.000001  0.000000 -0.000000 0.890107
21  4.220535 -0.244856 -0.431463  0.001333 0.026242 0.148339
22  1.350418 -0.000003 -0.000003  -0.000000 0.000000 0.728175
23  1.350407 0.000006 -0.000000  -0.000000 -0.000000 1.271180
24  -1.873498 0.410469 -2.845042  0.355913 1.277650 -3.049881
25  4.640938 -0.000010 0.000000  -0.773811 -0.846246 0.211423
26  10.828043 0.000007 0.000009  -0.688365 0.250817 -2.214771
27  9.393341 -0.000014 -0.000005  2.177138 0.118504 0.374587
28  1.442240 0.107454 1.746184  -1.925149 -0.470528 0.695063
29  1.063450 0.000006 -0.000003  -0.000000 -0.000000 0.366516
30  1.376306 -0.000000 0.000003  0.000000 0.000000 0.811565
31  4.172846 -0.251364 1.312742  0.001190 -0.096055 0.052246
32  1.215372 0.000002 -0.000000  -0.000000 -0.000000 0.130882
33  1.215373 -0.000000 -0.000001  -0.000000 -0.000000 1.151880
34  4.220533 -0.244852 0.431463  0.001184 -0.026242 0.052329
35  1.350416 0.000000 0.000001  0.000000 -0.000000 0.977377
36  1.350410 -0.000002 0.000008  0.000000 -0.000000 1.518434
37  4.262825 -0.232721 -1.392189  0.001188 0.078478 0.052453
38  2.110547 -0.000003 -0.000000  0.122987 0.080855 -0.282641
39  0.891926 2.373049 -0.014527  -3.141592 -0.000001 1.413797
40  7.228115 5.709444 3.726568  3.140796 -1.570796 0.000000
41  2.450430 5.076128 0.001325  2.787262 -1.570796 0.000000
42  6.312403 -4.528058 0.001311  3.140791 -1.570796 0.000000
43  2.233301 1.152535 -7.309136  -0.546548 -1.608281 -1.678680
44  -5.952957 -2.602895 0.029162  0.000000 -0.000000 0.000000
time 20
0  0.653328 3.447954 35.107185  0.000000 -0.000000 -1.709864
1  -3.398215 0.386731 -0.000004  -0.000030 -1.518469 -1.570772
2  -0.000011 0.000008 4.427394  -0.179180 3.118556 -0.222134
3  18.465946 -0.000001 -0.000001  -0.000000 -0.000000 -0.955870
4  14.875443 -0.000001 -0.000001  0.009188 0.016075 0.714820
5  0.000001 -0.000003 -4.427393  0.060971 3.031627 -0.657877
6  18.465939 0.000002 0.000000  -0.000000 -0.000000 -0.990248
7  14.875443 0.000001 -0.000001  -0.010277 -0.002512 0.332149
8  2.255206 -0.007573 0.117194  -0.061900 0.023900 0.256596
9  9.514224 -0.009357 -0.000001  0.009117 -0.105397 0.104605
10  11.752197 -0.001491 -0.000000  -0.025347 0.102407 0.222105
11  -2.396960 0.347955 2.427067  -0.076902 -1.170628 2.988863
12  4.640939 -0.000003 0.000003  -0.846607 0.398229 -1.652131
13  10.828051 0.000008 0.000004  0.223969 0.192431 -0.549028
14  9.393332 -0.000004 0.000001  -2.274539 -0.426771 0.265225
15  1.442247 0.107453 -1.746174  1.545041 0.350655 0.094987
16  1.063453 -0.000007 -0.000002  -0.000000 0.000000 0.199056
17  1.376303 -0.000003 0.000001  0.000000 -0.000000 0.199049
18  4.172845 -0.251367 -1.312736  0.008014 -0.043889 0.147537
19  1.215376 -0.000000 -0.000010  -0.000000 -0.000000 0.645758
20  1.215371 0.000001 0.000001  -0.000000 -0.000000 0.881369
21  4.220536 -0.244856 -0.431460  0.001333 0.026242 0.148339
22  1.350417 0.000001 0.000002  0.000000 -0.000000 0.733035
23  1.350408 0.000005 0.000008  -0.000000 0.000000 1.256600
24  -1.861786 0.480787 -2.841136  0.431633 1.264487 -2.966211
25  4.640938 -0.000009 -0.000001  -0.754544 -0.851239 0.195649
26  10.828052 0.000007 0.000010  -0.680509 0.244454 -2.202524
27  9.393341 -0.000013 -0.000007  2.165326 0.114890 0.372835
28  1.442241 0.107455 1.746181  -1.937605 -0.475472 0.678379
29  1.063450 0.000006 -0.000006  -0.000000 -0.000000 0.366516
30  1.376306 0.000004 0.000004  -0.000000 0.000000 0.811565
31  4.172847 -0.251365 1.312743  0.001190 -0.096055 0.052246
32  1.215373 0.000000 0.000001  0.000000 -0.000000 0.130882
33  1.215372 -0.000002 0.000000  0.000000 0.000000 1.151880
34  4.220535 -0.244852 0.431460  0.001184 -0.026242 0.052329
35  1.350415 -0.000002 -0.000000  0.000000 -0.000000 0.977377
36  1.350410 -0.000002 0.000003  0.000000 -0.000000 1.518434
37  4.262825 -0.232719 -1.392185  0.001188 0.078478 0.052453
38  2.110544 -0.000001 0.000000  0.153425 0.132272 -0.272705
39  0.891929 2.373049 -0.014527  -3.141592 -0.000001 1.413797
40  7.228118 5.709446 3.726568  3.140796 -1.570796 0.000000
41  2.450425 5.076127 0.001325  2.753560 -1.570796 0.000000
42  6.312398 -4.528057 0.001311  3.140791 -1.570796 0.000000
43  2.233303 1.152536 -7.309137  -0.795283 -1.630910 -1.498050
44  -5.952957 -2.602895 0.029162  0.000000 -0.000000 0.000000
time 21
0  0.680672 3.501306 35.170212  0.000000 -0.000000 -1.709673
1  -3.433372 0.371105 0.000008  -0.000030 -1.513496 -1.570772
2  -0.000007 0.000008 4.427393  -0.180426 3.113253 -0.222229
3  18.465944 0.000000 -0.000001  -0.000000 -0.000000 -0.947317
4  14.875443 0.000000 -0.000001  0.009473 0.016607 0.706208
5  0.000005 -0.000004 -4.427393  0.058095 3.027896 -0.657690
6  18.465935 0.000003 -0.000000  0.000000 -0.000000 -0.982372
7  14.875443 0.000000 -0.000000  -0.010067 -0.002724 0.324833
8  2.255211 -0.007573 0.128913  -0.063546 0.020208 0.257258
9  9.514228 -0.009358 -0.000000  0.008254 -0.112385 0.111619
10  11.752200 -0.001492 -0.000001  -0.045386 0.106410 0.210823
11  -2.412580 0.277637 2.423161  -0.126255 -1.168613 3.045347
12  4.640939 0.000001 -0.000001  -0.944057 0.394073 -1.701355
13  10.828049 0.000003 0.000004  0.350575 0.192737 -0.457399
14  9.393332 -0.000004 -0.000001  -2.249532 -0.422005 0.262039
15  1.442248 0.107453 -1.746176  1.545041 0.350655 0.094987
16  1.063449 -0.000003 -0.000002  0.000000 -0.000000 0.199056
17  1.376303 0.000005 0.000000  0.000000 0.000000 0.199049
18  4.172845 -0.251366 -1.312743  0.008014 -0.043889 0.147537
19  1.215376 0.000000 -0.000004  0.000000 0.000000 0.645758
20  1.215373 0.000001 -0.000004  -0.000000 0.000000 0.881369
21  4.220535 -0.244855 -0.431465  0.001333 0.026242 0.148339
22  1.350419 -0.000002 -0.000004  0.000000 0.000000 0.733035
23  1.350406 0.000008 -0.000003  -0.000000 0.000000 1.256600
24  -1.853963 0.515938 -2.841136  0.411731 1.266000 -2.975527
25  4.640937 -0.000006 -0.000004  -0.732695 -0.857346 0.179145
26  10.828054 0.000007 0.000007  -0.669781 0.235764 -2.185797
27  9.393342 -0.000011 -0.000005  2.149214 0.109949 0.370450
28  1.442240 0.107455 1.746181  -1.940696 -0.476707 0.674311
29  1.063451 -0.000002 -0.000006  -0.000000 -0.000000 0.366516
30  1.376307 0.000007 0.000001  0.000000 0.000000 0.811565
31  4.172847 -0.251365 1.312739  0.001190 -0.096055 0.052246
32  1.215371 -0.000001 0.000003  -0.000000 -0.000000 0.130882
33  1.215373 0.000000 0.000001  0.000000 -0.000000 1.151880
34  4.220533 -0.244855 0.431467  0.001184 -0.026242 0.052329
35  1.350414 -0.000003 0.000002  -0.000000 0.000000 0.977377
36  1.350410 -0.000003 -0.000004  0.000000 0.000000 1.518434
37  4.262825 -0.232722 -1.392186  0.001188 0.078478 0.052453
38  2.110549 -0.000006 0.000000  0.169724 0.150704 -0.262017
39  0.891925 2.373049 -0.014527  -3.141592 -0.000001 1.413797
40  7.228117 5.709447 3.726568  3.140796 -1.570796 0.000000
41  2.450426 5.076128 0.001325  2.746714 -1.570796 0.000000
42  6.312399 -4.528058 0.001311  3.140791 -1.570796 0.000000
43  2.233310 1.152535 -7.309137  -0.849451 -1.639735 -1.459275
44  -5.952957 -2.602895 0.029162  0.000000 -0.000000 0.000000
time 22
0  0.708017 3.563550 35.642918  0.000000 -0.000000 -1.709385
1  -3.476341 0.371105 0.000008  -0.000030 -1.510478 -1.570772
2  -0.000010 0.000007 4.427393  -0.180809 3.105584 -0.202022
3  18.465940 0.000000 -0.000001  -0.000000 -0.000000 -0.884517
4  14.875442 0.000000 0.000000  0.009793 0.017607 0.664176
5  -0.000001 -0.000004 -4.427393  0.059245 3.026748 -0.630831
6  18.465939 0.000001 0.000001  -0.000000 -0.000000 -0.919951
7  14.875444 0.000001 0.000000  -0.009926 -0.002391 0.289304
8  2.255205 -0.007574 0.132820  -0.066162 0.019226 0.259409
9  9.514225 -0.009358 0.000001  0.007841 -0.117331 0.116598
10  11.752204 -0.001494 -0.000000  -0.060019 0.109454 0.200763
11  -2.424305 0.219039 2.419255  -0.161412 -1.166095 3.087471
12  4.640936 -0.000002 0.000006  -1.041298 0.394173 -1.748071
13  10.828045 -0.000000 0.000002  0.477182 0.192995 -0.365769
14  9.393333 0.000002 -0.000001  -2.223975 -0.416023 0.258067
15  1.442247 0.107454 -1.746178  1.545041 0.350655 0.094987
16  1.063450 0.000001 -0.000001  0.000000 -0.000000 0.199056
17  1.376302 0.000004 0.000001  0.000000 0.000000 0.199049
18  4.172843 -0.251366 -1.312736  0.008014 -0.043889 0.147537
19  1.215376 0.000001 -0.000003  0.000000 0.000000 0.645758
20  1.215372 0.000001 -0.000001  -0.000000 -0.000000 0.881369
21  4.220532 -0.244855 -0.431462  0.001333 0.026242 0.148339
22  1.350416 -0.000000 0.000003  0.000000 -0.000000 0.733035
23  1.350409 0.000002 0.000002  0.000000 -0.000000 1.256600
24  -1.850071 0.535472 -2.841136  0.389237 1.267634 -2.988005
25  4.640939 -0.000008 -0.000007  -0.708341 -0.864482 0.161863
26  10.828045 0.000012 0.000009  -0.656335 0.224873 -2.164834
27  9.393340 -0.000010 0.000001  2.129054 0.103749 0.367471
28  1.442239 0.107455 1.746190  -1.942423 -0.477438 0.671994
29  1.063452 0.000003 -0.000002  -0.000000 -0.000000 0.366516
30  1.376307 0.000004 0.000003  0.000000 0.000000 0.811565
31  4.172846 -0.251363 1.312751  0.001190 -0.096055 0.052246
32  1.215371 0.000002 -0.000002  0.000000 -0.000000 0.130882
33  1.215374 -0.000002 -0.000002  0.000000 -0.000000 1.151880
34  4.220534 -0.244853 0.431473  0.001184 -0.026242 0.052329
35  1.350414 -0.000003 -0.000002  -0.000000 0.000000 0.977377
36  1.350410 -0.000000 0.000003  0.000000 -0.000000 1.518434
37  4.262825 -0.232719 -1.392180  0.001188 0.078478 0.052453
38  2.110540 -0.000008 -0.000000  0.183143 0.162702 -0.253777
39  0.891927 2.373053 -0.014525  -3.141592 -0.000001 1.413797
40  7.228122 5.709444 3.726568  3.140796 -1.570796 0.000000
41  2.450425 5.076127 0.001326  2.742238 -1.570796 0.000000
42  6.312402 -4.528061 0.001312  3.140791 -1.570796 0.000000
43  2.233302 1.152535 -7.309137  -0.860381 -1.642327 -1.440414
44  -5.952957 -2.602895 0.029162  0.000000 -0.000000 0.000000
time 23
0  0.735361 3.625795 35.989567  0.000000 -0.000000 -1.709193
1  -3.519312 0.386731 0.000004  -0.000030 -1.509070 -1.570772
2  -0.000017 0.000007 4.427394  -0.181001 3.100281 -0.187820
3  18.465944 -0.000000 -0.000000  -0.000000 -0.000000 -0.838314
4  14.875446 0.000003 -0.000000  0.010219 0.019033 0.632613
5  -0.000004 -0.000004 -4.427393  0.060396 3.026174 -0.610897
6  18.465942 0.000002 0.000001  0.000000 -0.000000 -0.871380
7  14.875444 0.000000 -0.000000  -0.009891 -0.001724 0.260603
8  2.255208 -0.007574 0.136726  -0.069326 0.020247 0.262387
9  9.514224 -0.009359 -0.000000  0.007766 -0.120436 0.119672
10  11.752201 -0.001495 -0.000001  -0.069595 0.111623 0.192478
11  -2.432121 0.179985 2.415348  -0.183516 -1.163728 3.115905
12  4.640940 0.000001 -0.000001  -1.126173 0.396523 -1.787536
13  10.828047 0.000004 0.000004  0.587626 0.193193 -0.285837
14  9.393333 0.000003 0.000000  -2.197960 -0.408889 0.253371
15  1.442246 0.107455 -1.746184  1.545041 0.350655 0.094987
16  1.063451 0.000000 -0.000001  -0.000000 0.000000 0.199056
17  1.376305 -0.000004 0.000001  0.000000 0.000000 0.199049
18  4.172843 -0.251365 -1.312742  0.008014 -0.043889 0.147537
19  1.215375 0.000000 -0.000006  -0.000000 0.000000 0.645758
20  1.215373 0.000000 -0.000005  -0.000000 0.000000 0.881369
21  4.220534 -0.244855 -0.431467  0.001333 0.026242 0.148339
22  1.350418 0.000000 -0.000001  -0.000000 -0.000000 0.733035
23  1.350408 0.000003 0.000002  0.000000 -0.000000 1.256600
24  -1.846165 0.543290 -2.841137  0.366836 1.269117 -3.001679
25  4.640939 -0.000011 0.000000  -0.681555 -0.872557 0.143753
26  10.828047 0.000004 0.000010  -0.640327 0.211906 -2.139875
27  9.393341 -0.000008 0.000001  2.105102 0.096357 0.363940
28  1.442241 0.107452 1.746185  -1.943151 -0.477719 0.671015
29  1.063449 0.000008 -0.000001  -0.000000 -0.000000 0.366516
30  1.376307 0.000002 -0.000002  0.000000 0.000000 0.811565
31  4.172846 -0.251365 1.312743  0.001190 -0.096055 0.052246
32  1.215371 0.000003 0.000006  0.000000 -0.000000 0.130882
33  1.215373 0.000001 -0.000001  0.000000 -0.000000 1.151880
34  4.220534 -0.244854 0.431464  0.001184 -0.026242 0.052329
35  1.350415 -0.000005 -0.000000  0.000000 -0.000000 0.977377
36  1.350409 -0.000002 0.000000  -0.000000 -0.000000 1.518434
37  4.262825 -0.232721 -1.392186  0.001188 0.078478 0.052453
38  2.110541 -0.000003 -0.000000  0.193324 0.169166 -0.248079
39  0.891925 2.373050 -0.014527  -3.141592 -0.000001 1.413797
40  7.228119 5.709443 3.726568  3.140796 -1.570796 0.000000
41  2.450422 5.076126 0.001325  2.740219 -1.570796 0.000000
42  6.312401 -4.528060 0.001312  3.140791 -1.570796 0.000000
43  2.233299 1.152535 -7.309137  -0.853957 -1.641540 -1.430266
44  -5.952957 -2.602895 0.029162  0.000000 -0.000000 0.000000
time 24
0  0.762706 3.688039 36.036835  0.000000 -0.000000 -1.709001
1  -3.558377 0.406262 0.000000  -0.000030 -1.508984 -1.570772
2  -0.000007 0.000008 4.427394  -0.181767 3.098766 -0.189250
3  18.465946 -0.000001 -0.000000  -0.000000 -0.000000 -0.832611
4  14.875444 0.000003 -0.000000  0.010717 0.020800 0.625818
5  -0.000001 -0.000004 -4.427393  0.060300 3.025313 -0.609025
6  18.465942 -0.000001 0.000000  -0.000000 0.000000 -0.859894
7  14.875443 0.000000 -0.000000  -0.009891 -0.000845 0.250961
8  2.255211 -0.007574 0.136726  -0.072406 0.022564 0.265596
9  9.514231 -0.009357 0.000000  0.007991 -0.121861 0.121079
10  11.752203 -0.001494 -0.000001  -0.074436 0.112966 0.186403
11  -2.436025 0.152637 2.411441  -0.194091 -1.162041 3.131605
12  4.640940 -0.000002 0.000003  -1.186344 0.399251 -1.814877
13  10.828052 0.000009 0.000004  0.665745 0.193321 -0.229300
14  9.393336 0.000002 0.000000  -2.171586 -0.400666 0.248010
15  1.442249 0.107452 -1.746180  1.545041 0.350655 0.094987
16  1.063451 0.000002 -0.000001  -0.000000 0.000000 0.199056
17  1.376306 0.000007 0.000001  0.000000 -0.000000 0.199049
18  4.172844 -0.251368 -1.312744  0.008014 -0.043889 0.147537
19  1.215374 0.000001 -0.000005  0.000000 0.000000 0.645758
20  1.215374 -0.000004 0.000003  0.000000 -0.000000 0.881369
21  4.220537 -0.244857 -0.431467  0.001333 0.026242 0.148339
22  1.350417 0.000000 -0.000000  0.000000 0.000000 0.733035
23  1.350406 0.000005 0.000003  0.000000 -0.000000 1.256600
24  -1.842261 0.547195 -2.841137  0.347119 1.270236 -3.014670
25  4.640937 -0.000009 0.000005  -0.652412 -0.881481 0.124766
26  10.828050 0.000005 0.000011  -0.621911 0.196990 -2.111163
27  9.393343 -0.000015 -0.000003  2.077612 0.087840 0.359898
28  1.442241 0.107457 1.746180  -1.943060 -0.477663 0.671170
29  1.063451 -0.000001 -0.000005  -0.000000 -0.000000 0.366516
30  1.376306 -0.000001 0.000003  -0.000000 0.000000 0.811565
31  4.172847 -0.251363 1.312741  0.001190 -0.096055 0.052246
32  1.215371 0.000000 0.000002  -0.000000 0.000000 0.130882
33  1.215373 -0.000002 -0.000002  0.000000 -0.000000 1.151880
34  4.220536 -0.244851 0.431460  0.001184 -0.026242 0.052329
35  1.350414 -0.000001 0.000001  0.000000 -0.000000 0.977377
36  1.350411 -0.000000 0.000006  -0.000000 0.000000 1.518434
37  4.262826 -0.232717 -1.392189  0.001188 0.078478 0.052453
38  2.110539 -0.000004 -0.000000  0.199905 0.171061 -0.245066
39  0.891922 2.373051 -0.014527  -3.141592 -0.000001 1.413797
40  7.228114 5.709445 3.726568  3.140796 -1.570796 0.000000
41  2.450430 5.076127 0.001326  2.740570 -1.570796 0.000000
42  6.312406 -4.528059 0.001312  3.140791 -1.570796 0.000000
43  2.233308 1.152535 -7.309138  -0.848109 -1.640171 -1.425191
44  -5.952957 -2.602895 0.029162  0.000000 -0.000000 0.000000
time 25
0  0.790051 3.759176 36.052593  0.000000 -0.000000 -1.708810
1  -3.589627 0.429701 0.000008  -0.000030 -1.509889 -1.570772
2  -0.000012 0.000007 4.427394  -0.182438 3.098672 -0.193253
3  18.465944 -0.000000 -0.000000  -0.000000 -0.000000 -0.834512
4  14.875445 -0.000001 -0.000001  0.011179 0.022609 0.623922
5  0.000002 -0.000004 -4.427392  0.060300 3.025122 -0.609961
6  18.465942 0.000004 0.000000  -0.000000 -0.000000 -0.854905
7  14.875442 -0.000001 -0.000000  -0.009926 0.000095 0.244920
8  2.255211 -0.007575 0.136726  -0.074980 0.025471 0.268475
9  9.514231 -0.009359 -0.000000  0.008366 -0.121807 0.120971
10  11.752207 -0.001493 -0.000001  -0.074916 0.113505 0.183010
11  -2.439921 0.144828 2.407535  -0.194377 -1.161235 3.135148
12  4.640941 0.000001 0.000004  -1.209233 0.400561 -1.825109
13  10.828052 0.000001 0.000005  0.695376 0.193366 -0.207855
14  9.393333 -0.000003 0.000001  -2.144948 -0.391419 0.242044
15  1.442248 0.107453 -1.746180  1.545041 0.350655 0.094987
16  1.063451 -0.000007 -0.000001  -0.000000 0.000000 0.199056
17  1.376303 -0.000003 -0.000001  0.000000 0.000000 0.199049
18  4.172842 -0.251365 -1.312740  0.008014 -0.043889 0.147537
19  1.215377 -0.000001 -0.000007  0.000000 0.000000 0.645758
20  1.215373 -0.000002 -0.000000  -0.000000 0.000000 0.881369
21  4.220533 -0.244855 -0.431466  0.001333 0.026242 0.148339
22  1.350415 -0.000002 -0.000003  0.000000 -0.000000 0.733035
23  1.350408 0.000004 -0.000003  -0.000000 -0.000000 1.256600
24  -1.842244 0.539382 -2.841136  0.332678 1.270932 -3.024925
25  4.640939 -0.000009 0.000004  -0.620984 -0.891165 0.104854
26  10.828050 0.000004 0.000009  -0.601244 0.180250 -2.078940
27  9.393342 -0.000007 -0.000001  2.046844 0.078263 0.355385
28  1.442240 0.107455 1.746179  -1.942333 -0.477382 0.672097
29  1.063451 0.000005 -0.000005  -0.000000 -0.000000 0.366516
30  1.376306 0.000004 0.000003  0.000000 0.000000 0.811565
31  4.172845 -0.251364 1.312745  0.001190 -0.096055 0.052246
32  1.215371 -0.000003 0.000001  -0.000000 -0.000000 0.130882
33  1.215373 0.000001 0.000001  -0.000000 0.000000 1.151880
34  4.220533 -0.244853 0.431462  0.001184 -0.026242 0.052329
35  1.350416 -0.000002 -0.000004  0.000000 0.000000 0.977377
36  1.350409 -0.000002 0.000000  -0.000000 -0.000000 1.518434
37  4.262824 -0.232721 -1.392184  0.001188 0.078478 0.052453
38  2.110554 -0.000000 -0.000000  0.202784 0.169166 -0.244642
39  0.891925 2.373049 -0.014526  -3.141592 -0.000001 1.413797
40  7.228120 5.709447 3.726568  3.140796 -1.570796 0.000000
41  2.450433 5.076126 0.001325  2.743379 -1.570796 0.000000
42  6.312405 -4.528059 0.001311  3.140791 -1.570796 0.000000
43  2.233302 1.152536 -7.309137  -0.848876 -1.639152 -1.422989
44  -5.952957 -2.602895 0.029162  0.000000 -0.000000 0.000000
time 26
0  0.817395 3.830312 36.021080  0.000000 -0.000000 -1.708618
1  -3.605253 0.449232 0.000000  -0.000030 -1.511484 -1.570772
2  -0.000011 0.000009 4.427393  -0.182917 3.099618 -0.198781
3  18.465946 -0.000001 0.000000  -0.000000 -0.000000 -0.841092
4  14.875443 -0.000000 -0.000001  0.011641 0.024248 0.625226
5  0.000003 -0.000003 -4.427392  0.060587 3.025409 -0.612581
6  18.465942 0.000001 0.000000  0.000000 0.000000 -0.854315
7  14.875442 -0.000000 -0.000001  -0.009926 0.000974 0.241619
8  2.255209 -0.007573 0.132820  -0.076499 0.028260 0.270394
9  9.514228 -0.009358 0.000000  0.008817 -0.120423 0.119542
10  11.752200 -0.001489 -0.000000  -0.071404 0.113241 0.182773
11  -2.439932 0.152638 2.407535  -0.185516 -1.161461 3.127201
12  4.640939 -0.000001 0.000003  -1.187560 0.402703 -1.804051
13  10.828054 0.000006 0.000006  0.691127 0.192572 -0.210566
14  9.393336 0.000000 -0.000003  -2.118146 -0.381210 0.235533
15  1.442248 0.107453 -1.746183  1.545041 0.350655 0.094987
16  1.063449 -0.000007 -0.000001  0.000000 0.000000 0.199056
17  1.376304 0.000003 -0.000000  -0.000000 0.000000 0.199049
18  4.172843 -0.251367 -1.312744  0.008014 -0.043889 0.147537
19  1.215375 0.000000 -0.000010  0.000000 0.000000 0.645758
20  1.215371 -0.000001 -0.000001  0.000000 -0.000000 0.881369
21  4.220533 -0.244855 -0.431467  0.001333 0.026242 0.148339
22  1.350417 -0.000002 -0.000002  -0.000000 -0.000000 0.733035
23  1.350407 0.000003 -0.000003  0.000000 0.000000 1.256600
24  -1.842256 0.527662 -2.845042  0.326198 1.271114 -3.030395
25  4.640939 -0.000010 0.000001  -0.587343 -0.901517 0.083968
26  10.828050 -0.000000 0.000010  -0.578480 0.161811 -2.043449
27  9.393343 -0.000011 -0.000004  2.013056 0.067694 0.350443
28  1.442243 0.107454 1.746182  -1.941242 -0.476932 0.673590
29  1.063450 -0.000004 -0.000005  -0.000000 -0.000000 0.366516
30  1.376308 -0.000004 0.000005  -0.000000 0.000000 0.811565
31  4.172850 -0.251363 1.312741  0.001190 -0.096055 0.052246
32  1.215370 0.000001 0.000001  -0.000000 0.000000 0.130882
33  1.215374 0.000000 0.000001  0.000000 0.000000 1.151880
34  4.220536 -0.244853 0.431466  0.001184 -0.026242 0.052329
35  1.350413 -0.000001 0.000004  0.000000 0.000000 0.977377
36  1.350409 -0.000002 0.000005  -0.000000 0.000000 1.518434
37  4.262827 -0.232719 -1.392189  0.001188 0.078478 0.052453
38  2.110542 -0.000001 0.000000  0.201653 0.164355 -0.246619
39  0.891922 2.373049 -0.014528  -3.141592 -0.000001 1.413797
40  7.228123 5.709449 3.726568  3.140796 -1.570796 0.000000
41  2.450431 5.076125 0.001326  2.748469 -1.570796 0.000000
42  6.312407 -4.528061 0.001312  3.140791 -1.570796 0.000000
43  2.233306 1.152536 -7.309136  -0.849547 -1.637434 -1.423660
44  -5.952957 -2.602895 0.029162  0.000000 -0.000000 0.000000
time 27
0  0.844740 3.901448 35.989567  0.000000 -0.000000 -1.708426
1  -3.597440 0.460952 0.000004  -0.000030 -1.513453 -1.570772
2  -0.000013 0.000008 4.427394  -0.183205 3.101323 -0.204214
3  18.465946 -0.000002 -0.000000  -0.000000 -0.000000 -0.849207
4  14.875443 0.000000 -0.000000  0.011997 0.025525 0.628031
5  -0.000004 -0.000004 -4.427393  0.061162 3.026174 -0.615576
6  18.465939 0.000001 0.000000  -0.000000 0.000000 -0.855956
7  14.875440 0.000000 -0.000000  -0.009891 0.001611 0.240081
8  2.255209 -0.007574 0.128913  -0.076457 0.030184 0.270758
9  9.514229 -0.009357 0.000000  0.009229 -0.117923 0.117009
10  11.752199 -0.001488 -0.000000  -0.064261 0.112103 0.186126
11  -2.436023 0.179982 2.411441  -0.168367 -1.162645 3.108246
12  4.640937 -0.000000 -0.000002  -1.131660 0.409594 -1.749666
13  10.828054 0.000003 0.000004  0.678936 0.190274 -0.218342
14  9.393332 -0.000008 0.000001  -2.091275 -0.370106 0.228536
15  1.442247 0.107453 -1.746180  1.545041 0.350655 0.094987
16  1.063450 -0.000007 -0.000001  -0.000000 -0.000000 0.199056
17  1.376301 -0.000003 0.000001  -0.000000 0.000000 0.199049
18  4.172843 -0.251367 -1.312742  0.008014 -0.043889 0.147537
19  1.215375 -0.000001 -0.000005  0.000000 0.000000 0.645758
20  1.215372 -0.000000 0.000001  0.000000 0.000000 0.881369
21  4.220536 -0.244855 -0.431460  0.001333 0.026242 0.148339
22  1.350416 -0.000001 -0.000002  0.000000 -0.000000 0.733035
23  1.350408 0.000003 0.000001  -0.000000 -0.000000 1.256600
24  -1.846161 0.515942 -2.845043  0.330456 1.270751 -3.029028
25  4.640942 -0.000009 0.000009  -0.551560 -0.912446 0.062061
26  10.828053 0.000004 0.000010  -0.553775 0.141800 -2.004931
27  9.393343 -0.000011 0.000002  1.976505 0.056200 0.345111
28  1.442238 0.107454 1.746181  -1.939969 -0.476427 0.675238
29  1.063451 -0.000002 -0.000004  -0.000000 -0.000000 0.366516
30  1.376307 0.000001 0.000001  0.000000 0.000000 0.811565
31  4.172844 -0.251363 1.312742  0.001190 -0.096055 0.052246
32  1.215372 0.000000 0.000003  0.000000 -0.000000 0.130882
33  1.215373 0.000001 -0.000003  -0.000000 -0.000000 1.151880
34  4.220532 -0.244851 0.431460  0.001184 -0.026242 0.052329
35  1.350414 -0.000004 0.000001  -0.000000 -0.000000 0.977377
36  1.350412 -0.000001 -0.000002  -0.000000 -0.000000 1.518434
37  4.262822 -0.232721 -1.392188  0.001188 0.078478 0.052453
38  2.110545 -0.000004 -0.000000  0.196409 0.157440 -0.250716
39  0.891925 2.373051 -0.014527  -3.141592 -0.000001 1.413797
40  7.228120 5.709449 3.726568  3.140796 -1.570796 0.000000
41  2.450431 5.076127 0.001325  2.756017 -1.570796 0.000000
42  6.312408 -4.528059 0.001311  3.140791 -1.570796 0.000000
43  2.233301 1.152535 -7.309138  -0.847534 -1.635045 -1.427298
44  -5.952957 -2.602895 0.029162  0.000000 -0.000000 0.000000
time 28
0  0.872084 3.972585 35.958054  0.000000 -0.000000 -1.708234
1  -3.566189 0.457045 0.000008  -0.000030 -1.515480 -1.570772
2  -0.000015 0.000008 4.427394  -0.183109 3.103406 -0.208218
3  18.465948 -0.000001 0.000000  -0.000000 -0.000000 -0.855932
4  14.875442 0.000001 -0.000000  0.012281 0.026185 0.630756
5  -0.000003 -0.000003 -4.427393  0.061929 3.027418 -0.617728
6  18.465937 0.000003 0.000001  -0.000000 0.000000 -0.857597
7  14.875443 0.000001 -0.000001  -0.009786 0.001914 0.239480
8  2.255204 -0.007573 0.125007  -0.074305 0.030557 0.269004
9  9.514228 -0.009357 0.000000  0.009454 -0.114455 0.113546
10  11.752196 -0.001496 -0.000000  -0.053919 0.110018 0.193504
11  -2.428213 0.219044 2.415348  -0.144071 -1.164710 3.078759
12  4.640937 -0.000002 0.000003  -1.054592 0.421846 -1.674925
13  10.828049 0.000005 0.000004  0.659639 0.186601 -0.230652
14  9.393333 -0.000005 -0.000001  -2.064431 -0.358172 0.221107
15  1.442247 0.107455 -1.746181  1.545041 0.350655 0.094987
16  1.063450 0.000000 -0.000001  0.000000 0.000000 0.199056
17  1.376305 -0.000002 -0.000002  0.000000 0.000000 0.199049
18  4.172843 -0.251365 -1.312740  0.008014 -0.043889 0.147537
19  1.215374 0.000000 -0.000001  0.000000 0.000000 0.645758
20  1.215372 -0.000003 0.000001  -0.000000 0.000000 0.881369
21  4.220532 -0.244855 -0.431467  0.001333 0.026242 0.148339
22  1.350417 -0.000000 -0.000003  0.000000 0.000000 0.733035
23  1.350408 0.000002 0.000002  0.000000 -0.000000 1.256600
24  -1.850067 0.504221 -2.845043  0.347952 1.269722 -3.018943
25  4.640940 -0.000008 -0.000005  -0.513707 -0.923861 0.039090
26  10.828047 0.000003 0.000010  -0.527285 0.120343 -1.963629
27  9.393341 -0.000008 0.000002  1.937448 0.043849 0.339428
28  1.442239 0.107453 1.746183  -1.938878 -0.475977 0.676783
29  1.063450 0.000004 -0.000001  -0.000000 -0.000000 0.366516
30  1.376304 0.000000 0.000004  0.000000 0.000000 0.811565
31  4.172845 -0.251364 1.312745  0.001190 -0.096055 0.052246
32  1.215372 -0.000002 0.000009  -0.000000 0.000000 0.130882
33  1.215372 -0.000001 0.000000  0.000000 -0.000000 1.151880
34  4.220532 -0.244853 0.431469  0.001184 -0.026242 0.052329
35  1.350415 -0.000003 0.000001  0.000000 0.000000 0.977377
36  1.350410 -0.000002 0.000012  0.000000 -0.000000 1.518434
37  4.262823 -0.232722 -1.392182  0.001188 0.078478 0.052453
38  2.110539 -0.000007 -0.000001  0.186742 0.149201 -0.256602
39  0.891929 2.373051 -0.014526  -3.141592 -0.000001 1.413797
40  7.228118 5.709442 3.726568  3.140796 -1.570796 0.000000
41  2.450432 5.076127 0.001325  2.765935 -1.570796 0.000000
42  6.312409 -4.528060 0.001311  3.140791 -1.570796 0.000000
43  2.233298 1.152536 -7.309138  -0.840151 -1.632016 -1.434287
44  -5.952957 -2.602895 0.029162  0.000000 -0.000000 0.000000
time 29
0  0.899429 4.043722 35.942295  0.000000 -0.000000 -1.708043
1  -3.499781 0.433607 0.000008  -0.000030 -1.517262 -1.570772
2  -0.000012 0.000008 4.427394  -0.182726 3.105584 -0.209647
3  18.465942 0.000000 -0.000000  -0.000000 -0.000000 -0.858418
4  14.875443 0.000001 -0.000000  0.012459 0.026057 0.631784
5  0.000000 -0.000004 -4.427393  0.063079 3.029140 -0.617728
6  18.465944 0.000003 0.000001  0.000000 -0.000000 -0.857137
7  14.875443 -0.000000 0.000000  -0.009505 0.001702 0.238880
8  2.255208 -0.007574 0.121100  -0.069664 0.028692 0.264504
9  9.514226 -0.009356 0.000000  0.009492 -0.110222 0.109346
10  11.752192 -0.001493 -0.000000  -0.040784 0.106842 0.205378
11  -2.416482 0.273737 2.419255  -0.113297 -1.167455 3.038837
12  4.640938 -0.000002 0.000001  -0.969862 0.440029 -1.592803
13  10.828045 -0.000002 0.000006  0.634072 0.181679 -0.246961
14  9.393333 -0.000000 -0.000002  -2.037706 -0.345474 0.213303
15  1.442247 0.107453 -1.746180  1.545041 0.350655 0.094987
16  1.063452 -0.000001 -0.000003  0.000000 0.000000 0.199056
17  1.376305 0.000003 -0.000002  0.000000 -0.000000 0.199049
18  4.172843 -0.251367 -1.312743  0.008014 -0.043889 0.147537
19  1.215373 0.000001 -0.000005  0.000000 0.000000 0.645758
20  1.215370 -0.000001 0.000000  -0.000000 -0.000000 0.881369
21  4.220532 -0.244855 -0.431460  0.001333 0.026242 0.148339
22  1.350419 -0.000002 0.000003  0.000000 -0.000000 0.733035
23  1.350405 0.000004 -0.000002  -0.000000 0.000000 1.256600
24  -1.853964 0.488600 -2.845041  0.380998 1.267816 -2.998517
25  4.640940 -0.000007 0.000003  -0.473857 -0.935670 0.015013
26  10.828052 0.000008 0.000010  -0.499163 0.097565 -1.919785
27  9.393343 -0.000008 -0.000004  1.896141 0.030710 0.333432
28  1.442240 0.107457 1.746180  -1.937969 -0.475584 0.677916
29  1.063450 -0.000001 -0.000002  -0.000000 -0.000000 0.366516
30  1.376308 -0.000002 0.000001  0.000000 0.000000 0.811565
31  4.172845 -0.251363 1.312741  0.001190 -0.096055 0.052246
32  1.215371 0.000002 -0.000004  0.000000 -0.000000 0.130882
33  1.215374 0.000000 0.000001  -0.000000 -0.000000 1.151880
34  4.220532 -0.244850 0.431464  0.001184 -0.026242 0.052329
35  1.350414 -0.000002 0.000001  -0.000000 -0.000000 0.977377
36  1.350409 -0.000003 0.000005  0.000000 -0.000000 1.518434
37  4.262823 -0.232719 -1.392184  0.001188 0.078478 0.052453
38  2.110547 0.000003 -0.000000  0.172449 0.140511 -0.264041
39  0.891927 2.373051 -0.014527  -3.141592 -0.000001 1.413797
40  7.228119 5.709444 3.726568  3.140796 -1.570796 0.000000
41  2.450428 5.076127 0.001326  2.778222 -1.570796 0.000000
42  6.312398 -4.528055 0.001311  3.140791 -1.570796 0.000000
43  2.233299 1.152535 -7.309138  -0.824045 -1.628347 -1.445680
44  -5.952957 -2.602895 0.029162  0.000000 -0.000000 0.000000
time 30
0  0.926773 4.114858 35.989567  0.000000 -0.000000 -1.707755
1  -3.398216 0.386731 0.000000  -0.000030 -1.518469 -1.570772
2  -0.000016 0.000007 4.427393  -0.182055 3.107383 -0.206978
3  18.465948 0.000001 0.000000  -0.000000 -0.000000 -0.853666
4  14.875445 0.000001 -0.000000  0.012601 0.024886 0.629532
5  -0.000000 -0.000004 -4.427393  0.064421 3.031149 -0.614266
6  18.465937 0.000001 0.000000  0.000000 -0.000000 -0.852280
7  14.875445 0.000001 -0.000001  -0.009084 0.000883 0.237379
8  2.255201 -0.007574 0.117194  -0.061900 0.023900 0.256596
9  9.514227 -0.009357 -0.000001  0.009117 -0.105397 0.104605
10  11.752195 -0.001493 -0.000001  -0.025347 0.102407 0.222105
11  -2.396965 0.347953 2.427068  -0.076902 -1.170628 2.988863
12  4.640938 -0.000001 0.000000  -0.892667 0.465032 -1.516567
13  10.828051 0.000005 0.000005  0.603072 0.175635 -0.266736
14  9.393332 0.000001 0.000004  -2.011189 -0.332080 0.205174
15  1.442252 0.107452 -1.746177  1.545041 0.350655 0.094987
16  1.063450 -0.000010 -0.000002  0.000000 0.000000 0.199056
17  1.376304 -0.000003 0.000002  -0.000000 0.000000 0.199049
18  4.172845 -0.251369 -1.312741  0.008014 -0.043889 0.147537
19  1.215376 0.000001 -0.000001  0.000000 -0.000000 0.645758
20  1.215369 -0.000002 0.000001  0.000000 0.000000 0.881369
21  4.220536 -0.244856 -0.431461  0.001333 0.026242 0.148339
22  1.350417 0.000001 0.000002  -0.000000 -0.000000 0.733035
23  1.350408 0.000001 -0.000002  0.000000 0.000000 1.256600
24  -1.861790 0.480785 -2.841135  0.431633 1.264487 -2.966211
25  4.640938 -0.000006 -0.000007  -0.432087 -0.947780 -0.010205
26  10.828047 0.000005 0.000011  -0.469566 0.073591 -1.873640
27  9.393343 -0.000008 0.000002  1.852837 0.016851 0.327157
28  1.442240 0.107455 1.746180  -1.937605 -0.475472 0.678379
29  1.063451 0.000002 -0.000008  -0.000000 -0.000000 0.366516
30  1.376307 -0.000002 0.000003  0.000000 0.000000 0.811565
31  4.172848 -0.251363 1.312742  0.001190 -0.096055 0.052246
32  1.215373 0.000002 0.000005  -0.000000 -0.000000 0.130882
33  1.215374 0.000003 -0.000005  0.000000 -0.000000 1.151880
34  4.220535 -0.244851 0.431462  0.001184 -0.026242 0.052329
35  1.350415 -0.000001 -0.000002  0.000000 -0.000000 0.977377
36  1.350412 -0.000003 -0.000001  0.000000 0.000000 1.518434
37  4.262825 -0.232720 -1.392188  0.001188 0.078478 0.052453
38  2.110540 -0.000004 0.000000  0.153425 0.132272 -0.272705
39  0.891924 2.373050 -0.014527  -3.141592 -0.000001 1.413797
40  7.228117 5.709443 3.726568  3.140796 -1.570796 0.000000
41  2.450427 5.076128 0.001325  2.792880 -1.570796 0.000000
42  6.312405 -4.528059 0.001311  3.140791 -1.570796 0.000000
43  2.233298 1.152536 -7.309137  -0.794996 -1.624094 -1.463392
44  -5.952957 -2.602895 0.029162  0.000000 -0.000000 0.000000
time 31
0  0.958024 4.194886 36.052593  0.000000 -0.000000 -1.707563
1  -3.245867 0.312510 0.000000  -0.000030 -1.519403 -1.570772
2  -0.000010 0.000008 4.427394  -0.181097 3.109466 -0.200592
3  18.465942 0.000000 -0.000000  -0.000000 -0.000000 -0.843504
4  14.875445 0.000000 -0.000001  0.012672 0.022567 0.625463
5  0.000001 -0.000004 -4.427393  0.066146 3.033731 -0.608183
6  18.465939 0.000004 -0.000000  -0.000000 -0.000000 -0.845126
7  14.875442 0.000001 -0.000000  -0.008452 -0.000632 0.236441
8  2.255206 -0.007574 0.113289  -0.050213 0.015907 0.244585
9  9.514229 -0.009359 0.000000  0.008366 -0.099201 0.098695
10  11.752200 -0.001493 -0.000000  -0.004710 0.095804 0.246013
11  -2.373521 0.449525 2.438787  -0.062610 -1.180322 2.953441
12  4.640939 -0.000003 -0.000000  -0.840727 0.498497 -1.460087
13  10.828047 0.000005 0.000004  0.567473 0.168598 -0.289445
14  9.393334 -0.000004 0.000002  -1.984965 -0.318059 0.196770
15  1.442249 0.107457 -1.746184  1.555144 0.368371 0.113438
16  1.063450 -0.000006 -0.000003  0.000000 0.000000 0.199056
17  1.376305 -0.000000 0.000001  -0.000000 0.000000 0.199049
18  4.172844 -0.251363 -1.312746  0.008014 -0.031581 0.147657
19  1.215376 0.000002 0.000000  -0.000000 -0.000000 0.645758
20  1.215371 -0.000001 -0.000001  0.000000 0.000000 0.860585
21  4.220536 -0.244853 -0.431466  0.001333 0.026242 0.148339
22  1.350417 -0.000001 -0.000004  0.000000 0.000000 0.744552
23  1.350411 0.000003 0.000003  0.000000 0.000000 1.222009
24  -1.869598 0.472977 -2.837230  0.511519 1.257466 -2.913480
25  4.640939 -0.000005 -0.000003  -0.388475 -0.960100 -0.036593
26  10.828042 0.000006 0.000008  -0.438650 0.048549 -1.825438
27  9.393343 -0.000010 -0.000001  1.807787 0.002344 0.320639
28  1.442243 0.107454 1.746177  -1.937605 -0.475472 0.678379
29  1.063450 0.000000 -0.000003  -0.000000 -0.000000 0.366516
30  1.376307 -0.000000 -0.000001  -0.000000 0.000000 0.811565
31  4.172848 -0.251365 1.312739  0.001190 -0.096055 0.052246
32  1.215370 0.000000 0.000006  -0.000000 0.000000 0.130882
33  1.215374 -0.000000 -0.000004  0.000000 0.000000 1.151880
34  4.220536 -0.244853 0.431457  0.001184 -0.026242 0.052329
35  1.350412 -0.000001 -0.000000  -0.000000 -0.000000 0.977377
36  1.350410 -0.000002 -0.000003  0.000000 -0.000000 1.518434
37  4.262828 -0.232719 -1.392190  0.001188 0.078478 0.052453
38  2.110543 0.000002 -0.000000  0.126689 0.122801 -0.284147
39  0.891920 2.373052 -0.014527  -3.141592 -0.000001 1.413797
40  7.228116 5.709447 3.726568  3.140796 -1.570796 0.000000
41  2.450430 5.076125 0.001326  2.811486 -1.570796 0.000000
42  6.312405 -4.528059 0.001312  3.140791 -1.570796 0.000000
43  2.233305 1.152536 -7.309137  -0.748689 -1.619172 -1.491922
44  -5.952957 -2.602895 0.029162  0.000000 -0.000000 0.000000
time 32
0  0.985369 4.274915 36.115620  0.000000 -0.000000 -1.707372
1  -3.046642 0.214850 0.000008  -0.000030 -1.520567 -1.570772
2  -0.000018 0.000008 4.427393  -0.179564 3.112212 -0.192109
3  18.465942 0.000000 -0.000000  -0.000000 -0.000000 -0.832099
4  14.875443 0.000001 -0.000001  0.012566 0.019289 0.621987
5  -0.000005 -0.000003 -4.427393  0.068255 3.037175 -0.600976
6  18.465937 0.000000 0.000001  -0.000000 0.000000 -0.839218
7  14.875443 -0.000000 0.000000  -0.007715 -0.002633 0.237755
8  2.255200 -0.007574 0.113288  -0.034560 0.005380 0.228604
9  9.514232 -0.009359 -0.000000  0.007316 -0.091016 0.091118
10  11.752201 -0.001492 -0.000000  0.022879 0.086204 0.277889
11  -2.334457 0.586245 2.446599  -0.034790 -1.191226 2.897340
12  4.640940 0.000001 0.000004  -0.810651 0.535395 -1.420863
13  10.828051 0.000008 0.000005  0.528113 0.160692 -0.314553
14  9.393334 -0.000003 -0.000002  -1.959117 -0.303481 0.188137
15  1.442250 0.107457 -1.746178  1.567260 0.388501 0.135009
16  1.063451 -0.000001 -0.000002  0.000000 -0.000000 0.199056
17  1.376304 -0.000003 0.000002  0.000000 0.000000 0.199049
18  4.172845 -0.251365 -1.312741  0.008014 -0.017439 0.147737
19  1.215374 -0.000003 -0.000006  -0.000000 0.000000 0.645758
20  1.215369 -0.000002 -0.000004  -0.000000 -0.000000 0.836738
21  4.220536 -0.244854 -0.431463  0.001333 0.026242 0.148339
22  1.350417 -0.000001 -0.000001  0.000000 -0.000000 0.757825
23  1.350409 0.000002 -0.000000  0.000000 0.000000 1.182231
24  -1.881318 0.465162 -2.829417  0.620472 1.244242 -2.841262
25  4.640941 -0.000007 -0.000005  -0.343105 -0.972539 -0.064174
26  10.828050 0.000004 0.000009  -0.406568 0.022563 -1.775419
27  9.393343 -0.000004 -0.000005  1.761241 -0.012741 0.313911
28  1.442242 0.107451 1.746182  -1.937605 -0.475472 0.678379
29  1.063450 0.000005 -0.000003  -0.000000 -0.000000 0.366516
30  1.376304 -0.000000 -0.000000  0.000000 0.000000 0.811565
31  4.172848 -0.251368 1.312742  0.001190 -0.096055 0.052246
32  1.215371 -0.000001 0.000003  0.000000 -0.000000 0.130882
33  1.215374 0.000000 -0.000002  -0.000000 -0.000000 1.151880
34  4.220535 -0.244856 0.431467  0.001184 -0.026242 0.052329
35  1.350416 -0.000002 -0.000001  -0.000000 0.000000 0.977377
36  1.350408 -0.000002 -0.000002  -0.000000 -0.000000 1.518434
37  4.262827 -0.232722 -1.392185  0.001188 0.078478 0.052453
38  2.110543 -0.000001 -0.000000  0.091057 0.110473 -0.299074
39  0.891921 2.373049 -0.014527  -3.141592 -0.000001 1.413797
40  7.228127 5.709442 3.726568  3.140796 -1.570796 0.000000
41  2.450430 5.076126 0.001325  2.834833 -1.570796 0.000000
42  6.312402 -4.528058 0.001311  3.140791 -1.570796 0.000000
43  2.233296 1.152535 -7.309138  -0.681482 -1.613639 -1.537399
44  -5.952957 -2.602895 0.029162  0.000000 -0.000000 0.000000
time 33
0  1.012714 4.354943 36.178646  0.000000 -0.000000 -1.707180
1  -2.804446 0.105472 0.000011  -0.000030 -1.521918 -1.570772
2  -0.000013 0.000008 4.427393  -0.177743 3.115526 -0.181815
3  18.465948 -0.000000 -0.000001  -0.000000 -0.000000 -0.819233
4  14.875445 0.000001 -0.000000  0.012246 0.015394 0.618945
5  -0.000001 -0.000004 -4.427393  0.070746 3.041097 -0.592741
6  18.465939 0.000003 -0.000000  -0.000000 0.000000 -0.834164
7  14.875444 0.000001 -0.000000  -0.006978 -0.004967 0.240869
8  2.255204 -0.007574 0.109381  -0.015700 -0.006855 0.209413
9  9.514222 -0.009358 -0.000000  0.005965 -0.081285 0.082199
10  11.752196 -0.001490 -0.000000  0.055333 0.073632 0.315525
11  -2.279766 0.742504 2.454411  0.008084 -1.201601 2.820847
12  4.640940 0.000000 0.000001  -0.785528 0.569587 -1.386176
13  10.828051 0.000006 0.000005  0.485827 0.152048 -0.341527
14  9.393330 -0.000006 0.000003  -1.933720 -0.288416 0.179320
15  1.442248 0.107454 -1.746178  1.580359 0.408988 0.157729
16  1.063451 -0.000004 -0.000001  0.000000 0.000000 0.199056
17  1.376303 -0.000004 -0.000002  -0.000000 0.000000 0.199049
18  4.172843 -0.251366 -1.312739  0.008002 -0.002866 0.147858
19  1.215377 -0.000001 -0.000006  0.000000 0.000000 0.645758
20  1.215374 -0.000002 -0.000004  -0.000000 -0.000000 0.812156
21  4.220536 -0.244854 -0.431459  0.001333 0.026242 0.148339
22  1.350416 -0.000002 -0.000003  0.000000 -0.000000 0.771465
23  1.350409 0.000004 0.000001  0.000000 -0.000000 1.141228
24  -1.893033 0.453442 -2.825511  -2.399024 1.917384 0.378530
25  4.640940 -0.000007 -0.000005  -0.296068 -0.985009 -0.092960
26  10.828050 0.000006 0.000012  -0.373478 -0.004240 -1.723827
27  9.393345 -0.000006 0.000001  1.713442 -0.028332 0.307004
28  1.442238 0.107452 1.746182  -1.937605 -0.475472 0.678379
29  1.063452 0.000001 -0.000003  -0.000000 -0.000000 0.366516
30  1.376306 0.000004 0.000002  0.000000 0.000000 0.811565
31  4.172844 -0.251366 1.312745  0.001190 -0.096055 0.052246
32  1.215370 0.000000 0.000001  -0.000000 -0.000000 0.130882
33  1.215374 0.000002 0.000002  -0.000000 -0.000000 1.151880
34  4.220535 -0.244853 0.431463  0.001184 -0.026242 0.052329
35  1.350413 -0.000004 0.000005  0.000000 -0.000000 0.977377
36  1.350411 -0.000002 -0.000004  -0.000000 0.000000 1.518434
37  4.262822 -0.232724 -1.392181  0.001188 0.078478 0.052453
38  2.110541 0.000001 -0.000000  0.048794 0.096130 -0.315884
39  0.891922 2.373050 -0.014528  -3.141592 -0.000001 1.413797
40  7.228122 5.709446 3.726568  3.140796 -1.570796 0.000000
41  2.450421 5.076128 0.001325  2.861953 -1.570796 0.000000
42  6.312399 -4.528059 0.001311  3.140791 -1.570796 0.000000
43  2.233303 1.152536 -7.309137  -0.586431 -1.607786 -1.607736
44  -5.952957 -2.602895 0.029162  0.000000 -0.000000 0.000000
time 34
0  1.040058 4.434972 36.257431  0.000000 -0.000000 -1.706988
1  -2.531000 -0.007813 0.000008  -0.000030 -1.523427 -1.570772
2  -0.000011 0.000008 4.427394  -0.175635 3.118934 -0.170092
3  18.465946 -0.000001 -0.000000  -0.000000 -0.000000 -0.805123
4  14.875444 0.000000 -0.000001  0.011713 0.011137 0.616061
5  -0.000001 -0.000004 -4.427393  0.073430 3.045307 -0.583850
6  18.465939 0.000002 0.000002  0.000000 0.000000 -0.829504
7  14.875442 -0.000000 -0.000000  -0.006241 -0.007423 0.245258
8  2.255208 -0.007573 0.105475  0.005523 -0.020092 0.187708
9  9.514219 -0.009359 -0.000000  0.004390 -0.070453 0.072219
10  11.752195 -0.001492 -0.000000  0.090556 0.058244 0.356948
11  -2.213356 0.918280 2.454412  0.066965 -1.209508 2.724632
12  4.640937 -0.000002 -0.000005  -0.764885 0.601654 -1.355296
13  10.828054 0.000003 0.000004  0.441451 0.142790 -0.369835
14  9.393332 -0.000002 -0.000000  -1.908845 -0.272938 0.170361
15  1.442246 0.107454 -1.746181  1.593171 0.427886 0.179444
16  1.063450 -0.000006 -0.000001  -0.000000 -0.000000 0.199056
17  1.376305 -0.000002 0.000000  -0.000000 0.000000 0.199049
18  4.172843 -0.251364 -1.312739  0.008002 0.010761 0.147978
19  1.215372 0.000000 -0.000003  0.000000 0.000000 0.645758
20  1.215372 -0.000003 -0.000004  0.000000 -0.000000 0.789125
21  4.220531 -0.244853 -0.431462  0.001333 0.026242 0.148339
22  1.350420 -0.000000 -0.000002  -0.000000 0.000000 0.784248
23  1.350407 0.000001 0.000003  0.000000 0.000000 1.102920
24  -1.912567 0.441718 -2.813792  -2.277574 1.943620 0.451517
25  4.640940 -0.000009 -0.000006  -0.247464 -0.997420 -0.122951
26  10.828049 0.000005 0.000010  -0.339533 -0.031735 -1.670902
27  9.393344 -0.000005 0.000001  1.664633 -0.044356 0.299948
28  1.442238 0.107454 1.746179  -1.937605 -0.475472 0.678379
29  1.063449 0.000004 -0.000004  0.000000 -0.000000 0.366516
30  1.376307 0.000004 0.000003  0.000000 0.000000 0.811565
31  4.172843 -0.251363 1.312742  0.001190 -0.096055 0.052246
32  1.215370 0.000001 -0.000003  0.000000 -0.000000 0.130882
33  1.215374 0.000001 -0.000004  -0.000000 0.000000 1.151880
34  4.220532 -0.244851 0.431462  0.001184 -0.026242 0.052329
35  1.350414 -0.000002 0.000003  -0.000000 0.000000 0.977377
36  1.350410 -0.000002 0.000002  -0.000000 -0.000000 1.518434
37  4.262823 -0.232721 -1.392185  0.001188 0.078478 0.052453
38  2.110547 -0.000005 -0.000000  0.001954 0.080765 -0.332976
39  0.891928 2.373048 -0.014526  -3.141592 -0.000001 1.413797
40  7.228117 5.709445 3.726568  3.140796 -1.570796 0.000000
41  2.450425 5.076126 0.001326  2.891706 -1.570796 0.000000
42  6.312397 -4.528059 0.001311  3.140791 -1.570796 0.000000
43  2.233302 1.152536 -7.309137  -0.452209 -1.602019 -1.715348
44  -5.952957 -2.602895 0.029162  0.000000 -0.000000 0.000000
time 35
0  1.063496 4.515000 36.320457  0.000000 -0.000000 -1.706796
1  -2.234117 -0.125004 0.000000  -0.000030 -1.525051 -1.570772
2  -0.000012 0.000008 4.427394  -0.173432 3.122438 -0.157129
3  18.465944 -0.000000 -0.000001  -0.000000 -0.000000 -0.789770
4  14.875444 0.000001 -0.000000  0.011037 0.006795 0.613098
5  0.000001 -0.000004 -4.427393  0.076114 3.049611 -0.574211
6  18.465937 -0.000001 0.000001  -0.000000 0.000000 -0.824975
7  14.875443 0.000000 -0.000001  -0.005644 -0.009848 0.250323
8  2.255209 -0.007574 0.101569  0.028392 -0.033584 0.164249
9  9.514224 -0.009358 -0.000000  0.002551 -0.058934 0.061525
10  11.752194 -0.001493 -0.000001  0.126593 0.040435 0.400186
11  -2.139142 1.097985 2.446600  0.132610 -1.214595 2.619036
12  4.640937 -0.000001 0.000001  -0.748024 0.632161 -1.327413
13  10.828048 0.000007 0.000005  0.395821 0.133047 -0.398942
14  9.393326 -0.000004 -0.000001  -1.884560 -0.257119 0.161298
15  1.442248 0.107456 -1.746186  1.606342 0.446243 0.201261
16  1.063450 -0.000007 0.000000  0.000000 0.000000 0.199056
17  1.376303 -0.000006 0.000003  0.000000 0.000000 0.199049
18  4.172845 -0.251365 -1.312744  0.008014 0.024183 0.148098
19  1.215376 0.000000 -0.000002  -0.000000 -0.000000 0.645758
20  1.215371 0.000001 -0.000003  -0.000000 -0.000000 0.766503
21  4.220534 -0.244855 -0.431468  0.001333 0.026242 0.148339
22  1.350419 -0.000000 -0.000001  -0.000000 -0.000000 0.796827
23  1.350406 0.000004 -0.000001  -0.000000 -0.000000 1.065143
24  -1.928191 0.430005 -2.805979  -2.166214 1.974305 0.512197
25  4.640941 -0.000009 0.000001  -0.197404 -1.009687 -0.154133
26  10.828048 0.000006 0.000012  -0.304889 -0.059796 -1.616889
27  9.393342 -0.000006 -0.000001  1.615052 -0.060739 0.292772
28  1.442240 0.107455 1.746183  -1.937605 -0.475472 0.678379
29  1.063449 0.000002 -0.000004  -0.000000 -0.000000 0.366516
30  1.376303 0.000002 0.000004  0.000000 0.000000 0.811565
31  4.172846 -0.251365 1.312741  0.001190 -0.096055 0.052246
32  1.215372 0.000001 -0.000002  -0.000000 -0.000000 0.130882
33  1.215376 0.000000 -0.000004  -0.000000 0.000000 1.151880
34  4.220535 -0.244852 0.431463  0.001184 -0.026242 0.052329
35  1.350415 0.000001 0.000002  -0.000000 0.000000 0.977377
36  1.350414 -0.000001 0.000005  -0.000000 -0.000000 1.518434
37  4.262824 -0.232722 -1.392185  0.001188 0.078478 0.052453
38  2.110542 0.000002 -0.000000  -0.047303 0.065310 -0.349362
39  0.891925 2.373051 -0.014527  -3.141592 -0.000001 1.413797
40  7.228116 5.709445 3.726568  3.140796 -1.570796 0.000000
41  2.450424 5.076127 0.001325  2.923127 -1.570796 0.000000
42  6.312398 -4.528057 0.001311  3.140791 -1.570796 0.000000
43  2.233308 1.152536 -7.309138  -0.262382 -1.596835 -1.877533
44  -5.952957 -2.602895 0.029162  0.000000 -0.000000 0.000000
time 36
0  1.094747 4.595029 36.399242  0.000000 -0.000000 -1.706605
1  -1.929420 -0.238289 0.000004  -0.000030 -1.526776 -1.570772
2  -0.000010 0.000008 4.427394  -0.171228 3.125752 -0.143404
3  18.465946 -0.000000 0.000001  -0.000000 0.000000 -0.773321
4  14.875443 0.000001 -0.000001  0.010184 0.002666 0.609859
5  0.000003 -0.000004 -4.427393  0.078893 3.053820 -0.564197
6  18.465939 0.000003 -0.000000  0.000000 0.000000 -0.820052
7  14.875444 -0.000000 -0.000000  -0.005118 -0.012031 0.255538
8  2.255209 -0.007574 0.097662  0.052062 -0.046683 0.139830
9  9.514229 -0.009356 -0.000000  0.000600 -0.047188 0.050419
10  11.752199 -0.001494 -0.000001  0.161672 0.020876 0.443345
11  -2.053195 1.273767 2.434881  0.195016 -1.217617 2.516120
12  4.640936 -0.000001 -0.000004  -0.734049 0.661652 -1.301625
13  10.828048 0.000005 0.000004  0.349774 0.122946 -0.428316
14  9.393330 -0.000009 -0.000002  -1.860927 -0.241031 0.152168
15  1.442245 0.107455 -1.746185  1.621035 0.465560 0.225070
16  1.063451 -0.000004 -0.000004  -0.000000 0.000000 0.199056
17  1.376307 0.000003 0.000000  -0.000000 -0.000000 0.199049
18  4.172842 -0.251364 -1.312745  0.008014 0.038517 0.148218
19  1.215375 -0.000000 -0.000002  -0.000000 0.000000 0.645758
20  1.215368 -0.000001 -0.000004  0.000000 -0.000000 0.742289
21  4.220531 -0.244853 -0.431467  0.001333 0.026242 0.148339
22  1.350416 -0.000001 -0.000000  0.000000 -0.000000 0.810263
23  1.350407 0.000001 -0.000001  -0.000000 0.000000 1.024835
24  -1.943817 0.426099 -2.794260  -2.069573 2.006806 0.558092
25  4.640939 -0.000008 -0.000002  -0.146012 -1.021728 -0.186476
26  10.828043 0.000003 0.000012  -0.269701 -0.088298 -1.562027
27  9.393342 -0.000010 -0.000000  1.564935 -0.077407 0.285504
28  1.442240 0.107455 1.746182  -1.937605 -0.475472 0.678379
29  1.063451 0.000001 -0.000004  -0.000000 -0.000000 0.366516
30  1.376307 0.000002 0.000000  0.000000 0.000000 0.811565
31  4.172845 -0.251363 1.312746  0.001190 -0.096055 0.052246
32  1.215371 -0.000000 0.000000  0.000000 -0.000000 0.130882
33  1.215376 0.000000 -0.000005  -0.000000 0.000000 1.151880
34  4.220535 -0.244851 0.431463  0.001184 -0.026242 0.052329
35  1.350415 -0.000003 -0.000000  -0.000000 -0.000000 0.977377
36  1.350415 -0.000001 -0.000000  0.000000 -0.000000 1.518434
37  4.262824 -0.232721 -1.392184  0.001188 0.078478 0.052453
38  2.110545 0.000001 0.000000  -0.096970 0.050666 -0.363959
39  0.891923 2.373050 -0.014528  -3.141592 -0.000001 1.413797
40  7.228123 5.709442 3.726568  3.140796 -1.570796 0.000000
41  2.450428 5.076128 0.001325  2.955074 -1.570796 0.000000
42  6.312404 -4.528057 0.001311  3.140791 -1.570796 0.000000
43  2.233301 1.152535 -7.309137  -0.001512 -1.592844 -2.110852
44  -5.952957 -2.602895 0.029162  0.000000 -0.000000 0.000000
time 37
0  1.122092 4.675057 36.462269  0.000000 -0.000000 -1.706413
1  -1.620817 -0.339854 0.000008  -0.000030 -1.528572 -1.570772
2  -0.000013 0.000007 4.427394  -0.169025 3.128687 -0.129488
3  18.465946 -0.000000 0.000000  -0.000000 -0.000000 -0.756141
4  14.875445 0.000002 -0.000001  0.009224 -0.001101 0.606185
5  -0.000005 -0.000004 -4.427392  0.081577 3.057838 -0.553996
6  18.465940 0.000002 0.000000  -0.000000 -0.000000 -0.814605
7  14.875444 0.000000 -0.000001  -0.004732 -0.013910 0.260340
8  2.255205 -0.007574 0.093756  0.075563 -0.058820 0.115345
9  9.514231 -0.009358 -0.000000  -0.001426 -0.035643 0.039227
10  11.752203 -0.001494 -0.000001  0.194186 0.000466 0.484611
11  -1.963349 1.441736 2.419254  0.251991 -1.218725 2.419043
12  4.640938 -0.000002 -0.000003  -0.721873 0.690642 -1.276932
13  10.828047 0.000006 0.000005  0.304144 0.112614 -0.457424
14  9.393330 -0.000006 -0.000001  -1.838001 -0.224751 0.143007
15  1.442251 0.107453 -1.746178  1.636507 0.484692 0.249637
16  1.063451 -0.000006 0.000000  0.000000 0.000000 0.199056
17  1.376307 0.000003 0.000001  0.000000 -0.000000 0.199049
18  4.172843 -0.251369 -1.312743  0.008014 0.052970 0.148298
19  1.215374 -0.000000 -0.000013  0.000000 -0.000000 0.645758
20  1.215370 0.000001 -0.000003  0.000000 0.000000 0.717911
21  4.220535 -0.244859 -0.431463  0.001333 0.026242 0.148339
22  1.350417 0.000000 0.000003  -0.000000 -0.000000 0.823822
23  1.350404 0.000003 0.000001  0.000000 0.000000 0.984199
24  -1.963352 0.422189 -2.782541  -1.989409 2.037975 0.589884
25  4.640940 -0.000009 -0.000004  -0.093430 -1.033465 -0.219931
26  10.828047 0.000003 0.000011  -0.234126 -0.117114 -1.506561
27  9.393340 -0.000009 -0.000002  1.514511 -0.094283 0.278171
28  1.442240 0.107456 1.746182  -1.937605 -0.475472 0.678379
29  1.063450 0.000005 -0.000002  -0.000000 -0.000000 0.366516
30  1.376307 -0.000001 0.000003  -0.000000 0.000000 0.811565
31  4.172845 -0.251361 1.312743  0.001190 -0.096055 0.052246
32  1.215372 0.000001 0.000001  -0.000000 -0.000000 0.130882
33  1.215374 0.000002 -0.000003  0.000000 -0.000000 1.151880
34  4.220531 -0.244852 0.431464  0.001184 -0.026242 0.052329
35  1.350417 0.000000 0.000006  0.000000 -0.000000 0.977377
36  1.350411 -0.000002 0.000006  -0.000000 0.000000 1.518434
37  4.262824 -0.232720 -1.392186  0.001188 0.078478 0.052453
38  2.110542 -0.000004 0.000000  -0.145044 0.037557 -0.376249
39  0.891928 2.373050 -0.014527  -3.141592 -0.000001 1.413797
40  7.228123 5.709444 3.726568  3.140796 -1.570796 0.000000
41  2.450424 5.076128 0.001325  2.986583 -1.570796 0.000000
42  6.312397 -4.528058 0.001311  3.140791 -1.570796 0.000000
43  2.233295 1.152535 -7.309137  0.320907 -1.590718 -2.406785
44  -5.952957 -2.602895 0.029162  0.000000 -0.000000 0.000000
time 38
0  1.149436 4.763978 36.541054  0.000000 -0.000000 -1.706125
1  -1.323933 -0.425794 0.000004  -0.000030 -1.530383 -1.570772
2  -0.000013 0.000008 4.427393  -0.167012 3.131244 -0.115762
3  18.465946 -0.000001 -0.000000  -0.000000 -0.000000 -0.738376
4  14.875443 0.000000 -0.000001  0.008228 -0.004273 0.601919
5  -0.000004 -0.000004 -4.427392  0.084068 3.061569 -0.543701
6  18.465944 0.000000 0.000001  0.000000 0.000000 -0.808172
7  14.875445 0.000000 -0.000001  -0.004451 -0.015365 0.264204
8  2.255207 -0.007574 0.089849  0.097967 -0.069504 0.091688
9  9.514227 -0.009358 -0.000000  -0.003489 -0.024730 0.028251
10  11.752201 -0.001493 -0.000001  0.222794 -0.019620 0.522483
11  -1.873513 1.590186 2.395816  0.302392 -1.218322 2.331062
12  4.640938 -0.000000 0.000002  -0.710225 0.719616 -1.252213
13  10.828050 0.000010 0.000005  0.259768 0.102178 -0.485731
14  9.393329 -0.000004 -0.000000  -1.815835 -0.208352 0.133849
15  1.442247 0.107456 -1.746178  1.651871 0.502581 0.273568
16  1.063448 -0.000007 -0.000001  0.000000 -0.000000 0.199056
17  1.376306 -0.000000 0.000001  -0.000000 0.000000 0.199049
18  4.172842 -0.251365 -1.312742  0.008026 0.066717 0.148419
19  1.215376 -0.000003 -0.000005  0.000000 0.000000 0.645758
20  1.215374 -0.000001 -0.000000  0.000000 0.000000 0.694717
21  4.220532 -0.244856 -0.431464  0.001333 0.026242 0.148339
22  1.350416 -0.000000 0.000002  0.000000 0.000000 0.836727
23  1.350410 0.000003 0.000002  -0.000000 -0.000000 0.945524
24  -1.975074 0.422192 -2.770821  -1.925629 2.064605 0.609883
25  4.640940 -0.000008 -0.000006  -0.039815 -1.044823 -0.254427
26  10.828032 0.000004 0.000009  -0.198317 -0.146118 -1.450731
27  9.393343 -0.000012 0.000001  1.464007 -0.111294 0.270799
28  1.442242 0.107457 1.746179  -1.937605 -0.475472 0.678379
29  1.063447 -0.000001 -0.000005  -0.000000 -0.000000 0.366516
30  1.376308 0.000006 0.000001  -0.000000 0.000000 0.811565
31  4.172846 -0.251364 1.312746  0.001190 -0.096055 0.052246
32  1.215370 0.000004 -0.000002  0.000000 -0.000000 0.130882
33  1.215375 0.000000 -0.000003  0.000000 -0.000000 1.151880
34  4.220535 -0.244851 0.431464  0.001184 -0.026242 0.052329
35  1.350413 -0.000002 0.000002  -0.000000 -0.000000 0.977377
36  1.350412 -0.000001 0.000007  0.000000 -0.000000 1.518434
37  4.262826 -0.232718 -1.392187  0.001188 0.078478 0.052453
38  2.110539 0.000000 -0.000000  -0.189570 0.026491 -0.385713
39  0.891920 2.373052 -0.014527  -3.141592 -0.000001 1.413797
40  7.228115 5.709445 3.726568  3.140796 -1.570796 0.000000
41  2.450425 5.076127 0.001325  3.016512 -1.570796 0.000000
42  6.312399 -4.528058 0.001311  3.140791 -1.570796 0.000000
43  2.233297 1.152535 -7.309137  -2.493761 -1.550933 0.432363
44  -5.952957 -2.602895 0.029162  0.000000 -0.000000 0.000000
time 39
0  1.180687 4.844006 36.619835  0.000000 -0.000000 -1.705933
1  -1.050486 -0.496109 0.000004  -0.000030 -1.532208 -1.570772
2  -0.000010 0.000008 4.427394  -0.165096 3.133137 -0.102799
3  18.465940 0.000000 0.000000  -0.000000 -0.000000 -0.720611
4  14.875443 -0.000000 -0.000001  0.007162 -0.006763 0.596902
5  -0.000001 -0.000003 -4.427393  0.086273 3.064822 -0.533781
6  18.465942 0.000000 0.000000  -0.000000 0.000000 -0.800558
7  14.875443 0.000000 -0.000001  -0.004311 -0.016365 0.266568
8  2.255209 -0.007573 0.085943  0.118304 -0.078341 0.069883
9  9.514225 -0.009358 -0.000000  -0.005478 -0.014865 0.017838
10  11.752203 -0.001493 -0.000001  0.246343 -0.038088 0.555464
11  -1.787567 1.715185 2.376286  0.345552 -1.216962 2.254569
12  4.640939 -0.000001 -0.000004  -0.697639 0.749020 -1.226207
13  10.828044 -0.000000 0.000001  0.217482 0.091765 -0.512706
14  9.393329 0.000001 -0.000002  -1.794474 -0.191910 0.124726
15  1.442247 0.107453 -1.746177  1.666109 0.518242 0.295345
16  1.063452 -0.000013 0.000000  0.000000 0.000000 0.199056
17  1.376307 -0.000001 0.000000  -0.000000 0.000000 0.199049
18  4.172843 -0.251367 -1.312741  0.008038 0.078965 0.148539
19  1.215374 0.000000 -0.000005  0.000000 0.000000 0.645758
20  1.215370 -0.000000 -0.000002  0.000000 -0.000000 0.674055
21  4.220533 -0.244855 -0.431460  0.001333 0.026242 0.148339
22  1.350418 0.000000 -0.000004  -0.000000 -0.000000 0.848203
23  1.350408 0.000004 0.000002  -0.000000 -0.000000 0.911055
24  -1.986792 0.426097 -2.759100  -1.877772 2.083458 0.620395
25  4.640940 -0.000009 0.000000  0.014653 -1.055734 -0.289873
26  10.828053 0.000004 0.000010  -0.162431 -0.175186 -1.394781
27  9.393344 -0.000012 0.000002  1.413648 -0.128362 0.263413
28  1.442241 0.107457 1.746181  -1.937605 -0.475472 0.678379
29  1.063448 -0.000001 -0.000003  -0.000000 0.000000 0.366516
30  1.376307 0.000000 0.000002  0.000000 0.000000 0.811565
31  4.172845 -0.251363 1.312748  0.001190 -0.096055 0.052246
32  1.215373 0.000001 -0.000000  0.000000 -0.000000 0.130882
33  1.215376 0.000000 -0.000005  -0.000000 0.000000 1.151880
34  4.220534 -0.244852 0.431465  0.001184 -0.026242 0.052329
35  1.350415 -0.000001 0.000001  -0.000000 -0.000000 0.977377
36  1.350412 -0.000002 0.000003  -0.000000 0.000000 1.518434
37  4.262825 -0.232718 -1.392188  0.001188 0.078478 0.052453
38  2.110538 -0.000001 0.000001  -0.228646 0.017741 -0.392117
39  0.891925 2.373052 -0.014527  -3.141592 -0.000001 1.413797
40  7.228118 5.709446 3.726569  3.140796 -1.570796 0.000000
41  2.450423 5.076127 0.001325  3.043895 -1.570796 0.000000
42  6.312398 -4.528057 0.001311  3.140791 -1.570796 0.000000
43  2.233305 1.152536 -7.309138  -2.226469 -1.549506 0.186598
44  -5.952957 -2.602895 0.029162  0.000000 -0.000000 0.000000
time 40
0  1.208032 4.932927 36.698620  0.000000 -0.000000 -1.705742
1  -0.812199 -0.546892 0.000011  -0.000030 -1.534005 -1.570772
2  -0.000001 0.000008 4.427393  -0.163467 3.134558 -0.091076
3  18.465942 -0.000000 -0.000001  -0.000000 -0.000000 -0.703357
4  14.875443 -0.000001 -0.000000  0.006202 -0.008444 0.591174
5  0.000003 -0.000003 -4.427393  0.088285 3.067500 -0.524423
6  18.465939 0.000002 0.000000  -0.000000 0.000000 -0.791566
7  14.875443 0.000000 -0.000001  -0.004241 -0.016911 0.266943
8  2.255214 -0.007574 0.078130  0.135561 -0.084999 0.050924
9  9.514229 -0.009358 -0.000000  -0.007203 -0.006478 0.008313
10  11.752200 -0.001492 -0.000000  0.263841 -0.053524 0.582094
11  -1.717247 1.808940 2.356753  0.381566 -1.215199 2.191288
12  4.640937 0.000000 -0.000002  -0.682418 0.779252 -1.197480
13  10.828045 0.000004 0.000002  0.178122 0.081504 -0.537814
14  9.393326 -0.000012 0.000002  -1.773960 -0.175500 0.115670
15  1.442244 0.107454 -1.746181  1.678046 0.530738 0.313345
16  1.063450 -0.000010 0.000001  -0.000000 0.000000 0.199056
17  1.376305 -0.000002 0.000001  0.000000 0.000000 0.199049
18  4.172843 -0.251365 -1.312741  0.008038 0.088912 0.148619
19  1.215375 0.000001 -0.000012  0.000000 -0.000000 0.645758
20  1.215371 -0.000001 -0.000003  -0.000000 0.000000 0.657273
21  4.220534 -0.244855 -0.431461  0.001333 0.026242 0.148339
22  1.350416 0.000000 0.000001  0.000000 0.000000 0.857514
23  1.350405 0.000003 0.000003  0.000000 -0.000000 0.883121
24  -1.998508 0.433913 -2.751291  -1.845929 2.091477 0.623728
25  4.640941 -0.000010 -0.000005  0.069773 -1.066136 -0.326147
26  10.828045 0.000004 0.000010  -0.126623 -0.204190 -1.338951
27  9.393343 -0.000012 0.000003  1.363650 -0.145410 0.256039
28  1.442244 0.107452 1.746181  -1.937605 -0.475472 0.678379
29  1.063449 -0.000002 -0.000003  -0.000000 0.000000 0.366516
30  1.376302 -0.000001 0.000006  0.000000 0.000000 0.811565
31  4.172849 -0.251369 1.312746  0.001190 -0.096055 0.052246
32  1.215371 0.000001 0.000001  -0.000000 -0.000000 0.130882
33  1.215372 0.000001 -0.000001  0.000000 0.000000 1.151880
34  4.220537 -0.244856 0.431465  0.001184 -0.026242 0.052329
35  1.350416 -0.000002 0.000002  0.000000 0.000000 0.977377
36  1.350412 -0.000003 0.000006  0.000000 0.000000 1.518434
37  4.262828 -0.232722 -1.392187  0.001188 0.078478 0.052453
38  2.110542 0.000001 -0.000000  -0.260421 0.011397 -0.395272
39  0.891927 2.373052 -0.014527  -3.141592 -0.000001 1.413797
40  7.228117 5.709445 3.726568  3.140796 -1.570796 0.000000
41  2.450430 5.076127 0.001325  3.067593 -1.570796 0.000000
42  6.312403 -4.528057 0.001311  3.140791 -1.570796 0.000000
43  2.233309 1.152536 -7.309137  -2.038653 -1.547554 0.016276
44  -5.952957 -2.602895 0.029162  0.000000 -0.000000 0.000000
time 41
0  1.235377 5.012957 36.777405  0.000000 -0.000000 -1.705550
1  -0.620786 -0.578143 0.000004  -0.000030 -1.535729 -1.570772
2  -0.000009 0.000008 4.427394  -0.162509 3.135599 -0.081354
3  18.465942 -0.000000 -0.000001  -0.000000 -0.000000 -0.687054
4  14.875443 -0.000000 -0.000001  0.005775 -0.009360 0.584656
5  0.000000 -0.000003 -4.427392  0.089915 3.069796 -0.515813
6  18.465940 0.000000 0.000001  -0.000000 0.000000 -0.780999
7  14.875443 0.000000 -0.000001  -0.004170 -0.016972 0.264842
8  2.255210 -0.007574 0.074224  0.148725 -0.089182 0.035803
9  9.514224 -0.009359 0.000000  -0.008629 -0.000000 -0.000000
10  11.752200 -0.001492 -0.000000  0.274375 -0.064466 0.601030
11  -1.666469 1.875345 2.345034  0.410816 -1.213587 2.142463
12  4.640936 -0.000000 0.000002  -0.662580 0.810644 -1.164363
13  10.828049 0.000002 0.000004  0.142523 0.071520 -0.560522
14  9.393327 -0.000013 0.000004  -1.754329 -0.159197 0.106711
15  1.442247 0.107452 -1.746177  1.686435 0.539209 0.325885
16  1.063450 -0.000006 -0.000005  0.000000 -0.000000 0.199056
17  1.376306 -0.000005 0.000001  0.000000 -0.000000 0.199049
18  4.172843 -0.251367 -1.312740  0.008050 0.095731 0.148659
19  1.215376 -0.000001 -0.000003  0.000000 -0.000000 0.645758
20  1.215371 -0.000001 0.000003  0.000000 -0.000000 0.645758
21  4.220534 -0.244857 -0.431461  0.001333 0.026242 0.148339
22  1.350417 -0.000001 0.000000  -0.000000 -0.000000 0.863926
23  1.350404 0.000000 0.000002  0.000000 0.000000 0.863926
24  -2.002414 0.445626 -2.747382  -1.831211 2.085757 0.620823
25  4.640942 -0.000008 -0.000004  0.125319 -1.075976 -0.363105
26  10.828045 0.000003 0.000010  -0.091047 -0.233006 -1.283484
27  9.393343 -0.000006 0.000003  1.314229 -0.162362 0.248703
28  1.442238 0.107455 1.746180  -1.937605 -0.475472 0.678379
29  1.063451 0.000007 -0.000003  -0.000000 -0.000000 0.366516
30  1.376303 -0.000002 0.000001  -0.000000 0.000000 0.811565
31  4.172848 -0.251363 1.312738  0.001190 -0.096055 0.052246
32  1.215373 0.000000 -0.000003  0.000000 -0.000000 0.130882
33  1.215372 0.000001 -0.000000  0.000000 -0.000000 1.151880
34  4.220534 -0.244851 0.431460  0.001184 -0.026242 0.052329
35  1.350416 -0.000001 0.000005  -0.000000 0.000000 0.977377
36  1.350413 -0.000002 0.000004  0.000000 0.000000 1.518434
37  4.262823 -0.232721 -1.392189  0.001188 0.078478 0.052453
38  2.110542 -0.000004 0.000000  -0.283147 0.007278 -0.394989
39  0.891924 2.373051 -0.014527  -3.141592 -0.000001 1.413797
40  7.228122 5.709445 3.726568  3.140796 -1.570796 0.000000
41  2.450428 5.076126 0.001325  3.086550 -1.570796 0.000000
42  6.312398 -4.528059 0.001312  3.140791 -1.570796 0.000000
43  2.233308 1.152536 -7.309137  -1.919197 -1.545894 -0.090666
44  -5.952957 -2.602895 0.029162  0.000000 -0.000000 0.000000
time 42
0  1.266628 5.101875 36.856186  0.000000 -0.000000 -1.705358
1  -0.472344 -0.593768 0.000004  -0.000030 -1.537454 -1.570772
2  -0.000011 0.000008 4.427394  -0.162605 3.136357 -0.073538
3  18.465944 -0.000000 -0.000001  -0.000000 -0.000000 -0.671994
4  14.875445 0.000000 -0.000000  0.006273 -0.009636 0.577466
5  -0.000004 -0.000003 -4.427393  0.091161 3.071709 -0.508139
6  18.465940 0.000000 0.000000  0.000000 0.000000 -0.768725
7  14.875442 0.000000 -0.000001  -0.003960 -0.016608 0.260265
8  2.255207 -0.007573 0.070318  0.157627 -0.090989 0.024586
9  9.514234 -0.009357 -0.000000  -0.009642 0.004583 -0.007209
10  11.752205 -0.001493 -0.000001  0.277947 -0.070398 0.612273
11  -1.635216 1.902691 2.341128  0.431015 -1.212958 2.110583
12  4.640936 0.000000 0.000000  -0.635770 0.843426 -1.124872
13  10.828052 0.000008 0.000003  0.111523 0.061941 -0.580297
14  9.393328 -0.000008 0.000002  -1.735613 -0.143076 0.097881
15  1.442244 0.107451 -1.746182  1.691492 0.544195 0.333397
16  1.063451 -0.000007 -0.000001  -0.000000 0.000000 0.199056
17  1.376304 -0.000005 0.000000  -0.000000 0.000000 0.199049
18  4.172843 -0.251368 -1.312741  0.008050 0.099770 0.148699
19  1.215373 -0.000003 -0.000009  0.000000 -0.000000 0.645758
20  1.215373 -0.000002 0.000001  -0.000000 -0.000000 0.638938
21  4.220533 -0.244857 -0.431459  0.001333 0.026242 0.148339
22  1.350413 -0.000002 0.000000  0.000000 -0.000000 0.867724
23  1.350408 0.000003 0.000002  -0.000000 -0.000000 0.852532
24  -2.006319 0.457348 -2.743476  -1.837690 2.061548 0.608516
25  4.640941 -0.000009 -0.000001  0.181042 -1.085209 -0.400576
26  10.828043 0.000002 0.000009  -0.055860 -0.261508 -1.228623
27  9.393344 -0.000009 -0.000002  1.265595 -0.179141 0.241430
28  1.442241 0.107456 1.746179  -1.938696 -0.474966 0.679976
29  1.063451 0.000005 -0.000003  -0.000000 -0.000000 0.367307
30  1.376303 -0.000000 0.000000  -0.000000 0.000000 0.814474
31  4.172846 -0.251364 1.312740  0.001226 -0.096055 0.051805
32  1.215373 0.000001 0.000002  -0.000000 0.000000 0.128448
33  1.215374 -0.000001 -0.000002  0.000000 0.000000 1.154314
34  4.220531 -0.244852 0.431463  0.001196 -0.026242 0.051889
35  1.350412 -0.000001 0.000003  -0.000000 0.000000 0.977881
36  1.350411 -0.000001 0.000007  0.000000 -0.000000 1.521535
37  4.262824 -0.232719 -1.392189  0.001116 0.078478 0.051538
38  2.110542 0.000001 0.000002  -0.296978 0.004962 -0.391222
39  0.891923 2.373052 -0.014527  -3.141592 -0.000001 1.413797
40  7.228123 5.709445 3.726568  3.140796 -1.570796 0.000000
41  2.450431 5.076127 0.001325  3.100857 -1.570796 0.000000
42  6.312404 -4.528059 0.001311  3.140791 -1.570796 0.000000
43  2.233300 1.152536 -7.309137  -1.855058 -1.545108 -0.147823
44  -5.952957 -2.602895 0.029162  0.000000 -0.000000 0.000000
time 43
0  1.293972 5.190796 36.934971  0.000000 -0.000000 -1.705166
1  -0.362965 -0.593768 0.000000  -0.000030 -1.539207 -1.570772
2  -0.000012 0.000008 4.427393  -0.162988 3.136735 -0.067342
3  18.465948 -0.000000 -0.000001  -0.000000 -0.000000 -0.657885
4  14.875443 0.000000 -0.000001  0.006984 -0.009338 0.569763
5  -0.000007 -0.000003 -4.427393  0.092215 3.073240 -0.500932
6  18.465939 0.000001 -0.000000  -0.000000 0.000000 -0.755204
7  14.875443 -0.000000 -0.000001  -0.003784 -0.015911 0.253812
8  2.255206 -0.007574 0.066411  0.163155 -0.090891 0.016446
9  9.514235 -0.009358 -0.000000  -0.010355 0.007701 -0.013703
10  11.752201 -0.001492 -0.000000  0.275873 -0.072136 0.617362
11  -1.623497 1.910505 2.345033  0.441209 -1.213940 2.095073
12  4.640937 0.000000 -0.000001  -0.599133 0.877671 -1.076589
13  10.828047 0.000003 0.000006  0.085956 0.052895 -0.596606
14  9.393325 -0.000011 -0.000001  -1.717837 -0.127212 0.089210
15  1.442247 0.107452 -1.746186  1.694453 0.547076 0.337789
16  1.063449 -0.000006 0.000001  -0.000000 -0.000000 0.199056
17  1.376304 -0.000000 0.000000  0.000000 -0.000000 0.199049
18  4.172844 -0.251366 -1.312745  0.008050 0.102119 0.148699
19  1.215376 -0.000001 -0.000010  -0.000000 0.000000 0.645758
20  1.215371 -0.000001 -0.000005  -0.000000 0.000000 0.634937
21  4.220538 -0.244855 -0.431462  0.001333 0.026242 0.148339
22  1.350415 -0.000003 0.000000  -0.000000 -0.000000 0.869930
23  1.350407 0.000005 -0.000003  -0.000000 -0.000000 0.845916
24  -2.002414 0.472973 -2.739571  -1.868145 2.018910 0.582107
25  4.640939 -0.000008 -0.000000  0.236667 -1.093798 -0.438359
26  10.828045 0.000003 0.000010  -0.021216 -0.289569 -1.174609
27  9.393340 -0.000012 0.000000  1.217954 -0.195669 0.234247
28  1.442238 0.107452 1.746183  -1.941514 -0.473730 0.683992
29  1.063451 0.000008 -0.000000  -0.000000 -0.000000 0.369333
30  1.376307 -0.000003 0.000002  -0.000000 0.000000 0.821878
31  4.172843 -0.251366 1.312744  0.001334 -0.096055 0.050643
32  1.215372 0.000003 -0.000005  -0.000000 0.000000 0.122195
33  1.215370 -0.000002 0.000001  -0.000000 0.000000 1.160441
34  4.220532 -0.244853 0.431463  0.001220 -0.026242 0.050728
35  1.350412 0.000002 0.000002  0.000000 0.000000 0.979266
36  1.350411 -0.000003 0.000003  0.000000 -0.000000 1.529455
37  4.262823 -0.232720 -1.392186  0.000924 0.078478 0.049070
38  2.110541 -0.000000 -0.000001  -0.303919 0.003820 -0.384489
39  0.891925 2.373052 -0.014527  -3.141592 -0.000001 1.413797
40  7.228123 5.709445 3.726568  3.140796 -1.570796 0.000000
41  2.450435 5.076127 0.001325  3.111477 -1.570796 0.000000
42  6.312403 -4.528058 0.001311  3.140791 -1.570796 0.000000
43  2.233296 1.152535 -7.309137  -1.831953 -1.545312 -0.168696
44  -5.952957 -2.602895 0.029162  0.000000 -0.000000 0.000000
time 44
0  1.321317 5.270824 37.013756  0.000000 -0.000000 -1.704975
1  -0.277026 -0.585955 0.000000  -0.000030 -1.541004 -1.570772
2  -0.000010 0.000008 4.427394  -0.163467 3.137019 -0.062291
3  18.465942 0.000000 -0.000000  -0.000000 -0.000000 -0.644579
4  14.875443 0.000002 -0.000000  0.007766 -0.008572 0.561704
5  -0.000002 -0.000004 -4.427393  0.093173 3.074579 -0.494101
6  18.465937 0.000001 -0.000000  -0.000000 0.000000 -0.740435
7  14.875441 -0.000000 0.000000  -0.003679 -0.015001 0.245708
8  2.255208 -0.007574 0.062505  0.165897 -0.089261 0.010822
9  9.514227 -0.009358 -0.000000  -0.010805 0.009583 -0.019613
10  11.752204 -0.001492 -0.000001  0.269126 -0.070351 0.617323
11  -1.631309 1.890972 2.352845  0.443686 -1.216483 2.092584
12  4.640940 0.000001 -0.000001  -0.549143 0.913202 -1.016505
13  10.828049 0.000005 0.000005  0.066659 0.044508 -0.608916
14  9.393326 -0.000013 0.000002  -1.701026 -0.111679 0.080730
15  1.442245 0.107452 -1.746187  1.695651 0.548233 0.339554
16  1.063449 -0.000003 0.000000  -0.000000 -0.000000 0.199056
17  1.376305 0.000002 0.000003  -0.000000 -0.000000 0.199049
18  4.172842 -0.251367 -1.312746  0.008050 0.103066 0.148739
19  1.215374 0.000000 -0.000012  0.000000 0.000000 0.645758
20  1.215370 0.000000 -0.000000  0.000000 -0.000000 0.633344
21  4.220534 -0.244857 -0.431467  0.001333 0.026242 0.148339
22  1.350413 0.000000 -0.000003  -0.000000 -0.000000 0.870787
23  1.350405 0.000004 0.000000  0.000000 -0.000000 0.843261
24  -1.998507 0.492505 -2.743478  -1.926278 1.962867 0.535956
25  4.640941 -0.000008 -0.000004  0.291899 -1.101717 -0.476231
26  10.828042 0.000002 0.000010  0.012729 -0.317064 -1.121685
27  9.393342 -0.000012 0.000002  1.171510 -0.211869 0.227181
28  1.442238 0.107455 1.746181  -1.945242 -0.472101 0.689451
29  1.063449 0.000002 -0.000002  -0.000000 -0.000000 0.372065
30  1.376304 0.000003 0.000001  -0.000000 -0.000000 0.831883
31  4.172843 -0.251365 1.312747  0.001490 -0.096055 0.049080
32  1.215375 0.000003 -0.000003  0.000000 -0.000000 0.113801
33  1.215373 -0.000002 -0.000004  0.000000 -0.000000 1.168667
34  4.220534 -0.244852 0.431464  0.001268 -0.026242 0.049166
35  1.350416 0.000001 -0.000004  0.000000 0.000000 0.981112
36  1.350410 -0.000001 0.000006  0.000000 -0.000000 1.540094
37  4.262824 -0.232720 -1.392186  0.000673 0.078478 0.045806
38  2.110542 -0.000001 -0.000001  -0.305050 0.003429 -0.375260
39  0.891928 2.373050 -0.014527  -3.141592 -0.000001 1.413797
40  7.228124 5.709446 3.726568  3.140796 -1.570796 0.000000
41  2.450427 5.076127 0.001325  3.119112 -1.570796 0.000000
42  6.312398 -4.528058 0.001311  3.140791 -1.570796 0.000000
43  2.233303 1.152536 -7.309138  -1.840294 -1.546419 -0.162185
44  -5.952957 -2.602895 0.029162  0.000000 -0.000000 0.000000
time 45
0  1.352568 5.359746 37.092541  0.000000 -0.000000 -1.704783
1  -0.222337 -0.566424 0.000008  -0.000030 -1.542814 -1.570772
2  -0.000009 0.000008 4.427393  -0.164042 3.137019 -0.058192
3  18.465944 -0.000000 -0.000000  -0.000000 -0.000000 -0.631858
4  14.875443 0.000001 -0.000001  0.008584 -0.007423 0.553330
5  -0.000004 -0.000003 -4.427393  0.094036 3.075823 -0.487643
6  18.465940 -0.000001 0.000001  -0.000000 -0.000000 -0.724617
7  14.875443 0.000000 0.000000  -0.003574 -0.013940 0.236254
8  2.255209 -0.007574 0.058599  0.166319 -0.086432 0.007248
9  9.514229 -0.009358 -0.000000  -0.011030 0.010497 -0.025047
10  11.752207 -0.001493 -0.000001  0.258615 -0.065760 0.613102
11  -1.646936 1.859721 2.368471  0.440066 -1.220386 2.100530
12  4.640937 -0.000000 -0.000005  -0.481408 0.949439 -0.940836
13  10.828053 0.000004 -0.000000  0.054468 0.036908 -0.616693
14  9.393327 -0.000016 -0.000002  -1.685197 -0.096550 0.072471
15  1.442249 0.107455 -1.746180  1.695471 0.548049 0.339267
16  1.063450 -0.000002 -0.000002  -0.000000 0.000000 0.199056
17  1.376306 0.000006 0.000000  0.000000 -0.000000 0.199049
18  4.172845 -0.251365 -1.312742  0.008050 0.102922 0.148739
19  1.215374 0.000001 -0.000006  -0.000000 -0.000000 0.645758
20  1.215374 -0.000001 -0.000001  0.000000 0.000000 0.633589
21  4.220532 -0.244855 -0.431463  0.001333 0.026242 0.148339
22  1.350416 -0.000002 -0.000007  0.000000 -0.000000 0.870665
23  1.350409 0.000003 0.000004  -0.000000 -0.000000 0.843670
24  -1.990694 0.508128 -2.743476  -2.022457 1.899046 0.457671
25  4.640940 -0.000008 0.000003  0.346420 -1.108951 -0.513945
26  10.828038 0.000002 0.000011  0.045819 -0.343867 -1.070092
27  9.393340 -0.000009 0.000000  1.126459 -0.227665 0.220261
28  1.442240 0.107454 1.746178  -1.949242 -0.470247 0.695218
29  1.063451 0.000008 -0.000003  -0.000000 -0.000000 0.374977
30  1.376305 -0.000003 -0.000000  -0.000000 -0.000000 0.842505
31  4.172843 -0.251365 1.312740  0.001645 -0.096055 0.047397
32  1.215367 -0.000001 0.000001  0.000000 -0.000000 0.104862
33  1.215373 -0.000001 -0.000004  0.000000 0.000000 1.177481
34  4.220530 -0.244854 0.431461  0.001304 -0.026242 0.047484
35  1.350415 -0.000001 -0.000000  -0.000000 -0.000000 0.983085
36  1.350410 -0.000001 -0.000004  -0.000000 -0.000000 1.551496
37  4.262822 -0.232720 -1.392189  0.000397 0.078478 0.042304
38  2.110543 -0.000003 0.000000  -0.301297 0.003489 -0.364147
39  0.891925 2.373053 -0.014527  -3.141592 -0.000001 1.413797
40  7.228121 5.709444 3.726568  3.140796 -1.570796 0.000000
41  2.450427 5.076127 0.001325  3.124203 -1.570796 0.000000
42  6.312400 -4.528058 0.001311  3.140791 -1.570796 0.000000
43  2.233300 1.152536 -7.309137  -1.875861 -1.548137 -0.131451
44  -5.952957 -2.602895 0.029162  0.000000 -0.000000 0.000000
time 46
0  1.379912 5.448666 37.187080  0.000000 -0.000000 -1.704495
1  -0.179367 -0.542985 0.000004  -0.000030 -1.544668 -1.570772
2  -0.000005 0.000008 4.427393  -0.164617 3.136925 -0.054761
3  18.465940 0.000000 -0.000001  -0.000000 -0.000000 -0.619503
4  14.875443 0.000003 -0.000000  0.009331 -0.005975 0.544639
5  -0.000004 -0.000004 -4.427393  0.094803 3.076875 -0.481186
6  18.465939 -0.000001 0.000000  -0.000000 0.000000 -0.707814
7  14.875443 0.000000 -0.000000  -0.003504 -0.012728 0.225674
8  2.255207 -0.007574 0.054692  0.165053 -0.082701 0.005230
9  9.514224 -0.009359 -0.000000  -0.011068 0.010671 -0.030134
10  11.752202 -0.001493 -0.000000  0.245217 -0.059133 0.605685
11  -1.674282 1.808942 2.388003  0.432158 -1.225423 2.116039
12  4.640936 0.000001 -0.000004  -0.390526 0.985173 -0.844902
13  10.828047 0.000004 0.000006  0.050219 0.030222 -0.619403
14  9.393324 -0.000014 0.000002  -1.670365 -0.081899 0.064468
15  1.442247 0.107452 -1.746177  1.694261 0.546891 0.337502
16  1.063450 -0.000007 0.000000  0.000000 0.000000 0.199056
17  1.376307 -0.000001 -0.000001  -0.000000 -0.000000 0.199049
18  4.172842 -0.251368 -1.312737  0.008050 0.101963 0.148699
19  1.215374 -0.000000 -0.000008  0.000000 -0.000000 0.645758
20  1.215374 0.000000 -0.000002  -0.000000 -0.000000 0.635222
21  4.220533 -0.244857 -0.431459  0.001333 0.026242 0.148339
22  1.350413 -0.000003 -0.000005  0.000000 0.000000 0.869766
23  1.350404 0.000003 -0.000006  0.000000 -0.000000 0.846365
24  -1.982885 0.531573 -2.743479  -2.177692 1.834347 0.324260
25  4.640940 -0.000008 -0.000004  0.399895 -1.115496 -0.551235
26  10.828037 0.000003 0.000012  0.077901 -0.369852 -1.020073
27  9.393342 -0.000017 0.000002  1.082998 -0.242979 0.213516
28  1.442240 0.107454 1.746181  -1.952697 -0.468674 0.700316
29  1.063449 0.000008 -0.000003  -0.000000 -0.000000 0.377530
30  1.376305 0.000000 0.000004  -0.000000 0.000000 0.851870
31  4.172846 -0.251364 1.312742  0.001789 -0.096055 0.045915
32  1.215371 0.000002 0.000003  0.000000 -0.000000 0.097014
33  1.215374 -0.000001 -0.000003  0.000000 0.000000 1.185203
34  4.220534 -0.244853 0.431459  0.001340 -0.026242 0.046043
35  1.350417 -0.000002 -0.000002  0.000000 -0.000000 0.984847
36  1.350412 -0.000001 0.000004  0.000000 -0.000000 1.561467
37  4.262823 -0.232721 -1.392187  0.000157 0.078478 0.039240
38  2.110547 0.000001 -0.000001  -0.293584 0.003760 -0.351575
39  0.891928 2.373051 -0.014527  -3.141592 -0.000001 1.413797
40  7.228122 5.709444 3.726568  3.140796 -1.570796 0.000000
41  2.450425 5.076127 0.001325  3.127450 -1.570796 0.000000
42  6.312399 -4.528059 0.001311  3.140791 -1.570796 0.000000
43  2.233307 1.152536 -7.309137  -1.938084 -1.550263 -0.076593
44  -5.952957 -2.602895 0.029162  0.000000 -0.000000 0.000000
time 47
0  1.407257 5.537587 37.265862  0.000000 -0.000000 -1.704303
1  -0.148116 -0.515641 0.000004  -0.000030 -1.546522 -1.570772
2  -0.000013 0.000008 4.427394  -0.165000 3.136641 -0.051711
3  18.465946 0.000000 -0.000000  -0.000000 -0.000000 -0.607221
4  14.875447 0.000002 -0.000001  0.009970 -0.004315 0.535711
5  -0.000005 -0.000003 -4.427393  0.095665 3.077927 -0.474822
6  18.465944 0.000001 0.000001  0.000000 0.000000 -0.690158
7  14.875443 0.000000 -0.000000  -0.003468 -0.011455 0.214306
8  2.255207 -0.007574 0.050786  0.162648 -0.078361 0.004237
9  9.514230 -0.009358 -0.000000  -0.010993 0.010349 -0.034962
10  11.752204 -0.001492 -0.000000  0.229769 -0.051247 0.596020
11  -1.709441 1.754254 2.407535  0.421487 -1.231341 2.136431
12  4.640938 -0.000000 -0.000011  -0.264174 1.009846 -0.716482
13  10.828054 0.000005 0.000004  0.050322 0.024437 -0.618799
14  9.393330 -0.000011 -0.000004  -1.656540 -0.067797 0.056752
15  1.442249 0.107454 -1.746179  1.692439 0.545118 0.334792
16  1.063451 -0.000006 0.000001  -0.000000 0.000000 0.199056
17  1.376304 -0.000006 0.000004  0.000000 0.000000 0.199049
18  4.172843 -0.251365 -1.312740  0.008050 0.100513 0.148699
19  1.215375 0.000002 0.000001  0.000000 0.000000 0.645758
20  1.215373 -0.000000 0.000003  0.000000 0.000000 0.637672
21  4.220538 -0.244853 -0.431460  0.001333 0.026242 0.148339
22  1.350416 -0.000002 -0.000002  -0.000000 -0.000000 0.868419
23  1.350406 0.000004 0.000003  -0.000000 -0.000000 0.850408
24  -1.975070 0.551102 -2.747384  -2.426609 1.777789 0.099232
25  4.640941 -0.000008 -0.000004  0.451975 -1.121356 -0.587818
26  10.828044 0.000004 0.000012  0.108818 -0.394895 -0.971870
27  9.393344 -0.000010 0.000003  1.041316 -0.257737 0.206979
28  1.442238 0.107455 1.746181  -1.954970 -0.467606 0.703612
29  1.063450 0.000003 -0.000003  -0.000000 -0.000000 0.379208
30  1.376307 0.000006 0.000004  0.000000 0.000000 0.857996
31  4.172845 -0.251364 1.312745  0.001885 -0.096055 0.044953
32  1.215374 0.000001 0.000001  0.000000 0.000000 0.091852
33  1.215374 -0.000000 -0.000001  0.000000 0.000000 1.190239
34  4.220534 -0.244853 0.431465  0.001364 -0.026242 0.045082
35  1.350415 -0.000001 -0.000000  0.000000 -0.000000 0.985980
36  1.350410 -0.000001 0.000004  0.000000 -0.000000 1.568003
37  4.262823 -0.232721 -1.392183  0.000002 0.078478 0.037210
38  2.110543 -0.000001 -0.000000  -0.282941 0.004060 -0.338014
39  0.891922 2.373050 -0.014527  -3.141592 -0.000001 1.413797
40  7.228123 5.709445 3.726568  3.140796 -1.570796 0.000000
41  2.450431 5.076128 0.001325  3.129293 -1.570796 0.000000
42  6.312402 -4.528059 0.001311  3.140791 -1.570796 0.000000
43  2.233300 1.152536 -7.309137  -2.026478 -1.552476 0.003158
44  -5.952957 -2.602895 0.029162  0.000000 -0.000000 0.000000
time 48
0  1.438508 5.617615 37.344646  0.000000 -0.000000 -1.704112
1  -0.124677 -0.484390 0.000000  -0.000030 -1.548391 -1.570772
2  -0.000009 0.000008 4.427394  -0.165384 3.136262 -0.048851
3  18.465940 -0.000001 -0.000001  -0.000000 -0.000000 -0.594939
4  14.875444 0.000001 -0.000001  0.010468 -0.002570 0.526586
5  -0.000007 -0.000003 -4.427393  0.096528 3.078980 -0.468271
6  18.465935 0.000002 0.000000  0.000000 0.000000 -0.671780
7  14.875442 0.000000 -0.000000  -0.003468 -0.010181 0.202338
8  2.255209 -0.007573 0.046879  0.159610 -0.073726 0.003774
9  9.514229 -0.009358 -0.000000  -0.010843 0.009771 -0.039681
10  11.752201 -0.001492 -0.000000  0.213182 -0.042810 0.585131
11  -1.744590 1.691744 2.427067  0.409959 -1.237963 2.158833
12  4.640936 0.000001 -0.000005  -0.118765 1.013134 -0.572715
13  10.828057 0.000007 0.000003  0.051047 0.018983 -0.616704
14  9.393331 -0.000010 -0.000001  -1.643731 -0.054316 0.049359
15  1.442243 0.107453 -1.746181  1.690366 0.543087 0.331734
16  1.063449 -0.000006 0.000002  0.000000 -0.000000 0.199056
17  1.376303 -0.000003 0.000002  0.000000 0.000000 0.199049
18  4.172840 -0.251366 -1.312743  0.008050 0.098871 0.148699
19  1.215375 0.000001 -0.000000  -0.000000 0.000000 0.645758
20  1.215373 -0.000001 -0.000004  -0.000000 0.000000 0.640449
21  4.220532 -0.244855 -0.431460  0.001333 0.026242 0.148339
22  1.350417 0.000000 0.000000  0.000000 -0.000000 0.866867
23  1.350409 0.000006 -0.000001  -0.000000 0.000000 0.855064
24  -1.967259 0.574539 -2.747384  0.346007 1.400239 2.896060
25  4.640942 -0.000008 -0.000007  0.502303 -1.126547 -0.623401
26  10.828042 0.000002 0.000012  0.138414 -0.418867 -0.925725
27  9.393341 -0.000010 0.000001  1.001601 -0.271861 0.200681
28  1.442239 0.107455 1.746176  -1.955333 -0.467438 0.704127
29  1.063450 0.000010 -0.000002  -0.000000 -0.000000 0.379472
30  1.376309 0.000002 0.000004  -0.000000 -0.000000 0.858966
31  4.172843 -0.251365 1.312740  0.001897 -0.096055 0.044793
32  1.215370 0.000000 0.000001  0.000000 0.000000 0.091055
33  1.215373 0.000000 -0.000002  0.000000 0.000000 1.191036
34  4.220532 -0.244853 0.431461  0.001376 -0.026242 0.044922
35  1.350413 -0.000003 0.000000  -0.000000 -0.000000 0.986148
36  1.350412 -0.000002 0.000003  0.000000 -0.000000 1.569053
37  4.262825 -0.232719 -1.392190  -0.000022 0.078478 0.036891
38  2.110543 -0.000003 -0.000000  -0.270345 0.004271 -0.323936
39  0.891925 2.373049 -0.014527  -3.141592 -0.000001 1.413797
40  7.228127 5.709446 3.726568  3.140796 -1.570796 0.000000
41  2.450428 5.076126 0.001325  3.130347 -1.570796 0.000000
42  6.312402 -4.528059 0.001311  3.140791 -1.570796 0.000000
43  2.233304 1.152536 -7.309137  -2.138169 -1.554544 0.105602
44  -5.952957 -2.602895 0.029162  0.000000 -0.000000 0.000000
time 49
0  1.465852 5.706536 37.423431  0.000000 -0.000000 -1.703920
1  -0.101239 -0.453139 0.000008  -0.000030 -1.550259 -1.570772
2  -0.000009 0.000007 4.427394  -0.165479 3.135789 -0.045897
3  18.465940 -0.000000 0.000000  -0.000000 -0.000000 -0.582292
4  14.875444 0.000002 -0.000001  0.010788 -0.000782 0.517263
5  -0.000004 -0.000004 -4.427393  0.097390 3.080032 -0.461439
6  18.465939 0.000000 0.000000  -0.000000 0.000000 -0.652876
7  14.875438 -0.000000 -0.000000  -0.003468 -0.008878 0.190070
8  2.255214 -0.007574 0.042973  0.156572 -0.069052 0.003311
9  9.514224 -0.009358 -0.000000  -0.010692 0.009180 -0.044379
10  11.752196 -0.001493 -0.000000  0.196368 -0.034529 0.573967
11  -1.779755 1.625338 2.442693  0.399764 -1.245115 2.180087
12  4.640938 0.000001 -0.000009  0.005101 0.999548 -0.454141
13  10.828050 0.000005 0.000002  0.053012 0.013147 -0.612699
14  9.393325 -0.000014 -0.000001  -1.631941 -0.041525 0.042326
15  1.442247 0.107455 -1.746182  1.688424 0.541191 0.328861
16  1.063449 0.000002 0.000000  -0.000000 -0.000000 0.199056
17  1.376301 -0.000004 0.000000  0.000000 -0.000000 0.199049
18  4.172844 -0.251364 -1.312742  0.008050 0.097313 0.148659
19  1.215371 -0.000001 -0.000001  0.000000 0.000000 0.645758
20  1.215376 -0.000001 -0.000000  0.000000 -0.000000 0.643063
21  4.220537 -0.244851 -0.431461  0.001333 0.026242 0.148339
22  1.350420 -0.000001 0.000002  -0.000000 -0.000000 0.865396
23  1.350404 0.000003 0.000000  0.000000 0.000000 0.859434
24  -1.963357 0.597977 -2.751289  -0.075640 1.408197 2.496940
25  4.640942 -0.000009 -0.000007  0.550516 -1.131095 -0.657687
26  10.828045 0.000004 0.000013  0.166536 -0.441645 -0.881880
27  9.393341 -0.000008 -0.000000  0.964037 -0.285278 0.194657
28  1.442244 0.107455 1.746175  -1.953061 -0.468505 0.700831
29  1.063451 0.000000 -0.000002  -0.000000 -0.000000 0.377794
30  1.376310 0.000001 0.000003  -0.000000 -0.000000 0.852840
31  4.172849 -0.251363 1.312737  0.001801 -0.096055 0.045754
32  1.215369 0.000000 -0.000001  0.000000 0.000000 0.096175
33  1.215372 -0.000000 -0.000007  -0.000000 -0.000000 1.186000
34  4.220535 -0.244852 0.431460  0.001352 -0.026242 0.045883
35  1.350415 -0.000002 -0.000002  -0.000000 -0.000000 0.985015
36  1.350414 -0.000003 0.000000  -0.000000 0.000000 1.562517
37  4.262827 -0.232720 -1.392189  0.000133 0.078478 0.038921
38  2.110541 -0.000004 0.000001  -0.256668 0.004211 -0.309857
39  0.891926 2.373050 -0.014527  -3.141592 -0.000001 1.413797
40  7.228122 5.709446 3.726568  3.140796 -1.570796 0.000000
41  2.450428 5.076127 0.001325  3.131312 -1.570796 0.000000
42  6.312398 -4.528059 0.001311  3.140791 -1.570796 0.000000
43  2.233304 1.152535 -7.309137  -2.262611 -1.556292 0.221064
44  -5.952957 -2.602895 0.029162  0.000000 -0.000000 0.000000
time 50
0  1.493197 5.795457 37.517971  0.000000 -0.000000 -1.703728
1  -0.069988 -0.425794 0.000008  -0.000030 -1.552113 -1.570772
2  -0.000007 0.000008 4.427394  -0.165288 3.135315 -0.042465
3  18.465948 -0.000001 -0.000001  -0.000000 -0.000000 -0.568986
4  14.875443 -0.000000 -0.000000  0.010824 0.000984 0.507782
5  -0.000007 -0.000003 -4.427392  0.098349 3.081180 -0.454233
6  18.465942 -0.000001 0.000000  -0.000000 0.000000 -0.633579
7  14.875440 -0.000000 -0.000000  -0.003504 -0.007635 0.177801
8  2.255208 -0.007573 0.039067  0.154041 -0.064672 0.002417
9  9.514233 -0.009359 -0.000000  -0.010617 0.008803 -0.049185
10  11.752194 -0.001493 -0.000000  0.180332 -0.027002 0.563631
11  -1.811005 1.566743 2.462224  0.393190 -1.252695 2.196649
12  4.640937 0.000001 -0.000006  0.073341 0.980212 -0.392720
13  10.828051 0.000004 0.000004  0.056840 0.006218 -0.606362
14  9.393320 -0.000011 -0.000000  -1.621173 -0.029495 0.035688
15  1.442245 0.107454 -1.746183  1.686998 0.539763 0.326726
16  1.063449 -0.000004 -0.000004  -0.000000 -0.000000 0.199056
17  1.376302 0.000001 0.000005  -0.000000 -0.000000 0.199049
18  4.172843 -0.251365 -1.312744  0.008050 0.096175 0.148659
19  1.215378 -0.000000 -0.000002  0.000000 -0.000000 0.645758
20  1.215372 -0.000002 -0.000001  -0.000000 0.000000 0.644982
21  4.220532 -0.244856 -0.431465  0.001333 0.026242 0.148339
22  1.350420 0.000000 -0.000001  0.000000 0.000000 0.864335
23  1.350406 0.000005 0.000002  -0.000000 0.000000 0.862660
24  -1.955541 0.617510 -2.751290  -0.408886 1.395246 2.182772
25  4.640942 -0.000009 -0.000004  0.596252 -1.135033 -0.690375
26  10.828043 0.000001 0.000011  0.193026 -0.463102 -0.840578
27  9.393342 -0.000016 0.000002  0.928805 -0.297911 0.188944
28  1.442242 0.107453 1.746177  -1.947424 -0.471089 0.692592
29  1.063450 0.000005 -0.000003  -0.000000 -0.000000 0.373647
30  1.376307 0.000000 0.000003  -0.000000 0.000000 0.837679
31  4.172848 -0.251366 1.312741  0.001574 -0.096055 0.048159
32  1.215370 0.000001 0.000003  -0.000000 -0.000000 0.108933
33  1.215373 0.000001 0.000000  -0.000000 -0.000000 1.173494
34  4.220535 -0.244855 0.431463  0.001292 -0.026242 0.048245
35  1.350414 -0.000002 0.000004  -0.000000 -0.000000 0.982203
36  1.350412 -0.000003 0.000006  0.000000 -0.000000 1.546296
37  4.262826 -0.232722 -1.392190  0.000517 0.078478 0.043896
38  2.110543 -0.000000 -0.000000  -0.243043 0.003790 -0.296154
39  0.891925 2.373051 -0.014527  -3.141592 -0.000001 1.413797
40  7.228118 5.709445 3.726568  3.140796 -1.570796 0.000000
41  2.450438 5.076126 0.001325  3.132541 -1.570796 0.000000
42  6.312411 -4.528059 0.001311  3.140791 -1.570796 0.000000
43  2.233300 1.152536 -7.309136  -2.377084 -1.557632 0.327528
44  -5.952957 -2.602895 0.029162  0.000000 -0.000000 0.000000
time 51
0  1.520542 5.875485 37.596756  0.000000 -0.000000 -1.703536
1  -0.030925 -0.402356 0.000004  -0.000030 -1.553967 -1.570772
2  -0.000010 0.000008 4.427394  -0.164617 3.134747 -0.038271
3  18.465948 -0.000001 -0.000001  -0.000000 -0.000000 -0.554876
4  14.875442 0.000001 -0.000000  0.010326 0.002645 0.498143
5  -0.000001 -0.000003 -4.427393  0.099307 3.082519 -0.446652
6  18.465939 0.000001 0.000001  0.000000 -0.000000 -0.614085
7  14.875442 -0.000000 -0.000001  -0.003539 -0.006483 0.165833
8  2.255208 -0.007574 0.035160  0.152522 -0.060843 0.000564
9  9.514229 -0.009359 -0.000000  -0.010617 0.008897 -0.054207
10  11.752201 -0.001492 -0.000000  0.166070 -0.020818 0.555267
11  -1.834434 1.512054 2.473942  0.393285 -1.260652 2.204595
12  4.640937 0.000001 -0.000005  0.098107 0.965326 -0.373470
13  10.828052 0.000005 0.000005  0.064060 -0.002172 -0.597626
14  9.393329 -0.000014 0.000001  -1.611427 -0.018293 0.029485
15  1.442243 0.107452 -1.746183  1.686435 0.539209 0.325885
16  1.063449 -0.000007 -0.000001  0.000000 -0.000000 0.199056
17  1.376302 -0.000003 0.000003  -0.000000 0.000000 0.199049
18  4.172844 -0.251367 -1.312743  0.008050 0.095731 0.148659
19  1.215374 0.000000 -0.000001  0.000000 0.000000 0.645758
20  1.215371 -0.000001 0.000003  0.000000 -0.000000 0.645758
21  4.220533 -0.244856 -0.431463  0.001333 0.026242 0.148339
22  1.350416 -0.000003 -0.000007  0.000000 -0.000000 0.863926
23  1.350408 0.000004 0.000001  -0.000000 0.000000 0.863926
24  -1.947721 0.640947 -2.751290  -0.609574 1.379116 1.995861
25  4.640942 -0.000008 -0.000006  0.639152 -1.138400 -0.721168
26  10.828042 0.000002 0.000011  0.217731 -0.483113 -0.802060
27  9.393344 -0.000005 0.000001  0.896085 -0.309687 0.183580
28  1.442239 0.107454 1.746186  -1.937605 -0.475472 0.678379
29  1.063450 0.000010 -0.000003  -0.000000 -0.000000 0.366516
30  1.376308 0.000004 0.000002  0.000000 0.000000 0.811565
31  4.172846 -0.251365 1.312746  0.001190 -0.096055 0.052246
32  1.215372 0.000001 0.000001  0.000000 0.000000 0.130882
33  1.215372 -0.000000 0.000008  0.000000 0.000000 1.151880
34  4.220532 -0.244854 0.431466  0.001184 -0.026242 0.052329
35  1.350416 0.000000 0.000001  -0.000000 -0.000000 0.977377
36  1.350411 -0.000004 -0.000001  -0.000000 0.000000 1.518434
37  4.262823 -0.232720 -1.392182  0.001188 0.078478 0.052453
38  2.110551 -0.000004 0.000000  -0.230446 0.002888 -0.283441
39  0.891922 2.373048 -0.014527  -3.141592 -0.000001 1.413797
40  7.228126 5.709445 3.726568  3.140796 -1.570796 0.000000
41  2.450428 5.076126 0.001325  3.134735 -1.570796 0.000000
42  6.312403 -4.528059 0.001311  3.140791 -1.570796 0.000000
43  2.233305 1.152536 -7.309138  -2.447357 -1.558564 0.391769
44  -5.952957 -2.602895 0.029162  0.000000 -0.000000 0.000000
time 52
0  1.551793 5.964406 37.675537  0.000000 -0.000000 -1.703345
1  0.008140 -0.375011 0.000004  -0.000030 -1.555806 -1.570772
2  -0.000008 0.000007 4.427394  -0.164713 3.134368 -0.033887
3  18.465937 -0.000001 -0.000001  -0.000000 0.000000 -0.540401
4  14.875443 0.000001 -0.000001  0.010646 0.004156 0.488346
5  -0.000002 -0.000005 -4.427393  0.100361 3.083763 -0.438697
6  18.465940 0.000001 -0.000001  -0.000000 -0.000000 -0.594000
7  14.875441 -0.000000 -0.000001  -0.003714 -0.005361 0.153528
8  2.255208 -0.007575 0.031254  0.151003 -0.057013 -0.001289
9  9.514231 -0.009358 -0.000000  -0.010655 0.008978 -0.059251
10  11.752199 -0.001492 -0.000000  0.151701 -0.014742 0.546746
11  -1.861781 1.461273 2.485661  0.402622 -1.271102 2.203351
12  4.640940 0.000001 -0.000005  0.111923 0.956016 -0.363180
13  10.828045 0.000005 0.000004  0.074093 -0.011029 -0.587851
14  9.393326 -0.000010 0.000001  -1.602702 -0.007988 0.023757
15  1.442246 0.107452 -1.746183  1.686435 0.539209 0.325885
16  1.063450 -0.000002 -0.000000  0.000000 -0.000000 0.199056
17  1.376303 -0.000004 0.000003  0.000000 0.000000 0.199049
18  4.172846 -0.251365 -1.312743  0.008050 0.095731 0.148659
19  1.215375 0.000001 -0.000005  -0.000000 0.000000 0.645758
20  1.215372 -0.000001 -0.000001  0.000000 -0.000000 0.645758
21  4.220536 -0.244854 -0.431462  0.001333 0.026242 0.148339
22  1.350420 -0.000000 -0.000000  -0.000000 -0.000000 0.863926
23  1.350407 0.000004 0.000002  -0.000000 0.000000 0.863926
24  -1.939910 0.664389 -2.751292  -0.721951 1.369766 1.894415
25  4.640940 -0.000009 -0.000000  0.678865 -1.141241 -0.749778
26  10.828040 0.000003 0.000010  0.240495 -0.501551 -0.766568
27  9.393339 -0.000009 0.000002  0.866054 -0.320532 0.178603
28  1.442243 0.107454 1.746180  -1.922513 -0.481876 0.656545
29  1.063450 0.000012 -0.000003  -0.000000 -0.000000 0.355646
30  1.376309 -0.000000 0.000001  -0.000000 0.000000 0.771811
31  4.172849 -0.251365 1.312743  0.000591 -0.096055 0.058497
32  1.215372 0.000000 -0.000003  -0.000000 0.000000 0.164289
33  1.215373 -0.000000 -0.000001  -0.000000 -0.000000 1.119061
34  4.220534 -0.244854 0.431466  0.001028 -0.026242 0.058535
35  1.350415 -0.000002 -0.000004  -0.000000 -0.000000 0.969991
36  1.350409 -0.000001 0.000005  -0.000000 -0.000000 1.475926
37  4.262825 -0.232721 -1.392186  0.002207 0.078466 0.065507
38  2.110549 0.000001 -0.000001  -0.214301 0.001835 -0.270728
39  0.891927 2.373049 -0.014527  -3.141592 -0.000001 1.413797
40  7.228112 5.709445 3.726568  3.140796 -1.570796 0.000000
41  2.450431 5.076126 0.001325  3.137105 -1.570796 0.000000
42  6.312406 -4.528059 0.001311  3.140791 -1.570796 0.000000
43  2.233302 1.152534 -7.309137  -2.463850 -1.559321 0.402972
44  -5.952957 -2.602895 0.029162  0.000000 -0.000000 0.000000
time 53
0  1.579137 6.053326 37.754322  0.000000 -0.000000 -1.703057
1  0.039391 -0.347667 0.000004  -0.000030 -1.557675 -1.570772
2  -0.000008 0.000007 4.427394  -0.164905 3.133895 -0.029979
3  18.465940 -0.000000 -0.000001  -0.000000 -0.000000 -0.525999
4  14.875445 0.000004 -0.000000  0.011037 0.005816 0.478273
5  -0.000000 -0.000004 -4.427392  0.101512 3.085006 -0.430649
6  18.465940 0.000001 -0.000000  0.000000 -0.000000 -0.572734
7  14.875443 -0.000000 -0.000000  -0.003925 -0.004149 0.140209
8  2.255213 -0.007574 0.027348  0.148303 -0.052555 -0.002050
9  9.514227 -0.009358 -0.000000  -0.010542 0.008548 -0.064014
10  11.752202 -0.001492 -0.000001  0.135042 -0.007539 0.535778
11  -1.893030 1.394860 2.501288  0.420534 -1.285179 2.195596
12  4.640939 0.000001 -0.000004  0.118638 0.951149 -0.358332
13  10.828054 0.000006 0.000001  0.084402 -0.019012 -0.578748
14  9.393326 -0.000012 0.000003  -1.594997 0.001354 0.018544
15  1.442249 0.107455 -1.746181  1.686435 0.539209 0.325885
16  1.063454 -0.000003 0.000000  -0.000000 0.000000 0.199056
17  1.376306 -0.000001 0.000003  -0.000000 0.000000 0.199049
18  4.172844 -0.251365 -1.312744  0.008050 0.095731 0.148659
19  1.215373 -0.000001 -0.000004  -0.000000 0.000000 0.645758
20  1.215371 -0.000002 0.000000  -0.000000 -0.000000 0.645758
21  4.220534 -0.244854 -0.431463  0.001333 0.026242 0.148339
22  1.350416 -0.000002 -0.000003  -0.000000 -0.000000 0.863926
23  1.350404 0.000002 0.000002  0.000000 0.000000 0.863926
24  -1.932101 0.687825 -2.751290  -0.790544 1.367436 1.837153
25  4.640941 -0.000009 -0.000006  0.715052 -1.143603 -0.775925
26  10.828033 0.000001 0.000012  0.261162 -0.518292 -0.734346
27  9.393343 -0.000013 0.000001  0.838888 -0.330373 0.174055
28  1.442240 0.107455 1.746181  -1.902057 -0.489966 0.627193
29  1.063450 0.000002 -0.000002  -0.000000 -0.000000 0.341145
30  1.376305 0.000006 0.000002  -0.000000 0.000000 0.718791
31  4.172848 -0.251364 1.312740  -0.000200 -0.096055 0.066832
32  1.215373 0.000001 0.000000  0.000000 -0.000000 0.208859
33  1.215374 -0.000000 0.000001  0.000000 0.000000 1.075246
34  4.220535 -0.244852 0.431462  0.000812 -0.026254 0.066863
35  1.350414 -0.000002 -0.000001  -0.000000 -0.000000 0.960170
36  1.350411 -0.000001 -0.000001  0.000000 0.000000 1.419297
37  4.262824 -0.232720 -1.392187  0.003573 0.078406 0.082939
38  2.110547 -0.000004 -0.000000  -0.191164 0.000903 -0.256978
39  0.891925 2.373051 -0.014527  -3.141592 -0.000001 1.413797
40  7.228119 5.709445 3.726568  3.140796 -1.570796 0.000000
41  2.450432 5.076127 0.001325  3.138772 -1.570796 0.000000
42  6.312405 -4.528058 0.001311  3.140791 -1.570796 0.000000
43  2.233299 1.152535 -7.309137  -2.430294 -1.559962 0.363623
44  -5.952957 -2.602895 0.029162  0.000000 -0.000000 0.000000
time 54
0  1.606482 6.133355 37.848866  0.000000 -0.000000 -1.702865
1  0.058923 -0.316416 0.000004  -0.000030 -1.559543 -1.570772
2  -0.000007 0.000007 4.427394  -0.165096 3.133327 -0.026071
3  18.465944 -0.000001 -0.000001  -0.000000 -0.000000 -0.511524
4  14.875444 0.000002 -0.000000  0.011428 0.007583 0.468002
5  -0.000002 -0.000004 -4.427392  0.102662 3.086250 -0.422320
6  18.465942 0.000000 0.000000  0.000000 0.000000 -0.550483
7  14.875445 0.000000 -0.000000  -0.004205 -0.002936 0.126140
8  2.255213 -0.007574 0.023441  0.144843 -0.047704 -0.002215
9  9.514231 -0.009357 -0.000000  -0.010317 0.007795 -0.068647
10  11.752191 -0.001493 -0.000000  0.116886 0.000227 0.523194
11  -1.928194 1.324552 2.513008  0.445592 -1.301295 2.182289
12  4.640938 0.000001 -0.000006  0.121723 0.949500 -0.355830
13  10.828048 0.000005 -0.000001  0.092449 -0.024783 -0.572030
14  9.393322 -0.000013 0.000002  -1.588308 0.009666 0.013888
15  1.442250 0.107455 -1.746180  1.686435 0.539209 0.325885
16  1.063450 -0.000007 -0.000001  0.000000 0.000000 0.199056
17  1.376305 -0.000007 0.000004  -0.000000 0.000000 0.199049
18  4.172844 -0.251364 -1.312744  0.008050 0.095731 0.148659
19  1.215375 -0.000004 -0.000008  0.000000 -0.000000 0.645758
20  1.215381 0.000000 0.000001  0.000000 0.000000 0.645758
21  4.220537 -0.244853 -0.431463  0.001333 0.026242 0.148339
22  1.350413 -0.000001 -0.000001  -0.000000 0.000000 0.863926
23  1.350410 0.000002 -0.000001  -0.000000 -0.000000 0.863926
24  -1.924291 0.711267 -2.751290  -0.830904 1.372187 1.808095
25  4.640942 -0.000009 -0.000003  0.747381 -1.145535 -0.799340
26  10.828035 0.000000 0.000013  0.279577 -0.533208 -0.705634
27  9.393340 -0.000015 0.000003  0.814761 -0.339137 0.169977
28  1.442239 0.107454 1.746179  -1.877055 -0.499011 0.591559
29  1.063450 0.000000 -0.000003  -0.000000 -0.000000 0.323755
30  1.376307 0.000004 0.000003  0.000000 0.000000 0.655150
31  4.172843 -0.251365 1.312744  -0.001171 -0.096055 0.076850
32  1.215375 0.000001 -0.000006  -0.000000 -0.000000 0.262368
33  1.215371 -0.000000 0.000002  0.000000 -0.000000 1.022660
34  4.220532 -0.244853 0.431460  0.000549 -0.026254 0.076832
35  1.350415 -0.000001 -0.000001  0.000000 0.000000 0.948377
36  1.350413 -0.000002 -0.000002  0.000000 0.000000 1.351265
37  4.262822 -0.232720 -1.392187  0.005215 0.078322 0.103834
38  2.110545 0.000001 0.000000  -0.163862 -0.000059 -0.242570
39  0.891927 2.373050 -0.014527  -3.141592 -0.000001 1.413797
40  7.228112 5.709445 3.726568  3.140796 -1.570796 0.000000
41  2.450432 5.076127 0.001325  3.139650 -1.570796 0.000000
42  6.312403 -4.528059 0.001311  3.140791 -1.570796 0.000000
43  2.233307 1.152535 -7.309137  -2.327228 -1.560398 0.254668
44  -5.952957 -2.602895 0.029162  0.000000 -0.000000 0.000000
time 55
0  1.637733 6.213383 37.927647  0.000000 -0.000000 -1.702674
1  0.078455 -0.285165 0.000008  -0.000030 -1.561426 -1.570772
2  -0.000014 0.000008 4.427393  -0.165096 3.132759 -0.022258
3  18.465946 -0.000000 -0.000000  -0.000000 -0.000000 -0.496829
4  14.875442 0.000000 -0.000001  0.011713 0.009413 0.457494
5  -0.000009 -0.000003 -4.427393  0.103812 3.087494 -0.413616
6  18.465940 0.000001 0.000001  0.000000 0.000000 -0.527248
7  14.875441 0.000000 0.000000  -0.004416 -0.001663 0.111470
8  2.255199 -0.007573 0.019535  0.141130 -0.042696 -0.002083
9  9.514229 -0.009358 -0.000000  -0.010092 0.006908 -0.073193
10  11.752200 -0.001493 -0.000000  0.097974 0.008077 0.509859
11  -1.959450 1.250327 2.524726  0.475699 -1.318016 2.164578
12  4.640937 0.000001 -0.000009  0.124504 0.949807 -0.352733
13  10.828051 0.000006 0.000004  0.095695 -0.027004 -0.569409
14  9.393320 -0.000017 0.000001  -1.582635 0.016881 0.009832
15  1.442248 0.107452 -1.746183  1.686435 0.539209 0.325885
16  1.063450 -0.000004 -0.000005  0.000000 0.000000 0.199056
17  1.376308 -0.000002 0.000002  0.000000 -0.000000 0.199049
18  4.172844 -0.251366 -1.312743  0.008050 0.095731 0.148659
19  1.215376 -0.000003 -0.000005  -0.000000 -0.000000 0.645758
20  1.215375 -0.000001 0.000004  -0.000000 -0.000000 0.645758
21  4.220535 -0.244858 -0.431463  0.001333 0.026242 0.148339
22  1.350415 -0.000002 -0.000002  0.000000 0.000000 0.863926
23  1.350407 0.000005 0.000001  0.000000 -0.000000 0.863926
24  -1.916487 0.734701 -2.747382  -0.852009 1.383171 1.798096
25  4.640940 -0.000009 -0.000010  0.775536 -1.147084 -0.819771
26  10.828035 0.000001 0.000013  0.295586 -0.546174 -0.680675
27  9.393340 -0.000010 0.000004  0.793850 -0.346751 0.166411
28  1.442241 0.107455 1.746184  -1.848326 -0.508168 0.550930
29  1.063450 0.000005 -0.000003  -0.000000 0.000000 0.304173
30  1.376305 -0.000004 0.000003  -0.000000 0.000000 0.583553
31  4.172848 -0.251364 1.312744  -0.002250 -0.096043 0.088110
32  1.215371 0.000001 0.000003  -0.000000 -0.000000 0.322550
33  1.215373 -0.000001 -0.000001  -0.000000 -0.000000 0.963486
34  4.220534 -0.244853 0.431468  0.000249 -0.026266 0.088042
35  1.350413 -0.000001 0.000007  -0.000000 -0.000000 0.935115
36  1.350410 -0.000002 -0.000002  -0.000000 0.000000 1.274788
37  4.262825 -0.232720 -1.392182  0.007048 0.078178 0.127395
38  2.110531 -0.000001 -0.000000  -0.135069 -0.001172 -0.227879
39  0.891929 2.373048 -0.014527  -3.141592 -0.000001 1.413797
40  7.228119 5.709445 3.726568  3.140796 -1.570796 0.000000
41  2.450433 5.076127 0.001325  3.140177 -1.570796 0.000000
42  6.312403 -4.528059 0.001311  3.140791 -1.570796 0.000000
43  2.233297 1.152536 -7.309137  -2.146318 -1.560282 0.068454
44  -5.952957 -2.602895 0.029162  0.000000 -0.000000 0.000000
time 56
0  1.665077 6.302303 38.006432  0.000000 -0.000000 -1.702482
1  0.097985 -0.253914 0.000011  -0.000031 -1.563280 -1.570772
2  -0.000012 0.000007 4.427393  -0.165288 3.132096 -0.018065
3  18.465946 -0.000000 -0.000001  -0.000000 -0.000000 -0.481623
4  14.875443 0.000001 -0.000000  0.012104 0.011180 0.446828
5  -0.000006 -0.000005 -4.427393  0.104674 3.088928 -0.404445
6  18.465942 0.000000 0.000001  0.000000 0.000000 -0.503159
7  14.875442 -0.000000 -0.000001  -0.004416 -0.000390 0.096388
8  2.255206 -0.007574 0.015628  0.137501 -0.037747 -0.002083
9  9.514227 -0.009359 -0.000000  -0.009867 0.006088 -0.077782
10  11.752202 -0.001492 -0.000000  0.079158 0.015519 0.496643
11  -1.990694 1.176106 2.536446  0.507902 -1.333905 2.144473
12  4.640936 0.000001 -0.000003  0.107329 0.967346 -0.356562
13  10.828057 0.000006 0.000002  0.092498 -0.026608 -0.571591
14  9.393324 -0.000016 0.000006  -1.577978 0.022934 0.006417
15  1.442245 0.107454 -1.746180  1.686435 0.539209 0.325885
16  1.063448 -0.000007 0.000002  -0.000000 -0.000000 0.199056
17  1.376303 -0.000003 0.000002  0.000000 0.000000 0.199049
18  4.172841 -0.251367 -1.312740  0.008050 0.095731 0.148659
19  1.215373 0.000004 -0.000005  -0.000000 0.000000 0.645758
20  1.215374 0.000000 -0.000001  -0.000000 -0.000000 0.645758
21  4.220532 -0.244856 -0.431462  0.001333 0.026242 0.148339
22  1.350411 0.000001 -0.000004  0.000000 -0.000000 0.863926
23  1.350406 0.000002 0.000001  0.000000 -0.000000 0.863926
24  -1.912573 0.758140 -2.747384  -0.858767 1.399089 1.801600
25  4.640941 -0.000009 -0.000004  0.799212 -1.148293 -0.836973
26  10.828042 0.000002 0.000014  0.309032 -0.557065 -0.659711
27  9.393338 -0.000014 0.000005  0.776330 -0.353143 0.163402
28  1.442241 0.107455 1.746178  -1.816960 -0.516876 0.506799
29  1.063450 0.000006 -0.000002  -0.000000 -0.000000 0.283152
30  1.376307 0.000000 0.000002  -0.000000 -0.000000 0.506667
31  4.172849 -0.251365 1.312737  -0.003412 -0.096007 0.100212
32  1.215375 0.000001 -0.000004  0.000000 -0.000000 0.387181
33  1.215371 -0.000000 -0.000003  -0.000000 0.000000 0.899946
34  4.220536 -0.244853 0.431461  -0.000062 -0.026266 0.100094
35  1.350415 -0.000001 -0.000001  0.000000 0.000000 0.920888
36  1.350410 -0.000001 -0.000002  -0.000000 0.000000 1.192587
37  4.262827 -0.232720 -1.392192  0.009026 0.077975 0.152668
38  2.110539 0.000000 -0.000000  -0.107562 -0.002555 -0.213282
39  0.891926 2.373053 -0.014527  -3.141592 -0.000001 1.413797
40  7.228124 5.709445 3.726568  3.140796 -1.570796 0.000000
41  2.450423 5.076127 0.001325  3.140264 -1.570796 0.000000
42  6.312400 -4.528058 0.001311  3.140791 -1.570796 0.000000
43  2.233297 1.152535 -7.309136  -1.914018 -1.559146 -0.167929
44  -5.952957 -2.602895 0.029162  0.000000 -0.000000 0.000000
time 57
0  1.692422 6.382332 38.085217  0.000000 -0.000000 -1.702290
1  0.117517 -0.222663 0.000011  -0.000032 -1.565177 -1.570771
2  -0.000007 0.000008 4.427394  -0.166533 3.131717 -0.013585
3  18.465944 0.000000 -0.000001  -0.000000 -0.000000 -0.465978
4  14.875443 0.000001 0.000000  0.013526 0.012755 0.435965
5  -0.000005 -0.000003 -4.427393  0.105153 3.090459 -0.394805
6  18.465939 0.000001 0.000000  0.000000 0.000000 -0.478086
7  14.875443 0.000000 -0.000000  -0.003925 0.000974 0.080818
8  2.255211 -0.007574 0.007816  0.133915 -0.032818 -0.002116
9  9.514232 -0.009358 -0.000000  -0.009604 0.005268 -0.082372
10  11.752201 -0.001492 -0.000000  0.060175 0.022710 0.483269
11  -2.021943 1.097980 2.544258  0.543821 -1.349392 2.120826
12  4.640939 0.000000 -0.000003  0.059454 1.007843 -0.373365
13  10.828054 0.000004 0.000003  0.084874 -0.025662 -0.576792
14  9.393327 -0.000015 -0.000002  -1.574339 0.027759 0.003688
15  1.442248 0.107452 -1.746180  1.686435 0.539209 0.325885
16  1.063450 -0.000005 -0.000002  -0.000000 -0.000000 0.199056
17  1.376305 -0.000005 0.000003  -0.000000 0.000000 0.199049
18  4.172843 -0.251372 -1.312741  0.008050 0.095731 0.148659
19  1.215376 -0.000001 -0.000007  0.000000 0.000000 0.645758
20  1.215374 -0.000001 0.000000  0.000000 0.000000 0.645758
21  4.220536 -0.244859 -0.431462  0.001333 0.026242 0.148339
22  1.350418 0.000001 -0.000002  0.000000 -0.000000 0.863926
23  1.350406 0.000004 -0.000001  -0.000000 -0.000000 0.863926
24  -1.904761 0.785490 -2.743477  -0.858767 1.417397 1.811941
25  4.640942 -0.000008 -0.000008  0.818112 -1.149200 -0.850717
26  10.828040 0.000001 0.000012  0.319760 -0.565755 -0.642984
27  9.393340 -0.000011 0.000004  0.762381 -0.358241 0.160990
28  1.442238 0.107454 1.746183  -1.783866 -0.524629 0.460608
29  1.063450 0.000003 -0.000003  -0.000000 -0.000000 0.261400
30  1.376305 -0.000000 0.000003  -0.000000 -0.000000 0.427093
31  4.172844 -0.251365 1.312742  -0.004611 -0.095959 0.112755
32  1.215371 0.000002 0.000006  -0.000000 -0.000000 0.454036
33  1.215373 0.000000 -0.000002  0.000000 0.000000 0.834182
34  4.220532 -0.244853 0.431463  -0.000398 -0.026266 0.112585
35  1.350414 0.000000 -0.000002  -0.000000 0.000000 0.906157
36  1.350412 -0.000002 0.000001  0.000000 -0.000000 1.107619
37  4.262825 -0.232720 -1.392188  0.011051 0.077711 0.178816
38  2.110544 0.000001 0.000000  -0.080980 -0.004239 -0.198685
39  0.891927 2.373051 -0.014527  -3.141592 -0.000001 1.413797
40  7.228123 5.709446 3.726569  3.140796 -1.570796 0.000000
41  2.450428 5.076127 0.001325  3.140264 -1.570796 0.000000
42  6.312405 -4.528059 0.001311  3.140791 -1.570796 0.000000
43  2.233304 1.152536 -7.309138  -1.455461 -1.547030 -0.620590
44  -5.952957 -2.602895 0.029162  0.000000 -0.000000 0.000000
time 58
0  1.719766 6.462361 38.163998  0.000000 -0.000000 -1.702098
1  0.133144 -0.191412 0.000004  -0.000032 -1.567059 -1.570772
2  -0.000002 0.000007 4.427394  -0.167875 3.131244 -0.009010
3  18.465946 0.000000 -0.000000  -0.000000 -0.000000 -0.449967
4  14.875443 -0.000000 -0.000000  0.015126 0.014308 0.424904
5  -0.000002 -0.000004 -4.427393  0.105441 3.092085 -0.384698
6  18.465942 0.000001 0.000001  -0.000000 -0.000000 -0.451635
7  14.875441 -0.000000 0.000000  -0.003328 0.002369 0.064461
8  2.255204 -0.007574 0.003909  0.130033 -0.027712 -0.001884
9  9.514233 -0.009358 -0.000000  -0.009342 0.004328 -0.086896
10  11.752199 -0.001493 -0.000001  0.040424 0.029913 0.469146
11  -2.053202 1.019852 2.552071  0.587648 -1.365206 2.089808
12  4.640937 0.000001 -0.000008  -0.002484 1.055666 -0.398179
13  10.828050 0.000005 -0.000000  0.075774 -0.024534 -0.583000
14  9.393324 -0.000018 0.000001  -1.571724 0.031289 0.001687
15  1.442246 0.107456 -1.746178  1.686435 0.539209 0.325885
16  1.063450 -0.000002 -0.000002  -0.000000 -0.000000 0.199056
17  1.376302 0.000001 0.000000  -0.000000 -0.000000 0.199049
18  4.172842 -0.251363 -1.312740  0.008050 0.095731 0.148659
19  1.215376 0.000002 -0.000004  0.000000 0.000000 0.645758
20  1.215374 -0.000001 -0.000001  -0.000000 0.000000 0.645758
21  4.220533 -0.244853 -0.431462  0.001333 0.026242 0.148339
22  1.350418 -0.000003 -0.000004  0.000000 -0.000000 0.863926
23  1.350411 0.000001 -0.000001  0.000000 -0.000000 0.863926
24  -1.896944 0.808921 -2.739570  -0.863580 1.435342 1.818437
25  4.640942 -0.000008 -0.000002  0.831951 -1.149833 -0.860785
26  10.828034 0.000001 0.000014  0.327615 -0.572118 -0.630736
27  9.393339 -0.000011 0.000002  0.752185 -0.361973 0.159218
28  1.442240 0.107454 1.746177  -1.750228 -0.530978 0.413902
29  1.063451 -0.000005 -0.000003  -0.000000 -0.000000 0.239647
30  1.376306 0.000000 0.000002  -0.000000 0.000000 0.347541
31  4.172844 -0.251365 1.312744  -0.005809 -0.095887 0.125297
32  1.215372 0.000001 -0.000004  0.000000 -0.000000 0.520933
33  1.215371 0.000001 0.000006  0.000000 0.000000 0.768460
34  4.220534 -0.244853 0.431462  -0.000722 -0.026254 0.125037
35  1.350414 -0.000002 0.000006  0.000000 0.000000 0.891427
36  1.350412 -0.000003 0.000003  0.000000 -0.000000 1.022603
37  4.262825 -0.232720 -1.392188  0.013077 0.077399 0.204965
38  2.110538 -0.000001 0.000000  -0.053370 -0.006073 -0.183759
39  0.891931 2.373049 -0.014527  -3.141592 -0.000001 1.413797
40  7.228119 5.709445 3.726568  3.140796 -1.570796 0.000000
41  2.450427 5.076128 0.001325  3.140264 -1.570796 0.000000
42  6.312404 -4.528057 0.001311  3.140791 -1.570796 0.000000
43  2.233310 1.152535 -7.309137  -1.291136 -1.548428 -0.694501
44  -5.952957 -2.602895 0.029162  0.000000 -0.000000 0.000000
time 59
0  1.751017 6.542389 38.242783  0.000000 -0.000000 -1.701907
1  0.148768 -0.160161 0.000004  -0.000030 -1.568913 -1.570823
2  -0.000006 0.000008 4.427393  -0.169312 3.130770 -0.004244
3  18.465942 -0.000000 0.000000  -0.000000 -0.000000 -0.433518
4  14.875443 0.000001 0.000001  0.016832 0.015883 0.413606
5  -0.000003 -0.000004 -4.427393  0.105729 3.093903 -0.373842
6  18.465940 -0.000000 0.000001  -0.000000 -0.000000 -0.423805
7  14.875443 -0.000000 -0.000001  -0.002696 0.003793 0.047315
8  2.255209 -0.007574 0.000003  0.126025 -0.022547 -0.001586
9  9.514235 -0.009358 -0.000000  -0.009042 0.003333 -0.091399
10  11.752202 -0.001493 -0.000000  0.020266 0.036936 0.454589
11  -2.084439 0.941718 2.555977  0.639097 -1.380718 2.051514
12  4.640937 0.000002 0.000000  -0.058619 1.095373 -0.423102
13  10.828053 0.000005 0.000004  0.068151 -0.023589 -0.588201
14  9.393324 -0.000016 0.000003  -1.570143 0.033457 0.000456
15  1.442247 0.107450 -1.746179  1.686435 0.539209 0.325885
16  1.063448 -0.000008 -0.000000  0.000000 -0.000000 0.199056
17  1.376303 -0.000003 0.000000  0.000000 -0.000000 0.199049
18  4.172845 -0.251367 -1.312741  0.008050 0.095731 0.148659
19  1.215374 -0.000003 -0.000005  0.000000 0.000000 0.645758
20  1.215375 -0.000001 0.000004  -0.000000 0.000000 0.645758
21  4.220535 -0.244857 -0.431463  0.001333 0.026242 0.148339
22  1.350418 -0.000003 0.000001  -0.000000 -0.000000 0.863926
23  1.350410 0.000005 0.000005  0.000000 0.000000 0.863926
24  -1.893030 0.836260 -2.735665  -0.886074 1.450775 1.808010
25  4.640941 -0.000009 -0.000004  0.840452 -1.150211 -0.866970
26  10.828039 -0.000001 0.000012  0.332442 -0.576028 -0.623210
27  9.393340 -0.000012 0.000002  0.745926 -0.364265 0.158127
28  1.442240 0.107455 1.746177  -1.717316 -0.535865 0.368433
29  1.063450 0.000011 -0.000004  0.000000 -0.000000 0.218627
30  1.376306 0.000001 0.000002  -0.000000 0.000000 0.270656
31  4.172844 -0.251364 1.312744  -0.006972 -0.095815 0.137399
32  1.215372 0.000000 0.000003  0.000000 0.000000 0.585564
33  1.215371 0.000000 0.000000  -0.000000 -0.000000 0.704921
34  4.220531 -0.244853 0.431463  -0.001033 -0.026242 0.137128
35  1.350413 -0.000001 0.000003  0.000000 0.000000 0.877157
36  1.350413 -0.000002 -0.000001  -0.000000 0.000000 0.940401
37  4.262822 -0.232720 -1.392188  0.015030 0.077040 0.230237
38  2.110548 -0.000006 -0.000000  -0.025348 -0.008148 -0.168738
39  0.891917 2.373052 -0.014527  -3.141592 -0.000001 1.413797
40  7.228117 5.709445 3.726568  3.140796 -1.570796 0.000000
41  2.450428 5.076127 0.001325  3.140440 -1.570796 0.000000
42  6.312408 -4.528058 0.001311  3.140791 -1.570796 0.000000
43  2.233307 1.152535 -7.309137  -1.256813 -1.539516 -0.736052
44  -5.952957 -2.602895 0.029162  0.000000 -0.000000 0.000000
time 60
0  1.778362 6.613526 38.321568  0.000000 -0.000000 -1.701715
1  0.164395 -0.125004 0.000008  -1.570808 -1.570451 0.000013
2  -0.000010 0.000008 4.427394  -0.170749 3.130202 0.000903
3  18.465948 -0.000000 0.000000  -0.000000 -0.000000 -0.416557
4  14.875443 0.000002 -0.000000  0.018467 0.017437 0.402071
5  -0.000006 -0.000004 -4.427392  0.106016 3.095625 -0.362237
6  18.465939 0.000003 0.000000  0.000000 0.000000 -0.394334
7  14.875440 0.000000 -0.000000  -0.002065 0.005218 0.029344
8  2.255206 -0.007574 0.000003  0.122101 -0.017401 -0.001322
9  9.514223 -0.009358 -0.000000  -0.008779 0.002352 -0.095902
10  11.752200 -0.001493 -0.000000  0.000024 0.043599 0.440031
11  -2.111783 0.863594 2.563791  0.697216 -1.395374 2.006326
12  4.640937 0.000001 -0.000002  -0.083521 1.111912 -0.434885
13  10.828050 0.000006 0.000004  0.064954 -0.023192 -0.590382
14  9.393329 -0.000011 -0.000001  -1.569611 0.034195 0.000037
15  1.442246 0.107455 -1.746183  1.686435 0.539209 0.325885
16  1.063449 -0.000007 -0.000002  -0.000000 -0.000000 0.199056
17  1.376307 -0.000001 0.000000  -0.000000 0.000000 0.199049
18  4.172844 -0.251362 -1.312742  0.008050 0.095731 0.148659
19  1.215378 0.000001 -0.000003  0.000000 0.000000 0.645758
20  1.215377 -0.000000 0.000001  0.000000 0.000000 0.645758
21  4.220536 -0.244851 -0.431462  0.001333 0.026242 0.148339
22  1.350417 -0.000002 -0.000000  -0.000000 -0.000000 0.863926
23  1.350405 0.000004 -0.000003  0.000000 0.000000 0.863926
24  -1.885221 0.863609 -2.731758  -0.942448 1.461427 1.764337
25  4.640942 -0.000009 -0.000006  0.843344 -1.150338 -0.869073
26  10.828040 0.000001 0.000013  0.334086 -0.577359 -0.620648
27  9.393341 -0.000012 0.000002  0.743796 -0.365046 0.157755
28  1.442240 0.107453 1.746186  -1.686405 -0.539236 0.325898
29  1.063450 0.000003 -0.000002  -0.000000 -0.000000 0.199056
30  1.376306 0.000002 0.000001  -0.000000 -0.000000 0.199059
31  4.172848 -0.251365 1.312742  -0.008050 -0.095731 0.148659
32  1.215371 0.000001 -0.000002  0.000000 0.000000 0.645746
33  1.215373 -0.000000 -0.000008  0.000000 -0.000000 0.645746
34  4.220536 -0.244854 0.431463  -0.001333 -0.026242 0.148339
35  1.350412 -0.000002 0.000006  0.000000 -0.000000 0.863937
36  1.350411 -0.000002 0.000002  -0.000000 0.000000 0.863925
37  4.262824 -0.232721 -1.392182  0.016840 0.076668 0.253759
38  2.110546 -0.000004 0.000000  0.002417 -0.010493 -0.153718
39  0.891926 2.373052 -0.014527  -3.141592 -0.000001 1.413797
40  7.228123 5.709444 3.726567  3.140796 -1.570796 0.000000
41  2.450423 5.076127 0.001325  3.140791 -1.570796 0.000000
42  6.312396 -4.528058 0.001311  3.140791 -1.570796 0.000000
43  2.233302 1.152536 -7.309137  -1.385283 -1.554282 -0.631026
44  -5.952957 -2.602895 0.029162  0.000000 -0.000000 0.000000
end
